1 -0.8717 0.2949
2 -1.0919 0.2513
7 -0.9093 0.2871
13 -1.6357 0.1631
20 -1.7765 0.1447
25 -1.8231 0.1391
34 -2.7918 0.0578
62 -1.4526 0.1896
63 -1.7514 0.1479
69 -1.6201 0.1652
90 -1.0885 0.2519
96 -1.0874 0.2521
114 -3.492 0.0295
115 -3.4585 0.0305
117 -1.5295 0.1781
122 -2.7112 0.0623
124 -2.84 0.0552
130 -1.076 0.2543
142 -2.1322 0.106
210 -2.3879 0.0841
218 -3.3784 0.033
226 -3.8918 0.02
231 -2.8419 0.0551
234 -3.4757 0.03
292 -3.8918 0.02
360 -0.931 0.2827
361 -0.9293 0.2831
363 -3.8918 0.02
370 -3.8918 0.02
384 -3.8918 0.02
436 -3.8918 0.02
469 -2.121 0.1071
491 -2.9444 0.05
499 -3.8918 0.02
572 -3.8918 0.02
583 -1.6903 0.1557
593 -1.6909 0.1557
616 -1.578 0.1711
618 -1.3915 0.1992
623 -3.8918 0.02
656 -1.7611 0.1467
669 -3.4733 0.0301
738 -2.6284 0.0673
805 -2.4837 0.077
809 -1.8509 0.1358
811 -1.9556 0.1239
825 -1.2638 0.2203
850 -1.5994 0.1681
851 -1.6271 0.1642
875 -3.825 0.0214
886 -2.9033 0.052
897 -2.1978 0.0999
921 -2.9444 0.05
934 -1.6801 0.1571
935 -3.5164 0.0288
940 -1.0662 0.2561
941 -2.0556 0.1135
943 -1.8232 0.139
962 -3.8918 0.02
967 -1.0506 0.2591
968 -1.0506 0.2591
970 -1.9453 0.1251
972 -1.5615 0.1734
974 -1.5374 0.1769
978 -2.9386 0.0503
1093 -3.8918 0.02
1152 -1.0837 0.2528
1153 -1.161 0.2385
1190 -3.8918 0.02
1210 -1.5065 0.1815
1212 -3.2029 0.0391
1233 -3.0635 0.0446
1235 -3.558 0.0277
1239 -3.8918 0.02
1287 -1.0252 0.264
1293 -3.8918 0.02
1296 -3.8918 0.02
1302 -2.6234 0.0676
1370 -1.9347 0.1262
1386 -3.8918 0.02
1449 -3.8918 0.02
1451 -3.8918 0.02
1520 -3.4704 0.0302
1633 -1.5586 0.1739
1635 -1.4776 0.1858
1637 -1.5304 0.1779
1641 -1.1504 0.2404
1644 -1.2717 0.219
1654 -1.0977 0.2502
1696 -2.1191 0.1072
1707 -1.4758 0.1861
1708 -1.5833 0.1703
1713 -1.6226 0.1648
1734 -3.8918 0.02
1789 -3.8918 0.02
1798 -3.7496 0.023
1800 -3.8918 0.02
1803 -1.7048 0.1538
1828 -3.5455 0.028
1875 -2.6143 0.0682
1876 -2.3521 0.0869
1892 -0.8919 0.2907
1893 -0.8459 0.3003
1894 -0.8402 0.3015
1895 -0.9431 0.2803
1904 -1.0377 0.2616
1924 -3.3712 0.0332
1928 -3.6345 0.0257
1936 -3.8918 0.02
1955 -3.8918 0.02
1971 -3.8918 0.02
2008 -3.3519 0.0338
2091 -3.8918 0.02
2107 -3.8918 0.02
2303 -0.9758 0.2737
2315 -3.8918 0.02
2332 -1.3235 0.2102
2376 -3.8918 0.02
2396 -0.8397 0.3016
2397 -0.5312 0.3702
2398 -0.3548 0.4122
2399 -0.4048 0.4002
2400 -0.4988 0.3778
2411 -1.6456 0.1617
2433 -2.044 0.1147
2483 -2.5678 0.0712
2487 -1.0986 0.25
2495 -1.907 0.1293
2498 -1.4096 0.1963
2500 -1.5368 0.177
2506 -2.0045 0.1187
2518 -1.7511 0.1479
2533 -1.6457 0.1617
2538 -0.9698 0.2749
2539 -0.88 0.2932
2540 -0.8607 0.2972
2558 -1.7531 0.1477
2685 -3.1404 0.0415
2687 -1.0091 0.2672
2688 -0.8668 0.2959
2689 -0.6433 0.3445
2690 -0.616 0.3507
2691 -0.5852 0.3577
2821 -3.221 0.0384
2827 -3.3253 0.0347
2835 -1.53 0.178
2885 -2.3796 0.0847
2897 -3.0492 0.0453
2902 -2.3553 0.0866
2990 -3.8918 0.02
3011 -3.8918 0.02
3035 -3.4534 0.0307
3036 -0.9836 0.2722
3037 -1.3891 0.1996
3038 -2.7321 0.0611
3098 -1.7464 0.1485
3110 -3.3975 0.0324
3197 -1.8471 0.1362
3322 -3.8918 0.02
3325 -1.7227 0.1515
3332 -3.8918 0.02
3398 -3.8918 0.02
3401 -3.8918 0.02
3433 -3.8918 0.02
3448 -1.0174 0.2655
3449 -0.9548 0.2779
3450 -0.2007 0.45
3451 -0.2007 0.45
3452 -0.2007 0.45
3466 -1.0986 0.25
3468 -1.8822 0.1321
3472 -2.5482 0.0725
3484 -2.8817 0.0531
3516 -3.3325 0.0345
3547 -0.319 0.4209
3603 -3.6035 0.0265
3614 -2.6571 0.0656
3616 -2.9981 0.0475
3622 -2.0371 0.1154
3628 -0.4909 0.3797
3644 -1.4239 0.1941
3651 -1.9808 0.1212
3653 -2.6137 0.0683
3679 -1.5892 0.1695
3686 -1.4595 0.1886
3698 -2.8046 0.0571
3709 -3.4006 0.0323
3717 -3.0732 0.0442
3725 -1.5482 0.1753
3736 -3.8918 0.02
3749 -2.0861 0.1105
3763 -3.041 0.0456
3779 -1.8946 0.1307
3794 -1.0817 0.2532
3800 -1.7962 0.1423
3842 -2.9444 0.05
3843 -1.7155 0.1525
3868 -1.6328 0.1635
3883 -3.8918 0.02
3918 -2.293 0.0917
3979 -3.8918 0.02
3996 -3.8918 0.02
3998 -3.8918 0.02
4027 -3.8918 0.02
4186 -3.1987 0.0392
4195 -1.9084 0.1292
4196 -1.0652 0.2563
4212 -3.8918 0.02
4429 -3.8918 0.02
4486 -2.4771 0.0775
4490 -2.6234 0.0676
4493 -2.0409 0.115
4511 -1.427 0.1936
4512 -1.4335 0.1926
4705 -2.8264 0.0559
4724 -0.2727 0.4322
4760 -2.4603 0.0787
4856 -2.0804 0.111
4892 -1.9343 0.1263
5048 -3.8888 0.0201
5133 -2.9773 0.0485
5177 -2.5319 0.0737
5217 -3.8918 0.02
5236 -3.8918 0.02
5399 -1.0678 0.2558
5400 -0.9859 0.2717
5401 -1.0744 0.2546
5446 -3.8918 0.02
5490 -3.8918 0.02
5566 -3.8918 0.02
5629 -0.9588 0.2771
5630 -0.9636 0.2762
5636 -1.1567 0.2393
5694 -2.4397 0.0802
5957 -3.6823 0.0245
5998 -2.4116 0.0823
6329 -3.8918 0.02
6351 -3.8918 0.02
6357 -2.2466 0.0956
6372 -1.7145 0.1526
6408 -3.8918 0.02
6440 -3.0249 0.0463
6513 -2.496 0.0761
6523 -3.8918 0.02
6591 -3.8918 0.02
6595 -0.4478 0.3899
6597 -0.5148 0.3741
6652 -3.8918 0.02
6668 -1.0286 0.2633
6683 -1.5959 0.1686
6716 -3.8918 0.02
6717 -2.2897 0.092
6722 -1.0184 0.2653
6723 -0.9601 0.2769
6724 -0.9132 0.2864
6725 -0.9019 0.2887
6726 -0.8934 0.2904
6729 -0.9921 0.2705
6732 -0.8981 0.2894
6733 -3.8918 0.02
6761 -3.8918 0.02
6801 -0.5026 0.3769
6802 -0.3405 0.4157
6803 -1.024 0.2643
6875 -0.5833 0.3582
6876 -0.6751 0.3374
6899 -0.9801 0.2729
6900 -0.7245 0.3264
6901 -2.9444 0.05
6903 -0.7688 0.3167
6904 -0.6679 0.339
6905 -0.8229 0.3052
6906 -0.9448 0.2799
6909 -1.4955 0.1831
6957 -2.0652 0.1125
6959 -2.0028 0.1189
6976 -3.2442 0.0375
7078 -3.8918 0.02
7079 -3.8918 0.02
7127 -3.7265 0.0235
7160 -1.6738 0.1579
7182 -1.0611 0.2571
7183 -1.012 0.2666
7184 -1.007 0.2676
7185 -0.9813 0.2726
7186 -0.9587 0.2771
7187 -0.9772 0.2735
7188 -1.0113 0.2667
7208 -2.7341 0.061
7239 -1.7538 0.1476
7550 -3.8918 0.02
8004 -3.8918 0.02
8745 -3.8918 0.02
8917 -0.7972 0.3106
8918 -0.7713 0.3162
8919 -0.6641 0.3398
8920 -0.6585 0.3411
8921 -0.5841 0.358
8978 -2.0637 0.1127
9078 -1.6078 0.1669
9138 -0.9364 0.2816
9139 -0.9444 0.28
9140 -1.0002 0.2689
9142 -3.8795 0.0202
9173 -3.8918 0.02
9187 -2.0069 0.1185
9190 -2.1805 0.1015
9253 -0.8487 0.2997
9254 -0.8459 0.3003
9255 -1.0582 0.2577
9256 -0.9584 0.2772
9258 -1.1388 0.2425
9260 -0.9549 0.2779
9297 -3.8918 0.02
9301 -1.061 0.2571
9302 -1.013 0.2664
9332 -3.8918 0.02
9422 -3.2119 0.0387
9434 -3.8918 0.02
9448 -3.8918 0.02
9482 -3.1202 0.0423
9500 -3.8918 0.02
9504 -1.6863 0.1563
9563 -0.5339 0.3696
9564 -0.4458 0.3904
9576 -1.5891 0.1695
9610 -1.0876 0.2521
9611 -1.0813 0.2533
9648 -1.9108 0.1289
9657 -1.5994 0.1681
9818 -2.8333 0.0556
9856 -1.3491 0.206
9860 -1.9716 0.1222
9916 -3.8225 0.0214
9963 -3.8918 0.02
9965 -3.8918 0.02
10016 -2.1248 0.1067
10017 -2.0241 0.1167
10116 -3.8918 0.02
10119 -3.8918 0.02
10141 -3.3487 0.0339
10143 -0.7398 0.323
10144 -0.6003 0.3543
10145 -0.6605 0.3406
10146 -0.6958 0.3327
10147 -0.8625 0.2968
10148 -0.9784 0.2732
10149 -0.9916 0.2706
10282 -3.3677 0.0333
10293 -3.8918 0.02
10404 -3.8918 0.02
10424 -3.8918 0.02
10434 -1.6181 0.1655
10450 -2.1733 0.1022
10479 -2.2471 0.0956
10505 -3.2658 0.0368
10529 -3.6911 0.0243
10535 -3.1911 0.0395
10559 -1.6984 0.1547
10569 -1.536 0.1771
10771 -2.0572 0.1133
10867 -3.8918 0.02
10906 -1.207 0.2302
10908 -1.6497 0.1611
10974 -3.1919 0.0395
11014 -0.2007 0.45
11015 -0.2007 0.45
11016 -0.4431 0.391
11017 -0.712 0.3292
11018 -0.6995 0.3319
11019 -1.306 0.2132
11036 -3.5836 0.027
11041 -3.8918 0.02
11085 -2.8007 0.0573
11418 -3.8918 0.02
11448 -1.5113 0.1808
11461 -0.931 0.2827
11481 -2.3456 0.0874
11497 -2.4487 0.0795
11501 -1.0019 0.2686
11502 -0.9664 0.2756
11503 -0.9583 0.2772
11509 -0.8655 0.2962
11510 -0.8793 0.2933
11619 -0.9571 0.2775
11620 -1.0107 0.2668
11712 -1.4187 0.1949
11835 -3.8918 0.02
11852 -1.0979 0.2501
11929 -3.5296 0.0285
12128 -3.8918 0.02
12172 -2.0309 0.116
12310 -2.5866 0.07
12372 -0.9473 0.2794
12408 -0.8985 0.2894
12409 -0.8926 0.2906
12416 -3.1203 0.0423
12457 -3.8918 0.02
12478 -3.8918 0.02
12506 -3.8918 0.02
12526 -3.1307 0.0419
12534 -0.9813 0.2726
12540 -0.9716 0.2746
12541 -0.9698 0.2749
12698 -0.947 0.2795
12722 -0.981 0.2727
12723 -1.0245 0.2642
12770 -2.5987 0.0692
12792 -2.4315 0.0808
12819 -3.8918 0.02
12937 -3.8918 0.02
13068 -1.0487 0.2595
13132 -1.0986 0.25
13133 -1.0986 0.25
13164 -3.0249 0.0463
13165 -3.8398 0.021
13230 -1.0093 0.2671
13235 -0.9802 0.2728
13245 -3.8918 0.02
13249 -3.8918 0.02
13255 -2.9444 0.05
13263 -1.3729 0.2022
13382 -1.5977 0.1683
13430 -3.6104 0.0263
13453 -3.8918 0.02
13544 -1.0857 0.2524
13545 -1.061 0.2571
13619 -1.0051 0.2679
13620 -1.0108 0.2668
13621 -1.0142 0.2662
13625 -1.0723 0.255
13626 -1.0284 0.2634
13627 -1.0258 0.2639
13628 -1.019 0.2652
13668 -3.8918 0.02
13670 -3.0372 0.0458
13694 -1.4776 0.1858
13702 -3.0506 0.0452
13718 -2.8618 0.0541
13734 -1.4389 0.1917
13745 -1.4158 0.1953
13746 -1.585 0.1701
13749 -1.0067 0.2676
13750 -1.0014 0.2687
13751 -2.7662 0.0592
13756 -2.2757 0.0932
13762 -2.4526 0.0793
13768 -3.8918 0.02
13778 -2.051 0.114
13780 -1.7742 0.145
13783 -2.3524 0.0869
13813 -2.0573 0.1133
13819 -3.0316 0.046
13832 -2.6109 0.0684
13862 -1.3184 0.2111
13863 -1.3534 0.2053
13891 -2.3516 0.0869
13925 -1.1423 0.2419
13936 -0.8097 0.308
13937 -1.0616 0.257
13938 -0.7272 0.3258
13939 -0.7399 0.323
13940 -0.7232 0.3267
13941 -0.7272 0.3258
13942 -1.0981 0.2501
13949 -1.0611 0.2571
13950 -0.9576 0.2774
13955 -1.4729 0.1865
13967 -1.1847 0.2342
13995 -1.3379 0.2079
14014 -1.4529 0.1896
14017 -3.8918 0.02
14045 -2.5137 0.0749
14057 -2.2993 0.0912
14072 -0.9752 0.2738
14073 -1.0477 0.2597
14074 -0.9252 0.2839
14075 -0.9252 0.2839
14076 -0.7161 0.3282
14077 -0.7159 0.3283
14078 -0.7161 0.3283
14079 -0.7161 0.3282
14100 -3.8918 0.02
14147 -1.2334 0.2256
14154 -3.039 0.0457
14185 -2.6494 0.066
14202 -1.5333 0.1775
14217 -2.7956 0.0576
14275 -2.3634 0.086
14281 -2.4678 0.0781
14293 -2.4716 0.0779
14301 -2.4141 0.0821
14304 -2.338 0.088
14308 -2.3559 0.0866
14310 -2.5184 0.0746
14330 -3.1033 0.043
14344 -3.0558 0.045
14350 -0.7217 0.327
14351 -0.7232 0.3267
14352 -0.7518 0.3204
14353 -0.7217 0.327
14354 -0.7943 0.3112
14355 -0.7518 0.3204
14356 -0.8065 0.3086
14357 -0.8047 0.309
14358 -2.7116 0.0623
14364 -2.3344 0.0883
14385 -3.8918 0.02
14397 -3.8918 0.02
14433 -3.8918 0.02
14445 -1.0827 0.253
14446 -1.3883 0.1997
14451 -1.4346 0.1924
14457 -0.8195 0.3059
14458 -0.8627 0.2968
14460 -2.0824 0.1108
14462 -2.4059 0.0827
14465 -0.8178 0.3062
14466 -0.7831 0.3137
14467 -0.7641 0.3178
14468 -0.7536 0.32
14469 -0.7394 0.3231
14470 -0.7441 0.3221
14471 -0.7446 0.322
14472 -0.7496 0.3209
14473 -0.8482 0.2998
14476 -3.3967 0.0324
14499 -2.573 0.0709
14512 -1.0435 0.2605
14513 -1.0435 0.2605
14514 -0.9882 0.2713
14515 -1.0157 0.2659
14516 -0.9665 0.2756
14517 -0.9882 0.2713
14518 -0.9788 0.2731
14519 -0.9655 0.2758
14520 -1.0034 0.2683
14521 -0.9944 0.2701
14523 -1.0472 0.2598
14530 -1.5899 0.1694
14531 -1.0256 0.2639
14532 -1.0386 0.2614
14533 -1.0613 0.2571
14534 -1.0256 0.2639
14535 -1.2711 0.2191
14536 -1.0613 0.2571
14537 -1.3687 0.2028
14545 -2.3079 0.0905
14569 -1.7902 0.143
14581 -3.0575 0.0449
14601 -3.2262 0.0382
14625 -1.7664 0.146
14635 -1.5191 0.1796
14637 -0.7728 0.3159
14638 -0.8387 0.3018
14639 -0.9031 0.2884
14640 -0.937 0.2815
14675 -2.2116 0.0987
14817 -2.2566 0.0948
14925 -3.8918 0.02
14941 -3.8918 0.02
14990 -2.5178 0.0746
15020 -1.5644 0.173
15038 -1.0933 0.251
15040 -1.0852 0.2525
15041 -1.0933 0.251
15042 -1.0797 0.2536
15043 -1.0852 0.2525
15044 -1.0982 0.2501
15045 -1.0982 0.2501
15076 -1.495 0.1832
15105 -1.3623 0.2039
15122 -2.8526 0.0545
15142 -2.998 0.0475
15156 -2.9237 0.051
15193 -1.3718 0.2023
15197 -1.4005 0.1977
15199 -1.0202 0.265
15200 -1.0251 0.264
15212 -2.7821 0.0583
15227 -1.7359 0.1498
15271 -1.2088 0.2299
15276 -2.0318 0.1159
15281 -2.147 0.1046
15283 -2.1394 0.1053
15289 -2.0033 0.1189
15337 -1.985 0.1208
15356 -2.2197 0.098
15424 -1.8032 0.1415
15470 -3.6967 0.0242
15498 -2.0804 0.111
15514 -1.4335 0.1925
15528 -2.2964 0.0914
15530 -1.9949 0.1197
15580 -2.7011 0.0629
15594 -2.8033 0.0571
15610 -2.4627 0.0785
15620 -2.1622 0.1032
15660 -1.0199 0.2651
15661 -0.8627 0.2968
15662 -0.8473 0.3
15673 -3.8918 0.02
15693 -0.6441 0.3443
15704 -2.836 0.0554
15705 -2.7986 0.0574
15726 -2.5883 0.0699
15735 -1.9853 0.1208
15749 -1.5204 0.1794
15780 -0.62 0.3498
15787 -2.8118 0.0567
15813 -1.0947 0.2507
15815 -0.7762 0.3151
15816 -0.8237 0.305
15933 -2.9069 0.0518
15941 -2.9463 0.0499
15985 -2.656 0.0656
16012 -1.5012 0.1822
16060 -3.4741 0.0301
16081 -3.7775 0.0224
16091 -3.8918 0.02
16141 -1.6807 0.157
16181 -3.8918 0.02
16235 -3.3734 0.0331
16375 -3.8918 0.02
16423 -3.4816 0.0298
16443 -3.2811 0.0362
16527 -3.8918 0.02
16659 -2.2695 0.0937
16751 -3.8918 0.02
16843 -1.4137 0.1957
16859 -1.2501 0.2227
16917 -3.25 0.0373
16939 -3.4302 0.0314
16945 -3.6292 0.0259
16990 -2.3757 0.085
17001 -0.8852 0.2921
17002 -0.8852 0.2921
17003 -0.8864 0.2919
17004 -0.8862 0.2919
17005 -0.887 0.2917
17006 -0.887 0.2917
17007 -0.8935 0.2904
17008 -0.8874 0.2916
17009 -0.9127 0.2864
17010 -0.8935 0.2904
17011 -0.9425 0.2804
17012 -0.9127 0.2864
17013 -0.9678 0.2753
17014 -0.9425 0.2804
17015 -0.9886 0.2712
17016 -0.9678 0.2753
17017 -1.0313 0.2628
17018 -1.0313 0.2628
17019 -1.0624 0.2568
17020 -1.0355 0.262
17021 -1.0763 0.2542
17022 -1.0624 0.2568
17024 -1.0763 0.2542
17070 -2.9444 0.05
17076 -2.5199 0.0745
17084 -2.5754 0.0707
17146 -1.6555 0.1604
17164 -2.2768 0.0931
17170 -1.0963 0.2504
17172 -1.0626 0.2568
17173 -1.0702 0.2554
17174 -1.0414 0.2609
17175 -1.0414 0.2609
17176 -0.9074 0.2875
17177 -0.9074 0.2875
17178 -0.8747 0.2943
17179 -0.8747 0.2943
17180 -0.8778 0.2936
17181 -0.8731 0.2946
17182 -0.8876 0.2916
17183 -0.8778 0.2936
17184 -0.8903 0.291
17185 -0.8876 0.2916
17186 -0.9002 0.289
17187 -0.8903 0.291
17188 -0.9261 0.2837
17189 -0.9158 0.2858
17190 -0.9383 0.2812
17191 -0.9288 0.2832
17192 -0.9413 0.2806
17193 -0.9383 0.2812
17204 -1.2978 0.2145
17383 -1.2823 0.2172
17401 -1.5495 0.1752
17417 -1.6055 0.1672
17433 -1.4605 0.1884
17435 -1.6472 0.1615
17489 -2.1245 0.1067
17502 -1.5443 0.1759
17506 -1.6663 0.1589
17510 -2.9413 0.0501
17511 -2.7011 0.0629
17516 -2.9653 0.049
17530 -1.2796 0.2176
17532 -1.3963 0.1984
17560 -1.5591 0.1738
17578 -2.9691 0.0488
17584 -2.9465 0.0499
17616 -1.7544 0.1475
17634 -2.7731 0.0588
17642 -3.0128 0.0468
17662 -3.135 0.0417
17668 -3.3205 0.0349
17678 -3.47 0.0302
17702 -0.9769 0.2735
17703 -0.9743 0.274
17704 -0.9775 0.2734
17705 -0.9775 0.2734
17706 -0.9837 0.2722
17707 -0.9797 0.273
17708 -0.9878 0.2714
17709 -0.9878 0.2714
17710 -1.0541 0.2584
17711 -0.9978 0.2694
17712 -1.0843 0.2527
17713 -1.0541 0.2584
17715 -1.0843 0.2527
17748 -3.8918 0.02
17792 -3.0687 0.0444
17842 -3.0291 0.0461
17858 -3.132 0.0418
17864 -2.7856 0.0581
17865 -1.7142 0.1526
17923 -1.1906 0.2332
18187 -3.8918 0.02
18269 -2.9636 0.0491
18295 -2.9643 0.0491
18341 -2.9907 0.0478
18397 -3.0827 0.0438
18419 -2.2873 0.0922
18462 -2.1447 0.1048
18470 -2.1984 0.0999
18512 -3.1665 0.0404
18618 -1.8416 0.1369
18770 -2.9444 0.05
18872 -1.6518 0.1609
19584 -3.8918 0.02
19586 -3.8918 0.02
19662 -1.0836 0.2528
19664 -1.0692 0.2556
19665 -1.0836 0.2528
19666 -1.0511 0.259
19667 -1.0692 0.2556
19668 -1.0133 0.2663
19669 -1.0511 0.259
19670 -1.0006 0.2688
19671 -1.0133 0.2663
19700 -1.2124 0.2293
19742 -2.5234 0.0742
19762 -1.4632 0.188
19768 -1.3064 0.2131
19836 -1.1237 0.2453
19987 -0.9032 0.2884
19988 -0.8963 0.2898
19989 -0.8718 0.2949
19990 -0.914 0.2862
20000 -0.8712 0.295
20001 -0.8413 0.3013
20002 -0.8754 0.2941
20003 -0.8712 0.295
20004 -0.8942 0.2902
20005 -0.8942 0.2902
20006 -0.913 0.2864
20007 -0.93 0.2829
20008 -1.0168 0.2656
20009 -0.9647 0.2759
20010 -1.0315 0.2628
20011 -1.0168 0.2656
20013 -1.0315 0.2628
20055 -1.6563 0.1603
20077 -1.4292 0.1932
20091 -3.7435 0.0231
20135 -3.7453 0.0231
20391 -3.7752 0.0224
20466 -1.8979 0.1303
20472 -1.4596 0.1885
20496 -1.8972 0.1304
20518 -1.5585 0.1739
20526 -2.9444 0.05
20544 -2.6538 0.0658
20586 -1.349 0.206
20600 -1.0896 0.2517
20602 -1.0759 0.2543
20603 -1.0896 0.2517
20604 -1.0212 0.2648
20605 -1.0759 0.2543
20606 -0.9854 0.2718
20607 -1.0212 0.2648
20608 -0.9763 0.2736
20609 -0.9854 0.2718
20610 -0.9535 0.2782
20611 -0.9763 0.2736
20612 -0.9367 0.2816
20613 -0.9535 0.2782
20614 -0.7686 0.3168
20615 -0.6743 0.3375
20616 -0.8493 0.2996
20617 -0.8493 0.2996
20618 -0.9584 0.2772
20619 -0.9584 0.2772
20620 -0.9367 0.2816
20621 -0.9708 0.2747
20656 -1.2411 0.2243
20666 -2.3773 0.0849
20694 -2.4073 0.0826
20718 -3.28 0.0363
20768 -1.8633 0.1343
20784 -1.5125 0.1806
20798 -1.3577 0.2046
20804 -1.8302 0.1382
20821 -2.0187 0.1173
20829 -2.258 0.0947
20837 -1.4937 0.1834
21048 -2.5019 0.0757
21058 -2.8827 0.053
21078 -2.8195 0.0563
21088 -1.0253 0.264
21089 -1.0239 0.2643
21090 -1.0189 0.2652
21091 -1.0189 0.2652
21092 -1.0886 0.2519
21093 -1.076 0.2543
21096 -1.0735 0.2547
21097 -1.0735 0.2547
21098 -1.0249 0.2641
21099 -1.0249 0.2641
21100 -0.9828 0.2723
21101 -0.9828 0.2723
21102 -0.9077 0.2875
21103 -0.9103 0.2869
21107 -0.9887 0.2712
21116 -1.3524 0.2055
21228 -2.0382 0.1152
21248 -1.5352 0.1772
21382 -3.8918 0.02
21630 -3.8918 0.02
21846 -0.8558 0.2982
21847 -0.7474 0.3214
21848 -0.7991 0.3102
21964 -3.8918 0.02
22002 -3.4574 0.0305
22017 -1.74 0.1493
22024 -1.9539 0.1241
22045 -2.5917 0.0697
22063 -1.6509 0.161
22070 -2.5715 0.071
22083 -1.5796 0.1709
22107 -1.583 0.1704
22111 -2.4853 0.0769
22113 -2.5421 0.073
22136 -2.9501 0.0497
22144 -1.0192 0.2652
22145 -0.9026 0.2885
22152 -3.8265 0.0213
22182 -3.3063 0.0354
22348 -1.4139 0.1956
22358 -1.6353 0.1631
22416 -3.8918 0.02
22502 -1.2488 0.2229
22588 -1.2693 0.2194
22592 -1.0001 0.2689
22593 -1.0275 0.2636
22594 -0.8846 0.2922
22595 -0.9627 0.2763
22596 -0.8339 0.3028
22597 -0.8339 0.3028
22598 -0.6142 0.3511
22599 -0.6142 0.3511
22600 -0.4895 0.38
22601 -0.4999 0.3776
22602 -0.4811 0.382
22603 -0.4895 0.38
22604 -0.4698 0.3847
22605 -0.4713 0.3843
22606 -0.4523 0.3888
22607 -0.4651 0.3858
22608 -0.4516 0.389
22609 -0.4523 0.3888
22610 -0.4508 0.3892
22611 -0.4516 0.389
22612 -0.4517 0.389
22613 -0.4508 0.3892
22614 -0.4584 0.3874
22615 -0.4517 0.389
22628 -3.0958 0.0433
22634 -3.0602 0.0448
22658 -2.6254 0.0675
22746 -2.5808 0.0704
22749 -3.1568 0.0408
22769 -2.6616 0.0653
22771 -2.588 0.0699
22773 -1.5397 0.1766
22777 -0.9542 0.278
22778 -0.9687 0.2751
22785 -1.344 0.2069
22795 -2.0678 0.1123
22850 -2.1987 0.0999
22864 -1.2607 0.2209
22868 -2.1822 0.1014
22870 -2.1999 0.0998
22874 -2.346 0.0874
23041 -0.2007 0.45
23042 -0.2007 0.45
23043 -0.2007 0.45
23044 -0.2007 0.45
23045 -0.2007 0.45
23046 -0.2007 0.45
23047 -0.2007 0.45
23048 -0.2007 0.45
23049 -0.2007 0.45
23050 -0.2007 0.45
23051 -0.2007 0.45
23078 -3.8918 0.02
23422 -0.9913 0.2707
23423 -1.014 0.2662
23424 -0.9486 0.2792
23425 -0.9486 0.2792
23426 -0.9765 0.2736
23427 -0.9558 0.2777
23428 -0.9992 0.2691
23429 -0.9765 0.2736
23430 -1.0255 0.264
23431 -0.9992 0.2691
23432 -1.0629 0.2568
23433 -1.0255 0.264
23434 -1.0711 0.2552
23435 -1.0629 0.2568
23454 -1.0284 0.2634
23456 -0.9821 0.2725
23457 -1.0284 0.2634
23458 -0.9294 0.283
23459 -0.9294 0.283
23460 -0.8552 0.2983
23461 -0.8677 0.2957
23462 -0.8477 0.2999
23463 -0.8477 0.2999
23535 -2.9481 0.0498
23557 -1.9391 0.1258
23562 -0.9479 0.2793
23563 -1.0117 0.2667
23564 -0.9843 0.272
23565 -0.9449 0.2799
23566 -0.9313 0.2827
23581 -3.8918 0.02
23583 -0.8667 0.2959
23584 -0.8667 0.2959
23585 -0.9109 0.2868
23586 -0.8518 0.2991
23587 -0.9926 0.2704
23588 -0.9109 0.2868
23589 -1.0914 0.2514
23590 -0.9926 0.2704
23621 -3.8918 0.02
23739 -3.8918 0.02
23819 -3.8918 0.02
23885 -3.8918 0.02
23933 -3.8918 0.02
23945 -2.5502 0.0724
23979 -2.6783 0.0643
24073 -2.5515 0.0723
24087 -2.9519 0.0496
24119 -3.7574 0.0228
24247 -2.5516 0.0723
24321 -3.4535 0.0307
24335 -1.1797 0.2351
24347 -2.5559 0.072
24381 -1.628 0.1641
24437 -2.5824 0.0703
24457 -1.0132 0.2663
24458 -1.0521 0.2588
24460 -1.0911 0.2514
24473 -1.5496 0.1752
24487 -2.2742 0.0933
24495 -3.6368 0.0257
24577 -3.8918 0.02
24579 -3.584 0.027
24591 -2.9444 0.05
24617 -3.8918 0.02
24713 -3.3009 0.0355
24721 -3.278 0.0363
24737 -2.3247 0.0891
24765 -2.3376 0.0881
24875 -3.8918 0.02
25271 -3.8918 0.02
25652 -2.5799 0.0704
25681 -2.6821 0.064
25685 -2.9301 0.0507
25738 -2.535 0.0734
25752 -2.3977 0.0833
25764 -2.7535 0.0599
25901 -2.2203 0.0979
25916 -1.3576 0.2046
25968 -1.7764 0.1447
26031 -3.5907 0.0268
26188 -3.8918 0.02
26206 -3.8918 0.02
26214 -3.8918 0.02
26390 -2.6901 0.0636
26599 -1.5347 0.1773
26613 -0.9954 0.2699
26614 -0.5217 0.3725
26615 -0.8396 0.3016
26616 -2.0208 0.117
26620 -0.8061 0.3087
26631 -0.8908 0.291
26632 -0.8648 0.2963
26637 -0.9558 0.2777
26639 -0.883 0.2926
26640 -0.9558 0.2777
26641 -0.8487 0.2997
26642 -0.883 0.2926
26643 -0.866 0.2961
26644 -0.8588 0.2976
26645 -0.9522 0.2785
26646 -0.895 0.2901
26647 -0.9811 0.2727
26648 -0.9522 0.2785
26649 -0.9982 0.2693
26650 -0.9811 0.2727
26651 -1.0074 0.2675
26652 -0.9982 0.2693
26653 -1.0439 0.2604
26654 -1.0074 0.2675
26813 -3.8918 0.02
27274 -3.8918 0.02
27324 -3.8918 0.02
27414 -3.8918 0.02
27436 -3.8918 0.02
27618 -3.8918 0.02
28010 -3.0439 0.0455
28027 -2.7494 0.0601
28391 -2.5717 0.071
28400 -1.4871 0.1844
28408 -1.9112 0.1288
28432 -2.8579 0.0543
28436 -2.9263 0.0509
28459 -3.1454 0.0413
28919 -1.0729 0.2548
28920 -1.076 0.2543
28921 -1.1453 0.2414
28925 -1.196 0.2322
28927 -1.0849 0.2526
28928 -1.0795 0.2536
28929 -1.0981 0.2501
28930 -1.0849 0.2526
28933 -1.6978 0.1548
28939 -1.1555 0.2395
28951 -3.8918 0.02
28961 -1.3328 0.2087
28964 -3.8918 0.02
28987 -3.8918 0.02
28991 -1.5284 0.1782
29035 -1.0736 0.2547
29036 -0.9826 0.2724
29037 -0.9133 0.2863
29064 -1.8033 0.1415
29074 -1.3953 0.1986
29098 -1.5382 0.1768
29160 -1.9386 0.1258
29222 -3.8918 0.02
29228 -3.0185 0.0466
29232 -2.372 0.0853
29239 -1.6008 0.1679
29240 -1.7067 0.1536
29246 -2.322 0.0893
29250 -0.9691 0.2751
29258 -2.9252 0.0509
29314 -2.5524 0.0723
29316 -2.6397 0.0666
29347 -1.3751 0.2018
29352 -1.3738 0.202
29355 -1.7808 0.1442
29441 -2.764 0.0593
29457 -3.5137 0.0289
29523 -1.0579 0.2577
29525 -0.9737 0.2741
29526 -1.0579 0.2577
29527 -0.847 0.3001
29528 -0.847 0.3001
29529 -0.7608 0.3185
29530 -0.7608 0.3185
29531 -0.6181 0.3502
29532 -0.6561 0.3416
29533 -0.4592 0.3872
29534 -0.5466 0.3667
29535 -0.4584 0.3874
29536 -0.4592 0.3872
29537 -0.921 0.2848
29538 -0.921 0.2848
29539 -0.8632 0.2967
29540 -0.8639 0.2965
29617 -3.4059 0.0321
29619 -3.4011 0.0323
29635 -2.2701 0.0936
29711 -2.6849 0.0639
29727 -2.2877 0.0921
29749 -3.0059 0.0472
29780 -1.3179 0.2112
29850 -1.3578 0.2046
29881 -1.3877 0.1998
29885 -1.0986 0.25
29887 -1.0986 0.25
29888 -1.0986 0.25
29889 -1.0986 0.25
29890 -1.0986 0.25
29907 -2.6684 0.0649
29941 -3.8918 0.02
30027 -3.8918 0.02
30101 -3.488 0.0297
30109 -3.6343 0.0257
30251 -3.8918 0.02
30285 -3.8918 0.02
30289 -3.8918 0.02
30365 -3.8918 0.02
30385 -3.8918 0.02
30639 -3.7835 0.0222
31273 -3.8918 0.02
31731 -0.9707 0.2747
31732 -0.9707 0.2747
31733 -0.9438 0.2801
31734 -0.9438 0.2801
31735 -0.9907 0.2708
31736 -0.9767 0.2735
31737 -1.0161 0.2658
31738 -0.9907 0.2708
31739 -1.0444 0.2603
31740 -1.0404 0.2611
31743 -1.6052 0.1673
31751 -1.7866 0.1435
31761 -1.5354 0.1772
31787 -3.1621 0.0406
31796 -0.9167 0.2856
31797 -1.0131 0.2664
31798 -0.9161 0.2857
31799 -0.9167 0.2856
31800 -0.9135 0.2863
31801 -0.916 0.2858
31802 -0.8606 0.2972
31803 -0.8606 0.2972
31804 -0.8832 0.2925
31805 -0.8832 0.2925
31806 -0.9567 0.2775
31807 -0.9061 0.2878
31808 -0.96 0.2769
31809 -0.9567 0.2775
31810 -1.0265 0.2638
31811 -0.96 0.2769
31874 -1.0475 0.2597
31876 -1.0259 0.2639
31877 -1.0475 0.2597
31878 -1.0121 0.2666
31879 -1.0181 0.2654
31880 -1.0903 0.2516
31881 -1.0265 0.2638
31882 -1.1992 0.2316
31883 -1.0903 0.2516
31888 -2.4846 0.0769
31894 -1.1662 0.2376
31908 -1.0666 0.2561
31910 -1.0486 0.2595
31911 -1.0666 0.2561
31912 -1.079 0.2537
31913 -1.0486 0.2595
31914 -1.0707 0.2553
31915 -1.079 0.2537
31916 -1.1039 0.249
31917 -1.0798 0.2535
31955 -1.0499 0.2593
31956 -1.0094 0.2671
32041 -3.8918 0.02
32096 -2.6397 0.0666
32098 -2.1865 0.101
32178 -2.2831 0.0925
32187 -3.0951 0.0433
32194 -2.9033 0.052
32197 -2.8254 0.056
32198 -3.4082 0.032
32199 -0.9071 0.2876
32200 -0.9305 0.2828
32201 -0.8522 0.299
32202 -0.9071 0.2876
32203 -0.777 0.315
32204 -0.8522 0.299
32205 -0.7407 0.3228
32206 -0.777 0.315
32207 -1.0366 0.2618
32208 -0.9982 0.2693
32231 -1.5088 0.1811
32271 -2.2636 0.0942
32421 -1.4226 0.1943
32497 -0.7303 0.3251
32498 -0.8184 0.3061
32499 -0.6597 0.3408
32500 -0.7303 0.3251
32501 -0.6019 0.3539
32502 -0.6597 0.3408
32503 -0.5565 0.3644
32504 -0.6019 0.3539
32505 -0.4917 0.3795
32506 -0.5565 0.3644
32507 -0.4584 0.3874
32508 -0.4917 0.3795
32581 -1.4007 0.1977
32583 -1.5588 0.1738
32595 -3.5118 0.029
32657 -3.8918 0.02
32791 -3.8918 0.02
32843 -1.678 0.1574
32844 -1.6164 0.1657
32846 -1.4719 0.1867
33006 -3.8918 0.02
33554 -3.8918 0.02
33564 -0.2007 0.45
33565 -0.2007 0.45
33566 -0.2007 0.45
33567 -0.2007 0.45
33568 -0.2007 0.45
33569 -0.2007 0.45
33570 -0.2007 0.45
33571 -0.2007 0.45
33572 -0.2007 0.45
33573 -0.2007 0.45
33574 -0.2007 0.45
33575 -0.2007 0.45
33576 -0.2007 0.45
33577 -0.2007 0.45
33578 -0.2007 0.45
33579 -0.2007 0.45
33580 -0.2007 0.45
33581 -0.2007 0.45
33582 -0.2007 0.45
33583 -0.2007 0.45
33584 -0.2007 0.45
33585 -0.2007 0.45
33586 -0.2007 0.45
33587 -0.2007 0.45
33588 -0.2007 0.45
33589 -0.2007 0.45
33590 -0.2007 0.45
33591 -0.2007 0.45
33592 -0.2007 0.45
33593 -0.2007 0.45
33594 -0.2007 0.45
33595 -0.2007 0.45
33600 -1.6723 0.1581
33700 -1.5092 0.1811
33717 -3.8918 0.02
33873 -3.8918 0.02
33937 -3.8918 0.02
34040 -2.5095 0.0752
34060 -2.402 0.083
34065 -1.6748 0.1578
34134 -1.6214 0.165
34138 -1.8774 0.1327
34151 -1.2748 0.2184
34153 -1.2718 0.2189
34167 -3.5267 0.0286
34175 -1.2966 0.2147
34184 -1.4766 0.1859
34188 -2.0374 0.1153
34269 -1.9645 0.123
34308 -3.8824 0.0202
34413 -3.8918 0.02
34436 -2.4887 0.0767
34472 -1.5729 0.1718
34609 -3.8918 0.02
34729 -3.8918 0.02
34879 -3.8918 0.02
34940 -3.8918 0.02
34954 -1.7189 0.152
35036 -2.9444 0.05
35342 -3.8488 0.0209
35464 -3.8918 0.02
35486 -3.8918 0.02
35501 -1.306 0.2132
35511 -1.3753 0.2018
35555 -1.0166 0.2657
35556 -0.8541 0.2986
35557 -0.8826 0.2926
35558 -0.8513 0.2992
35559 -0.8526 0.2989
35560 -0.8467 0.3001
35561 -0.8513 0.2992
35562 -0.8414 0.3012
35563 -0.8467 0.3001
35564 -0.8344 0.3027
35565 -0.8414 0.3012
35566 -0.8491 0.2996
35567 -0.8344 0.3027
35568 -0.8845 0.2922
35569 -0.8491 0.2996
35570 -1.0759 0.2543
35571 -1.0759 0.2543
35572 -1.3164 0.2114
35649 -0.8756 0.2941
35650 -0.7478 0.3213
35651 -0.944 0.2801
35652 -0.8756 0.2941
35653 -1.0324 0.2626
35654 -1.0324 0.2626
35689 -3.6875 0.0244
35761 -3.8918 0.02
35873 -3.8918 0.02
36014 -2.4251 0.0813
36018 -2.4768 0.0775
36033 -2.3334 0.0884
36159 -3.6901 0.0244
36225 -3.8918 0.02
36232 -3.8918 0.02
36249 -3.2525 0.0372
36287 -3.8918 0.02
36381 -3.2441 0.0375
36729 -1.0774 0.254
36730 -1.0743 0.2546
36731 -1.0741 0.2546
36746 -1.3449 0.2067
36802 -3.8918 0.02
36993 -3.8918 0.02
37055 -1.456 0.1891
37071 -2.3926 0.0837
37083 -2.5211 0.0744
37086 -2.5486 0.0725
37087 -2.5681 0.0712
37093 -1.4266 0.1936
37104 -3.8918 0.02
37134 -3.8918 0.02
37212 -3.8918 0.02
37224 -3.8918 0.02
37234 -3.8918 0.02
37337 -1.0902 0.2516
37342 -1.073 0.2548
37344 -1.4683 0.1872
37348 -1.0777 0.2539
37349 -1.0789 0.2537
37395 -2.2694 0.0937
37503 -3.8918 0.02
37511 -3.8918 0.02
37541 -1.1695 0.2369
37553 -3.0907 0.0435
37576 -3.8918 0.02
37698 -3.8918 0.02
37724 -3.4023 0.0322
37759 -1.8158 0.1399
37809 -1.0896 0.2517
37812 -1.1888 0.2335
37841 -0.9394 0.281
37842 -0.9448 0.2799
37843 -0.974 0.2741
37844 -0.9923 0.2705
37845 -0.9983 0.2693
37846 -0.9641 0.2761
37847 -0.8195 0.3059
37848 -0.9671 0.2755
37849 -0.9707 0.2747
37887 -2.6905 0.0635
37966 -3.8918 0.02
38029 -2.5606 0.0717
38118 -3.3122 0.0352
38126 -3.8918 0.02
38250 -3.5253 0.0286
38262 -1.0986 0.25
38264 -1.484 0.1848
38265 -1.0986 0.25
38276 -1.8024 0.1416
38279 -2.0367 0.1154
38361 -2.3602 0.0863
38368 -3.8918 0.02
38371 -0.8482 0.2998
38372 -0.8611 0.2971
38373 -0.8458 0.3003
38374 -0.8482 0.2998
38375 -0.8251 0.3047
38376 -0.8458 0.3003
38377 -0.8193 0.3059
38378 -0.8251 0.3047
38379 -0.807 0.3085
38380 -0.8193 0.3059
38381 -0.7982 0.3104
38382 -0.807 0.3085
38383 -0.7914 0.3119
38384 -0.7982 0.3104
38385 -0.7725 0.3159
38386 -0.7914 0.3119
38387 -0.7522 0.3203
38388 -0.7725 0.3159
38389 -0.7456 0.3218
38390 -0.7522 0.3203
38391 -0.7396 0.3231
38392 -0.7456 0.3218
38393 -0.7355 0.324
38394 -0.7355 0.324
38395 -0.7414 0.3227
38396 -0.7344 0.3242
38397 -0.7517 0.3205
38398 -0.7414 0.3227
38399 -0.7721 0.316
38400 -0.7517 0.3205
38401 -0.8094 0.308
38402 -0.7721 0.316
38403 -0.8533 0.2987
38404 -0.8119 0.3075
38405 -0.8937 0.2903
38406 -0.8937 0.2903
38407 -0.9402 0.2809
38408 -0.9402 0.2809
38409 -1.051 0.259
38410 -1.0301 0.2631
38412 -0.8611 0.2971
38441 -2.9444 0.05
38483 -2.9553 0.0495
38499 -0.9595 0.277
38500 -0.9043 0.2882
38501 -1.007 0.2676
38502 -0.9595 0.277
38503 -1.0709 0.2552
38504 -1.007 0.2676
38506 -1.0709 0.2552
38541 -3.1087 0.0427
38607 -2.3283 0.0888
38621 -1.5509 0.175
38743 -3.8918 0.02
38763 -3.8918 0.02
38961 -2.7097 0.0624
38975 -0.735 0.3241
38976 -0.735 0.3241
38977 -0.7902 0.3121
38978 -0.7624 0.3181
38979 -0.8451 0.3005
38980 -0.8451 0.3005
38989 -2.3033 0.0908
38993 -2.2614 0.0944
38996 -1.3708 0.2025
39012 -3.8918 0.02
39036 -2.5281 0.0739
39077 -2.035 0.1156
39108 -2.5278 0.0739
39127 -2.4274 0.0811
39138 -3.8918 0.02
39141 -0.9331 0.2823
39143 -1.1561 0.2394
39144 -0.921 0.2848
39145 -0.9762 0.2736
39154 -1.3078 0.2129
39174 -0.9032 0.2884
39176 -3.0391 0.0457
39183 -2.7823 0.0583
39203 -2.3713 0.0854
39309 -2.0983 0.1093
39340 -1.3446 0.2068
39345 -1.519 0.1796
39348 -1.6136 0.1661
39349 -1.2322 0.2258
39351 -1.0452 0.2601
39352 -1.0947 0.2507
39370 -2.6793 0.0642
39386 -1.8161 0.1399
39451 -3.8918 0.02
39489 -2.2574 0.0947
39491 -2.2763 0.0931
39498 -3.6249 0.026
39518 -1.0742 0.2546
39520 -1.0366 0.2618
39521 -1.0439 0.2604
39522 -1.0532 0.2586
39523 -1.0532 0.2586
39524 -1.0826 0.253
39525 -1.0768 0.2541
39527 -1.0826 0.253
39532 -1.4092 0.1964
39552 -2.3912 0.0838
39579 -1.6253 0.1645
39724 -2.0487 0.1142
39727 -0.8962 0.2898
39728 -0.8733 0.2946
39729 -0.923 0.2844
39730 -0.9847 0.272
39731 -1.0822 0.2531
39774 -2.1668 0.1028
39810 -1.5824 0.1705
39842 -1.2804 0.2175
39848 -1.0847 0.2526
39850 -1.0452 0.2601
39851 -1.0847 0.2526
39852 -1.0364 0.2618
39853 -1.0452 0.2601
39854 -1.0236 0.2643
39855 -1.0364 0.2618
39856 -1.0161 0.2658
39857 -1.0236 0.2643
39858 -1.0211 0.2648
39859 -1.0211 0.2648
39860 -1.0861 0.2524
39861 -1.0269 0.2637
39862 -1.1328 0.2436
39863 -1.0861 0.2524
39878 -3.3078 0.0353
39948 -1.5709 0.1721
39954 -3.008 0.0471
39972 -2.4784 0.0774
39985 -2.166 0.1028
39995 -2.2533 0.0951
40001 -1.2359 0.2252
40007 -1.2384 0.2247
40010 -2.1579 0.1036
40013 -1.9941 0.1198
40017 -0.8932 0.2905
40018 -0.9265 0.2836
40019 -0.9712 0.2746
40020 -1.0006 0.2688
40025 -1.6357 0.1631
40026 -1.6053 0.1672
40069 -1.0967 0.2504
40071 -1.0747 0.2545
40072 -1.0747 0.2545
40073 -1.0607 0.2572
40074 -1.0677 0.2558
40075 -1.019 0.2652
40076 -1.0607 0.2572
40077 -1.0168 0.2656
40078 -1.019 0.2652
40079 -1.0187 0.2653
40080 -1.0168 0.2656
40081 -1.0222 0.2646
40082 -1.0187 0.2653
40083 -1.0335 0.2624
40084 -1.0335 0.2624
40097 -2.771 0.0589
40138 -1.084 0.2527
40141 -1.8243 0.1389
40142 -0.9158 0.2858
40143 -0.8877 0.2916
40144 -0.877 0.2938
40172 -1.0721 0.255
40174 -0.9301 0.2829
40175 -1.0721 0.255
40176 -0.9012 0.2888
40177 -0.9301 0.2829
40178 -0.8662 0.2961
40179 -0.8662 0.2961
40180 -0.8357 0.3024
40181 -0.8607 0.2972
40182 -0.8203 0.3057
40183 -0.8203 0.3057
40184 -0.8593 0.2975
40185 -0.8327 0.3031
40186 -0.8858 0.292
40187 -0.8593 0.2975
40188 -0.8953 0.29
40189 -0.8953 0.29
40190 -0.9758 0.2737
40191 -0.9758 0.2737
40194 -3.3242 0.0348
40270 -2.8087 0.0569
40288 -3.2495 0.0373
40636 -3.8918 0.02
40643 -2.6595 0.0654
40701 -3.8918 0.02
40725 -0.7478 0.3213
40726 -0.9647 0.2759
40727 -0.7074 0.3302
40728 -0.7074 0.3302
40751 -3.5387 0.0282
40763 -0.9661 0.2757
40764 -1.0691 0.2556
40765 -0.871 0.2951
40766 -0.9509 0.2787
40767 -0.8116 0.3075
40768 -0.871 0.2951
40769 -0.8357 0.3024
40770 -0.8116 0.3075
40771 -0.8522 0.299
40772 -0.8357 0.3024
40773 -1.0191 0.2652
40774 -0.8522 0.299
40776 -1.0191 0.2652
40783 -2.5925 0.0696
40826 -2.9444 0.05
40827 -1.0662 0.2561
40836 -2.2727 0.0934
40858 -2.8815 0.0531
40873 -2.3725 0.0853
40943 -0.9559 0.2777
40944 -0.9559 0.2777
40945 -0.9163 0.2857
40946 -0.9887 0.2712
40947 -0.8184 0.3061
40948 -0.9074 0.2875
41057 -3.8918 0.02
41201 -3.8918 0.02
41938 -3.8918 0.02
42048 -3.5582 0.0277
42232 -3.8918 0.02
42282 -3.7623 0.0227
42360 -3.1847 0.0397
42408 -3.3168 0.035
42640 -3.8918 0.02
42767 -3.6711 0.0248
42803 -0.472 0.3842
42804 -0.6597 0.3408
42805 -0.9029 0.2885
42806 -0.985 0.2719
42810 -0.6654 0.3395
42811 -0.8061 0.3087
42935 -3.8918 0.02
42965 -0.7505 0.3207
42983 -1.8355 0.1376
42988 -1.6284 0.164
43014 -2.1111 0.108
43033 -2.7943 0.0576
43111 -2.3553 0.0866
43126 -2.8329 0.0556
43188 -2.1532 0.104
43194 -2.8172 0.0564
43195 -2.2113 0.0987
43197 -1.0981 0.2501
43198 -1.0771 0.2541
43199 -1.0771 0.2541
43267 -2.3402 0.0878
43571 -1.9046 0.1296
43615 -2.2456 0.0957
43618 -2.2862 0.0923
43632 -2.9444 0.05
43676 -1.7182 0.1521
43761 -2.696 0.0632
43764 -1.0721 0.255
43920 -2.8628 0.054
43921 -2.2071 0.0991
43928 -1.5381 0.1768
43938 -1.9464 0.1249
43941 -1.4682 0.1872
43987 -1.699 0.1546
43997 -2.4714 0.0779
44081 -3.8918 0.02
44209 -3.7176 0.0237
44249 -3.5315 0.0284
44325 -0.8605 0.2972
44326 -0.9405 0.2808
44327 -1.0186 0.2653
44328 -1.0767 0.2541
44341 -3.8918 0.02
44374 -2.766 0.0592
44403 -3.5372 0.0283
44418 -1.9286 0.1269
44452 -1.0129 0.2664
44453 -1.0287 0.2633
44454 -1.0257 0.2639
44455 -1.0236 0.2643
44456 -1.0127 0.2665
44457 -0.9753 0.2738
44458 -0.9728 0.2743
44459 -0.9723 0.2744
44460 -1.0041 0.2681
44461 -0.965 0.2759
44508 -3.8918 0.02
44528 -0.9292 0.2831
44529 -1.1172 0.2465
44530 -1.0137 0.2663
44532 -0.9341 0.2821
44533 -0.9338 0.2822
44534 -0.9342 0.2821
44535 -0.9342 0.2821
44536 -0.9313 0.2827
44537 -0.9319 0.2825
44538 -0.9301 0.2829
44539 -0.9305 0.2828
44540 -0.9299 0.283
44541 -0.9299 0.283
44542 -0.9319 0.2825
44543 -0.9309 0.2827
44544 -0.9332 0.2823
44545 -0.9326 0.2824
44558 -1.069 0.2556
44578 -3.3571 0.0337
44635 -3.8918 0.02
44784 -2.1875 0.1009
44846 -3.8918 0.02
44852 -3.133 0.0418
44859 -3.4119 0.0319
44907 -1.2096 0.2298
44921 -3.8918 0.02
44927 -1.5818 0.1705
44978 -1.0887 0.2519
44979 -1.0751 0.2544
44980 -1.0646 0.2564
44981 -1.0684 0.2557
44999 -0.2007 0.45
45000 -0.2007 0.45
45001 -0.2007 0.45
45002 -0.2007 0.45
45074 -1.7095 0.1532
45173 -3.707 0.024
45282 -3.8918 0.02
45286 -1.4345 0.1924
45288 -1.4305 0.193
45304 -1.687 0.1562
45308 -2.2251 0.0975
45825 -3.8918 0.02
46241 -3.8918 0.02
46468 -3.8918 0.02
46540 -3.8918 0.02
46555 -1.0857 0.2524
46568 -1.0312 0.2629
46569 -0.9065 0.2877
46570 -0.8636 0.2966
46571 -0.9568 0.2775
46573 -3.8918 0.02
46627 -1.0123 0.2665
46629 -0.9309 0.2827
46630 -1.0123 0.2665
46631 -0.8677 0.2957
46632 -0.9309 0.2827
46633 -0.8159 0.3066
46634 -0.8677 0.2957
46635 -0.7694 0.3166
46636 -0.8159 0.3066
46637 -0.7184 0.3277
46638 -0.7694 0.3166
46639 -0.6205 0.3497
46640 -0.7184 0.3277
46941 -3.8918 0.02
47047 -3.4619 0.0304
47282 -3.7759 0.0224
47302 -0.8386 0.3018
47303 -0.9043 0.2882
47304 -1.0017 0.2686
47305 -0.8386 0.3018
47307 -1.0017 0.2686
47445 -2.8466 0.0549
47449 -1.8162 0.1399
47526 -1.768 0.1458
47529 -1.4759 0.186
47532 -1.0293 0.2632
47533 -1.0259 0.2639
47534 -1.0493 0.2594
47545 -1.0767 0.2541
47546 -1.0402 0.2611
47547 -1.0269 0.2637
47548 -1.0478 0.2596
47579 -1.8791 0.1325
47672 -1.3741 0.202
47714 -2.7042 0.0627
47749 -2.7989 0.0574
47751 -2.5834 0.0702
47753 -2.5935 0.0696
47756 -2.5104 0.0751
47758 -2.531 0.0737
47764 -2.3327 0.0885
47783 -3.1985 0.0392
47894 -3.8918 0.02
47976 -3.3168 0.035
48032 -3.8918 0.02
48058 -2.0613 0.1129
48077 -1.4286 0.1933
48130 -3.1327 0.0418
48208 -2.123 0.1069
48213 -2.2412 0.0961
48248 -1.5656 0.1728
48269 -0.922 0.2846
48328 -1.032 0.2627
48342 -1.9052 0.1295
48352 -1.5602 0.1736
48359 -0.4526 0.3887
48360 -0.5807 0.3588
48389 -2.034 0.1157
48394 -1.9084 0.1292
48429 -0.2007 0.45
48430 -0.2007 0.45
48431 -0.2007 0.45
48432 -0.2007 0.45
48433 -0.2007 0.45
48482 -3.6578 0.0251
48485 -1.4799 0.1854
48831 -0.2007 0.45
48832 -0.2007 0.45
48833 -0.2007 0.45
48834 -0.2007 0.45
48835 -0.2007 0.45
48848 -3.8918 0.02
48854 -0.2007 0.45
48855 -0.2007 0.45
48860 -0.2007 0.45
48872 -0.2007 0.45
48874 -0.2007 0.45
48875 -0.2007 0.45
48876 -0.2007 0.45
48877 -0.2007 0.45
48878 -0.2007 0.45
48879 -0.2007 0.45
48880 -0.2007 0.45
48881 -0.2007 0.45
48882 -0.2007 0.45
48883 -0.2007 0.45
48884 -0.2007 0.45
48885 -0.2007 0.45
48886 -0.2007 0.45
48887 -0.2007 0.45
48888 -0.2007 0.45
48889 -0.2007 0.45
48890 -0.2007 0.45
48891 -0.2007 0.45
48892 -0.2007 0.45
48893 -0.2007 0.45
48894 -0.2007 0.45
48895 -0.2007 0.45
48896 -0.2007 0.45
48897 -0.2007 0.45
48898 -0.2007 0.45
48899 -0.2007 0.45
48900 -0.2007 0.45
48901 -0.2007 0.45
48902 -0.2007 0.45
48903 -0.2007 0.45
48925 -0.2007 0.45
48926 -0.2007 0.45
48927 -0.2007 0.45
48928 -0.2007 0.45
48929 -0.2007 0.45
48930 -0.2007 0.45
49078 -3.8918 0.02
49636 -1.8103 0.1406
49643 -2.3108 0.0902
49772 -0.9273 0.2835
49773 -0.2515 0.4375
49774 -0.2007 0.45
49775 -0.2007 0.45
49776 -0.2007 0.45
49777 -0.2007 0.45
49780 -1.4847 0.1847
49796 -0.8993 0.2892
49797 -0.635 0.3464
49798 -0.5558 0.3645
49799 -0.548 0.3663
49800 -0.5454 0.3669
49801 -0.4763 0.3831
49802 -3.8792 0.0202
49813 -3.8303 0.0212
49821 -0.8819 0.2928
49822 -0.8623 0.2969
49823 -0.8976 0.2895
49824 -0.9266 0.2836
49825 -0.8755 0.2941
49826 -0.8732 0.2946
49827 -0.8732 0.2946
49828 -0.8707 0.2951
49953 -2.2801 0.0928
49965 -0.9436 0.2802
49966 -0.9415 0.2806
49967 -0.9445 0.28
49968 -0.9445 0.28
49969 -0.9365 0.2816
49970 -0.9365 0.2816
49971 -0.9217 0.2846
49972 -0.9249 0.284
49973 -0.9168 0.2856
49974 -0.9166 0.2856
49975 -0.9221 0.2845
49976 -0.9221 0.2845
49977 -0.9387 0.2812
49978 -0.9352 0.2819
49979 -0.9158 0.2858
49980 -0.9083 0.2873
49981 -0.9403 0.2808
49983 -0.9332 0.2823
49984 -1.0525 0.2587
49987 -0.9069 0.2876
49988 -0.8938 0.2903
49989 -0.9176 0.2855
49990 -0.8983 0.2894
50040 -2.0461 0.1144
50048 -0.9958 0.2698
50049 -1.0617 0.257
50050 -1.087 0.2522
50051 -0.8626 0.2968
50052 -0.936 0.2817
50053 -1.0573 0.2578
50054 -1.0372 0.2617
50141 -1.4676 0.1873
50169 -3.1442 0.0413
50211 -1.6972 0.1548
50215 -2.4085 0.0825
50217 -2.201 0.0997
50236 -1.4838 0.1849
50261 -1.1197 0.2461
50414 -3.8918 0.02
50472 -0.9505 0.2788
50473 -1.0374 0.2617
50474 -0.9662 0.2756
50475 -0.8657 0.2961
50476 -0.9594 0.277
50525 -3.2234 0.0383
50573 -3.8918 0.02
50587 -2.725 0.0615
50593 -2.6744 0.0645
50672 -1.8864 0.1317
50690 -2.9542 0.0495
50692 -3.0436 0.0455
50732 -0.8707 0.2951
50733 -0.8665 0.296
50804 -3.8918 0.02
50815 -1.3095 0.2126
50864 -3.8918 0.02
50914 -2.6438 0.0664
50930 -0.9635 0.2762
50931 -0.9635 0.2762
51309 -3.8918 0.02
51377 -3.6997 0.0241
51429 -3.0963 0.0433
51515 -1.0605 0.2572
51516 -1.0566 0.258
51517 -1.0605 0.2572
51518 -1.0551 0.2582
51519 -1.0566 0.258
51520 -1.062 0.2569
51534 -2.8667 0.0538
51557 -3.8918 0.02
51575 -1.8668 0.1339
51581 -1.5643 0.173
51920 -3.8918 0.02
51957 -1.0825 0.253
51958 -0.9927 0.2704
51959 -0.8884 0.2914
51960 -0.9024 0.2886
51966 -0.2007 0.45
52020 -1.4566 0.189
52070 -0.8154 0.3068
52071 -0.8078 0.3084
52072 -0.7878 0.3126
52073 -0.7827 0.3137
52074 -0.7919 0.3118
52075 -0.8217 0.3054
52076 -0.832 0.3032
52077 -0.8716 0.2949
52078 -0.8851 0.2921
52079 -0.8877 0.2916
52080 -0.8839 0.2924
52081 -0.8713 0.295
52082 -0.8635 0.2966
52083 -0.8539 0.2986
52084 -0.8154 0.3068
52085 -0.8716 0.2949
52089 -1.1818 0.2347
52291 -3.8918 0.02
52401 -1.3524 0.2055
52403 -1.0165 0.2657
52613 -0.8772 0.2938
52638 -1.3355 0.2082
52653 -1.5974 0.1683
52820 -0.2007 0.45
52821 -0.2007 0.45
52920 -0.2007 0.45
52921 -0.2007 0.45
52922 -0.2007 0.45
52923 -0.2007 0.45
52940 -1.0731 0.2548
52941 -1.0006 0.2688
52948 -3.4934 0.0295
52964 -3.0245 0.0463
52966 -2.0671 0.1123
53078 -2.7967 0.0575
53191 -3.8918 0.02
53204 -1.3704 0.2025
53228 -0.9025 0.2885
53229 -0.721 0.3272
53262 -3.7709 0.0225
53292 -1.3292 0.2093
53428 -1.4766 0.1859
53433 -0.2007 0.45
53434 -0.2007 0.45
53435 -0.2007 0.45
53517 -0.9338 0.2822
53601 -0.2007 0.45
53604 -1.5707 0.1721
53785 -3.8918 0.02
53791 -1.9924 0.12
53813 -0.9603 0.2768
53814 -0.9586 0.2771
53815 -0.9867 0.2716
53816 -0.9867 0.2716
53817 -1.0298 0.2631
53818 -1.0139 0.2662
53819 -1.0619 0.257
53820 -1.0619 0.257
53827 -0.9586 0.2771
53828 -0.9413 0.2806
53847 -1.4874 0.1843
53878 -1.0533 0.2586
53880 -1.0369 0.2618
53881 -1.0533 0.2586
53882 -0.9669 0.2755
53883 -1.0369 0.2618
53894 -1.4189 0.1948
53918 -1.7213 0.1517
53935 -1.5577 0.174
53937 -1.6128 0.1662
54069 -3.0882 0.0436
54109 -0.8997 0.2891
54110 -0.8997 0.2891
54111 -0.9822 0.2725
54112 -0.9822 0.2725
54150 -3.8918 0.02
54306 -3.8918 0.02
54334 -3.8918 0.02
54342 -2.9444 0.05
54460 -0.8019 0.3096
54464 -0.8355 0.3025
54478 -1.6439 0.1619
54523 -0.7218 0.327
54524 -0.7081 0.33
54525 -0.7351 0.3241
54526 -0.7218 0.327
54527 -0.7914 0.3119
54528 -0.7351 0.3241
54529 -0.8257 0.3045
54530 -0.7914 0.3119
54531 -0.8596 0.2974
54532 -0.8257 0.3045
54533 -0.9509 0.2787
54534 -0.8596 0.2974
54551 -0.8754 0.2941
54552 -1.0451 0.2602
54562 -3.012 0.0469
54579 -3.8167 0.0215
54597 -3.5148 0.0289
54644 -1.6469 0.1615
54645 -0.7407 0.3228
54724 -3.8918 0.02
54789 -3.1946 0.0394
54794 -1.1634 0.2381
54796 -1.0523 0.2588
54797 -1.0523 0.2588
54798 -1.0774 0.254
54799 -1.0774 0.254
54802 -1.0055 0.2679
54803 -1.0051 0.2679
54839 -3.8918 0.02
54903 -0.8917 0.2908
54904 -0.9691 0.2751
54905 -1.0462 0.26
54906 -1.0638 0.2566
54911 -1.0496 0.2593
54912 -0.9024 0.2886
55078 -3.7926 0.022
55089 -1.0433 0.2605
55091 -0.9806 0.2728
55092 -1.0433 0.2605
55093 -0.944 0.2801
55094 -0.9806 0.2728
55095 -0.9286 0.2832
55096 -0.944 0.2801
55097 -0.9391 0.2811
55098 -0.9286 0.2832
55099 -0.9994 0.2691
55100 -0.9925 0.2704
55220 -0.9977 0.2694
55333 -1.8452 0.1364
55334 -1.8092 0.1407
55365 -0.7398 0.323
55371 -1.3096 0.2126
55426 -1.9055 0.1295
55445 -3.8918 0.02
55453 -3.8918 0.02
55461 -3.8918 0.02
55523 -3.8918 0.02
55529 -1.5229 0.179
55534 -1.7251 0.1512
55560 -1.0584 0.2576
55565 -1.0779 0.2539
55566 -1.0663 0.2561
55588 -1.9101 0.129
55641 -3.7973 0.0219
55694 -1.6584 0.16
55710 -0.717 0.3281
55711 -0.7208 0.3272
55712 -0.7184 0.3277
55715 -2.5111 0.0751
55763 -1.5328 0.1776
55773 -2.9186 0.0512
55799 -0.9929 0.2703
55800 -0.9074 0.2875
55801 -1.0196 0.2651
55807 -1.4289 0.1933
55808 -0.8101 0.3079
55809 -0.8386 0.3018
55810 -0.8227 0.3052
55811 -0.8101 0.3079
55812 -0.8754 0.2941
55813 -0.8227 0.3052
55816 -3.8918 0.02
56047 -1.1097 0.2479
56050 -0.8771 0.2938
56051 -0.8755 0.2941
56052 -0.8755 0.2941
56231 -3.8918 0.02
56239 -1.7324 0.1503
56243 -1.0647 0.2564
56244 -1.0644 0.2565
56245 -1.0678 0.2558
56342 -1.0323 0.2626
56343 -1.0323 0.2626
56352 -0.98 0.2729
56353 -0.9705 0.2748
56354 -1.0165 0.2657
56355 -1.0116 0.2667
56449 -2.9196 0.0512
56466 -1.0095 0.2671
56467 -0.9884 0.2712
56479 -1.0196 0.2651
56480 -1.8794 0.1325
56483 -1.4783 0.1857
56534 -1.0955 0.2506
56535 -0.9739 0.2741
56536 -0.9587 0.2771
56537 -0.909 0.2872
56538 -0.9019 0.2887
56543 -2.8274 0.0559
56605 -0.9625 0.2764
56606 -0.9473 0.2794
56641 -3.8918 0.02
56647 -3.8918 0.02
56756 -0.9941 0.2701
56757 -1.0064 0.2677
56826 -2.7141 0.0621
56829 -2.5432 0.0729
56830 -2.5015 0.0758
56856 -0.8764 0.2939
56867 -1.0743 0.2546
56869 -1.091 0.2514
56870 -1.0649 0.2564
56964 -3.7666 0.0226
56983 -3.075 0.0442
56986 -1.0366 0.2618
56987 -1.0599 0.2573
56988 -1.0337 0.2624
56989 -1.0366 0.2618
57024 -2.116 0.1075
57028 -2.2947 0.0916
57085 -0.7971 0.3106
57086 -0.799 0.3102
57318 -0.6958 0.3327
57336 -2.2442 0.0958
57351 -1.6001 0.168
57649 -1.7746 0.145
57734 -1.6686 0.1586
57742 -0.8816 0.2929
57743 -0.8816 0.2929
57841 -1.0006 0.2688
57842 -0.8845 0.2922
57940 -0.6136 0.3512
57941 -0.6441 0.3443
57942 -0.6566 0.3415
57943 -0.6136 0.3512
57944 -0.6692 0.3387
57945 -0.6566 0.3415
57946 -0.8285 0.304
57947 -0.6692 0.3387
57948 -1.0482 0.2596
57949 -0.8285 0.304
57951 -1.0482 0.2596
57989 -1.0986 0.25
57990 -1.0986 0.25
58005 -0.6263 0.3483
58006 -0.6205 0.3497
58007 -0.6464 0.3438
58008 -0.6263 0.3483
58009 -0.6655 0.3395
58010 -0.6464 0.3438
58011 -0.6991 0.332
58012 -0.6655 0.3395
58013 -0.7428 0.3224
58014 -0.723 0.3267
58029 -3.8918 0.02
58078 -1.3246 0.2101
58165 -0.9941 0.2701
58166 -0.9941 0.2701
58428 -0.8789 0.2934
58429 -0.8771 0.2938
58442 -0.2007 0.45
58443 -0.2007 0.45
58444 -0.2007 0.45
58445 -0.2007 0.45
58446 -0.2007 0.45
58447 -0.2007 0.45
58448 -0.4104 0.3988
58449 -0.7255 0.3262
58450 -0.9523 0.2784
58474 -3.0567 0.0449
58538 -0.8755 0.2941
58547 -0.8705 0.2951
58549 -0.8207 0.3056
58550 -0.8705 0.2951
58551 -0.8373 0.3021
58552 -0.8258 0.3045
58558 -2.2156 0.0984
58654 -1.0658 0.2562
58663 -1.0986 0.25
58665 -1.0986 0.25
58666 -1.0986 0.25
58667 -1.0986 0.25
58668 -1.0986 0.25
58669 -1.0986 0.25
58670 -1.0986 0.25
58705 -1.0216 0.2647
58707 -1.0581 0.2577
58708 -1.0216 0.2647
58709 -1.0686 0.2557
58710 -1.0581 0.2577
58711 -1.0709 0.2552
58712 -1.0686 0.2557
58713 -3.2005 0.0391
58716 -1.8424 0.1368
58783 -3.5107 0.029
58799 -3.8918 0.02
58921 -1.0425 0.2607
58923 -0.9305 0.2828
58924 -0.9711 0.2747
58949 -1.0898 0.2516
58950 -1.0898 0.2516
58951 -1.0909 0.2515
58952 -1.0917 0.2513
58953 -1.0948 0.2507
58954 -1.0946 0.2508
58955 -0.6835 0.3355
58956 -0.815 0.3068
58957 -0.9094 0.2871
58958 -0.9131 0.2864
58959 -0.7879 0.3126
58965 -3.4924 0.0295
58973 -3.8918 0.02
59081 -1.0794 0.2536
59082 -1.0856 0.2525
59083 -1.0218 0.2647
59084 -1.0794 0.2536
59085 -0.9793 0.273
59086 -1.0218 0.2647
59087 -0.9339 0.2821
59088 -0.9793 0.273
59089 -0.8648 0.2963
59090 -0.9339 0.2821
59091 -0.8188 0.306
59092 -0.8648 0.2963
59093 -0.7642 0.3177
59094 -0.8188 0.306
59095 -0.6743 0.3375
59096 -0.7642 0.3177
59167 -2.8554 0.0544
59212 -2.2323 0.0969
59218 -1.0605 0.2572
59219 -1.0635 0.2566
59220 -1.0815 0.2532
59221 -1.0825 0.253
59222 -1.0812 0.2533
59255 -2.8576 0.0543
59382 -2.7033 0.0628
59383 -2.7065 0.0626
59518 -3.5655 0.0275
59522 -2.3777 0.0849
59527 -1.9908 0.1202
59544 -1.4678 0.1873
59548 -1.4961 0.183
59598 -1.0192 0.2652
59599 -1.0221 0.2646
59665 -1.1405 0.2422
59674 -1.6904 0.1557
59718 -2.885 0.0529
59804 -2.9277 0.0508
59832 -2.9444 0.05
59862 -3.8918 0.02
59864 -3.8918 0.02
59886 -1.0892 0.2518
59887 -1.0892 0.2518
59888 -1.0716 0.2551
59889 -1.0783 0.2538
59890 -1.1499 0.2405
60050 -0.8195 0.3059
60051 -0.7496 0.3209
60052 -1.0347 0.2622
60053 -0.9858 0.2718
60054 -1.0198 0.2651
60055 -1.0432 0.2605
60056 -1.0203 0.265
60057 -1.0198 0.2651
60058 -1.0177 0.2655
60059 -1.0203 0.265
60060 -1.0054 0.2679
60061 -1.0177 0.2655
60062 -1.0812 0.2533
60063 -1.0054 0.2679
60065 -1.0812 0.2533
60260 -3.8918 0.02
60262 -3.8918 0.02
60410 -3.8918 0.02
60890 -3.3789 0.033
60904 -3.744 0.0231
61166 -2.9118 0.0516
61900 -3.8918 0.02
65831 -3.8918 0.02
67393 -3.8918 0.02
67404 -2.0081 0.1184
67556 -3.8918 0.02
68131 -0.9886 0.2712
68133 -1.001 0.2687
68134 -1.001 0.2687
68303 -0.973 0.2743
68304 -0.7769 0.315
68305 -1.0986 0.25
68306 -1.0986 0.25
68311 -0.973 0.2743
68386 -3.8918 0.02
68637 -2.4399 0.0802
69499 -3.8918 0.02
69971 -0.9145 0.2861
69972 -0.9145 0.2861
69973 -0.634 0.3466
69974 -0.8522 0.299
69975 -0.6072 0.3527
69976 -0.6095 0.3522
70511 -3.1805 0.0399
70858 -3.8918 0.02
70860 -3.8918 0.02
70882 -2.7656 0.0592
70886 -2.8739 0.0535
70890 -2.845 0.0549
70920 -2.7435 0.0605
70922 -2.856 0.0544
70936 -3.144 0.0413
70942 -3.1454 0.0413
70960 -2.5225 0.0743
70966 -2.6837 0.0639
70972 -2.6745 0.0645
70978 -2.4559 0.079
70988 -2.818 0.0564
70990 -2.8447 0.055
71002 -2.6658 0.065
71004 -2.6176 0.068
71018 -2.6752 0.0645
71024 -1.899 0.1302
71038 -1.5687 0.1724
71044 -2.8274 0.0559
71076 -3.0275 0.0462
71084 -3.2476 0.0374
71088 -3.8918 0.02
71104 -1.3087 0.2127
71116 -2.1695 0.1025
71129 -1.544 0.176
71143 -1.9592 0.1236
71151 -2.0372 0.1154
71213 -1.7073 0.1535
71229 -1.8817 0.1322
71249 -1.982 0.1211
71251 -2.0806 0.111
71289 -0.9194 0.2851
71290 -0.9194 0.2851
71291 -0.9588 0.2771
71292 -0.9402 0.2809
71345 -1.5582 0.1739
71362 -2.8039 0.0571
71370 -2.8903 0.0526
71378 -2.347 0.0873
71384 -2.369 0.0856
71394 -1.598 0.1683
71400 -1.6593 0.1599
71434 -3.8918 0.02
71454 -3.8918 0.02
71502 -1.9125 0.1287
71510 -2.6884 0.0637
71522 -2.1482 0.1045
71542 -1.575 0.1715
71552 -1.5138 0.1804
71566 -1.4105 0.1961
71591 -1.8199 0.1394
71621 -2.7434 0.0605
71668 -2.3073 0.0905
71686 -2.6885 0.0637
71692 -3.5085 0.0291
71696 -2.6418 0.0665
71711 -2.3286 0.0888
71713 -2.5095 0.0752
71715 -2.4629 0.0785
71729 -3.2782 0.0363
71733 -2.9632 0.0491
71759 -3.8228 0.0214
71767 -3.8918 0.02
71779 -3.7352 0.0233
71785 -3.8404 0.021
71789 -1.9054 0.1295
71791 -1.8175 0.1397
71819 -2.7319 0.0611
71820 -2.7416 0.0606
71847 -2.7913 0.0578
71859 -1.1735 0.2362
71865 -1.1511 0.2403
71871 -1.4783 0.1857
71881 -1.3057 0.2132
71885 -1.3515 0.2056
71895 -1.6407 0.1624
71905 -2.9023 0.052
71935 -3.8918 0.02
71937 -3.5085 0.0291
71947 -3.2118 0.0387
71953 -2.3164 0.0898
71967 -2.3425 0.0877
71971 -2.5097 0.0752
71973 -2.3013 0.091
71975 -2.6572 0.0655
71977 -3.2118 0.0387
71983 -2.4636 0.0785
72003 -2.4228 0.0814
72017 -2.3745 0.0851
72037 -2.4418 0.08
72051 -2.6414 0.0665
72053 -2.6296 0.0673
72057 -2.6603 0.0654
72063 -2.8529 0.0545
72077 -2.9444 0.05
72081 -3.8918 0.02
72087 -2.3979 0.0833
72121 -2.6863 0.0638
72127 -2.7175 0.0619
72149 -2.3997 0.0832
72153 -3.8918 0.02
72156 -2.537 0.0733
72160 -2.5177 0.0746
72162 -2.5556 0.072
72174 -2.564 0.0715
72190 -2.5585 0.0719
72202 -2.8235 0.0561
72206 -2.1424 0.105
72210 -2.1221 0.107
72212 -2.0833 0.1107
72218 -2.2819 0.0926
72232 -2.5863 0.07
72254 -2.5307 0.0737
72260 -2.6617 0.0653
72284 -2.5984 0.0692
72310 -2.4441 0.0799
72314 -2.4682 0.0781
72318 -2.4042 0.0829
72332 -2.6668 0.065
72350 -2.6043 0.0689
72356 -2.8687 0.0537
72368 -2.7544 0.0598
72370 -2.6812 0.0641
72394 -2.6803 0.0641
72396 -2.7879 0.058
72424 -2.7559 0.0598
72438 -2.7539 0.0599
72444 -2.407 0.0826
72452 -1.8058 0.1411
72458 -2.2654 0.094
72460 -2.2654 0.094
72492 -2.8562 0.0544
72514 -3.0678 0.0445
72522 -3.0496 0.0452
72524 -2.8458 0.0549
72528 -2.8296 0.0557
72558 -2.9138 0.0515
72562 -2.5402 0.0731
72590 -2.4451 0.0798
72595 -2.3798 0.0847
72608 -1.7427 0.149
72614 -2.3855 0.0843
72674 -1.7595 0.1469
72704 -1.8714 0.1334
72708 -1.8366 0.1375
72730 -1.8245 0.1389
72734 -0.594 0.3557
72735 -0.7026 0.3312
72736 -0.5117 0.3748
72737 -0.594 0.3557
72738 -0.9911 0.2707
72739 -0.9911 0.2707
72740 -1.07 0.2554
72741 -1.0177 0.2655
72743 -1.07 0.2554
72786 -2.9341 0.0505
72814 -2.7204 0.0618
72834 -3.513 0.0289
72854 -2.8105 0.0568
72896 -3.8918 0.02
72922 -3.8918 0.02
72944 -3.8918 0.02
72974 -3.8918 0.02
73090 -2.8621 0.0541
73112 -3.0957 0.0433
73122 -2.9364 0.0504
73126 -2.9335 0.0505
73128 -1.7377 0.1496
73142 -1.7211 0.1517
73152 -1.7669 0.1459
73214 -2.1259 0.1066
73219 -1.0895 0.2517
73229 -2.6607 0.0653
73241 -1.09 0.2516
73242 -1.0826 0.253
73273 -2.0923 0.1098
73283 -1.7895 0.1431
73291 -0.905 0.288
73292 -0.905 0.288
73293 -0.941 0.2807
73294 -0.941 0.2807
73295 -0.9328 0.2824
73296 -0.9305 0.2828
73297 -0.9508 0.2787
73298 -0.9328 0.2824
73299 -0.9462 0.2796
73300 -0.9454 0.2798
73301 -0.962 0.2765
73302 -0.9562 0.2776
73303 -1.0613 0.2571
73304 -0.962 0.2765
73305 -2.1857 0.101
73311 -2.0681 0.1122
73325 -1.8382 0.1373
73333 -1.7641 0.1463
73341 -2.0725 0.1118
73347 -1.8962 0.1305
73379 -1.7968 0.1422
73387 -1.7838 0.1438
73409 -1.1733 0.2363
73425 -3.5839 0.027
73459 -3.4227 0.0316
73461 -3.405 0.0321
73489 -3.648 0.0254
73613 -3.6233 0.026
73637 -3.3403 0.0342
73665 -3.1547 0.0409
73695 -3.1915 0.0395
73745 -3.1721 0.0402
73765 -3.8918 0.02
73835 -1.3836 0.2004
73857 -2.1669 0.1028
73868 -1.0979 0.2501
73871 -1.2963 0.2148
73875 -2.1654 0.1029
73895 -1.0773 0.254
73897 -1.0904 0.2515
73909 -1.6177 0.1655
73929 -1.2266 0.2268
73935 -1.0953 0.2506
73951 -1.2667 0.2198
73959 -1.4929 0.1835
73961 -2.3846 0.0844
73963 -0.9583 0.2772
73964 -0.9607 0.2767
73965 -0.9724 0.2744
73966 -0.9583 0.2772
73967 -0.9911 0.2707
73968 -0.9724 0.2744
73969 -1.0001 0.2689
73970 -0.9911 0.2707
73971 -1.0213 0.2648
73972 -1.0001 0.2689
73973 -1.0446 0.2603
73974 -1.0446 0.2603
73975 -1.0775 0.254
73976 -1.0621 0.2569
73977 -1.0925 0.2511
73978 -1.0925 0.2511
73980 -1.0979 0.2501
73985 -1.1645 0.2379
73987 -1.3019 0.2139
73995 -1.6555 0.1604
73999 -2.3299 0.0887
74023 -2.1233 0.1069
74075 -3.8918 0.02
74087 -3.8918 0.02
74101 -3.8918 0.02
74105 -3.8918 0.02
74109 -3.3076 0.0353
74129 -3.8918 0.02
74155 -3.8918 0.02
74157 -3.8918 0.02
74205 -3.8918 0.02
74223 -3.8918 0.02
74237 -3.8918 0.02
74247 -3.8918 0.02
74249 -3.8918 0.02
74255 -3.8918 0.02
74291 -3.8918 0.02
74321 -3.8918 0.02
74323 -3.8918 0.02
74327 -3.8918 0.02
74425 -3.8918 0.02
74441 -3.8918 0.02
74537 -2.122 0.107
74573 -2.1624 0.1032
74609 -1.3695 0.2027
74665 -2.624 0.0676
74671 -2.7071 0.0626
74677 -2.9444 0.05
74727 -3.1001 0.0431
74729 -2.9799 0.0483
74741 -2.7709 0.0589
74747 -2.9398 0.0502
74769 -1.3029 0.2137
74785 -3.1595 0.0407
74797 -2.8902 0.0526
74799 -0.9521 0.2785
74800 -0.8229 0.3052
74801 -0.9442 0.2801
74802 -0.9521 0.2785
74803 -0.9389 0.2811
74804 -0.9442 0.2801
74809 -3.0648 0.0446
74811 -3.0757 0.0441
74825 -3.0608 0.0448
74827 -3.0606 0.0448
74829 -3.0657 0.0445
74835 -2.6236 0.0676
74857 -2.0525 0.1138
74867 -2.3283 0.0888
74895 -2.6324 0.0671
74899 -2.5176 0.0746
74907 -1.0003 0.2689
74908 -1.0354 0.262
74909 -0.9901 0.2709
74910 -1.0003 0.2689
74911 -0.9768 0.2735
74912 -0.9901 0.2709
74913 -0.9733 0.2742
74914 -0.9768 0.2735
74915 -0.9683 0.2752
74916 -0.9733 0.2742
74917 -0.969 0.2751
74918 -0.9683 0.2752
74919 -0.9694 0.275
74920 -0.969 0.2751
74921 -0.9678 0.2753
74922 -0.9682 0.2752
74923 -1.8054 0.1412
74945 -1.9858 0.1207
74949 -2.0883 0.1102
74955 -2.4911 0.0765
74989 -2.7529 0.0599
75007 -2.7291 0.0613
75019 -2.714 0.0622
75023 -2.3477 0.0872
75031 -2.6653 0.0651
75065 -3.2515 0.0373
75067 -3.1693 0.0403
75081 -3.1681 0.0404
75151 -3.174 0.0402
75153 -3.1726 0.0402
75192 -3.4477 0.0308
75223 -2.1213 0.107
75279 -2.3295 0.0887
75327 -2.8376 0.0553
75355 -2.1797 0.1016
75375 -2.2227 0.0977
75403 -3.0856 0.0437
75455 -2.0365 0.1154
75463 -2.0067 0.1185
75493 -2.9229 0.051
75529 -2.5931 0.0696
75543 -2.3385 0.088
75545 -2.2088 0.099
75555 -2.4318 0.0808
75567 -2.9381 0.0503
75571 -3.7839 0.0222
75591 -2.8099 0.0568
75600 -2.8376 0.0553
75655 -2.1741 0.1021
75769 -1.9901 0.1202
75783 -2.3983 0.0833
75785 -2.0706 0.112
75795 -2.4382 0.0803
75867 -2.3154 0.0899
75897 -1.8703 0.1335
75899 -1.4322 0.1927
75913 -1.4662 0.1875
75917 -1.6308 0.1637
75929 -3.3705 0.0332
75987 -2.7502 0.0601
75998 -3.0445 0.0455
76008 -2.2927 0.0917
76018 -2.3038 0.0908
76020 -2.1687 0.1026
76028 -2.3093 0.0904
76038 -3.0513 0.0452
76052 -3.1132 0.0426
76054 -2.878 0.0533
76056 -3.1647 0.0405
76062 -2.1313 0.1061
76068 -2.2956 0.0915
76070 -2.1687 0.1026
76072 -2.3349 0.0883
76078 -2.8121 0.0567
76085 -1.8122 0.1404
76089 -1.9316 0.1266
76101 -2.0587 0.1132
76107 -2.0054 0.1186
76117 -1.7039 0.154
76149 -2.5481 0.0726
76151 -2.522 0.0743
76153 -2.3841 0.0844
76161 -1.8782 0.1326
76165 -2.0455 0.1145
76179 -2.3071 0.0905
76185 -1.6978 0.1548
76191 -1.6787 0.1573
76217 -2.1895 0.1007
76223 -2.2573 0.0947
76241 -2.2531 0.0951
76259 -2.2797 0.0928
76279 -2.2764 0.0931
76351 -2.6218 0.0678
76371 -2.864 0.054
76373 -2.8125 0.0567
76383 -2.9779 0.0484
76433 -2.4011 0.0831
76455 -2.2456 0.0957
76527 -2.4479 0.0796
76550 -1.4299 0.1931
76554 -1.4284 0.1933
76626 -2.1876 0.1009
76628 -2.2125 0.0986
76630 -2.2384 0.0964
76634 -2.3589 0.0864
76640 -2.5303 0.0738
76670 -0.4627 0.3863
76672 -0.262 0.4349
76673 -0.4627 0.3863
76674 -0.3224 0.4201
76675 -0.262 0.4349
76676 -0.4254 0.3952
76677 -0.4254 0.3952
76678 -0.7806 0.3142
76679 -0.5268 0.3713
76680 -0.9636 0.2762
76681 -0.7806 0.3142
76682 -0.523 0.3722
76683 -0.523 0.3722
76684 -0.523 0.3722
76685 -0.523 0.3722
76686 -0.4791 0.3825
76687 -0.4791 0.3825
76688 -0.3629 0.4102
76689 -0.4477 0.3899
76690 -0.6136 0.3512
76691 -0.3629 0.4102
76692 -0.9732 0.2742
76693 -0.6136 0.3512
76695 -0.9732 0.2742
76698 -0.5531 0.3651
76699 -0.4627 0.3863
76700 -0.262 0.4349
76701 -0.4461 0.3903
76702 -1.0583 0.2576
76705 -0.6958 0.3327
76706 -1.5638 0.1731
76708 -0.9558 0.2777
76710 -0.43 0.3941
76711 -0.9558 0.2777
76712 -0.5047 0.3764
76713 -0.43 0.3941
76714 -0.6659 0.3394
76715 -0.5047 0.3764
76717 -0.9558 0.2777
76722 -0.3564 0.4118
76723 -0.2134 0.4469
76724 -0.43 0.3941
76725 -0.3564 0.4118
76726 -0.3561 0.4119
76727 -0.3564 0.4118
76728 -0.6233 0.349
76729 -0.3561 0.4119
76731 -0.6233 0.349
76732 -0.4165 0.3974
76733 -0.3561 0.4119
76734 -0.6233 0.349
76735 -1.0232 0.2644
76737 -0.9861 0.2717
76744 -1.0167 0.2657
76746 -0.927 0.2835
76747 -1.0167 0.2657
76748 -1.0731 0.2548
76749 -1.0731 0.2548
76750 -1.0906 0.2515
76751 -1.0779 0.2539
76752 -1.2119 0.2294
76754 -0.7806 0.3142
76755 -0.7995 0.3101
76756 -0.8242 0.3049
76757 -0.8152 0.3068
76758 -0.8328 0.303
76759 -0.8622 0.2969
76760 -0.8131 0.3072
76761 -1.07 0.2554
76762 -0.7417 0.3226
76763 -0.7938 0.3114
76764 -0.7099 0.3296
76765 -0.7417 0.3226
76766 -0.6712 0.3382
76767 -0.7099 0.3296
76768 -0.6514 0.3427
76769 -0.6514 0.3427
76770 -0.6396 0.3453
76771 -0.6192 0.35
76772 -0.7026 0.3312
76773 -0.6433 0.3445
76774 -0.8355 0.3025
76775 -0.7026 0.3312
76776 -0.9134 0.2863
76777 -0.8355 0.3025
76778 -0.8908 0.291
76779 -0.8908 0.291
76780 -0.8041 0.3091
76781 -0.8568 0.298
76782 -0.7166 0.3281
76783 -0.8041 0.3091
76784 -0.6487 0.3433
76785 -0.7166 0.3281
76786 -0.6563 0.3416
76787 -0.6487 0.3433
76788 -0.7356 0.324
76789 -0.6563 0.3416
76790 -0.8355 0.3025
76791 -0.9631 0.2763
76792 -0.6423 0.3447
76793 -0.8355 0.3025
76794 -0.6086 0.3524
76795 -0.5268 0.3713
76796 -0.628 0.348
76797 -0.628 0.348
76798 -0.5783 0.3593
76799 -0.5783 0.3593
76800 -0.6712 0.3382
76801 -0.5961 0.3552
76802 -0.4614 0.3866
76803 -0.4614 0.3866
76804 -0.5961 0.3552
76805 -0.526 0.3715
76806 -0.9341 0.2821
76807 -0.9497 0.2789
76808 -0.4461 0.3903
76809 -0.5531 0.3651
76810 -0.5165 0.3737
76811 -0.4461 0.3903
76812 -0.6086 0.3524
76813 -0.5165 0.3737
76814 -0.7995 0.3101
76815 -0.6086 0.3524
76816 -0.9919 0.2705
76817 -0.7995 0.3101
76818 -0.8355 0.3025
76819 -0.7806 0.3142
76820 -0.8036 0.3093
76821 -0.8355 0.3025
76822 -0.802 0.3096
76823 -0.8036 0.3093
76825 -1.0906 0.2515
76826 -0.6423 0.3447
76827 -0.6659 0.3394
76828 -0.5908 0.3565
76829 -0.6423 0.3447
76830 -0.9631 0.2763
76831 -0.927 0.2835
76832 -0.9669 0.2755
76833 -0.9669 0.2755
76834 -1.144 0.2416
76835 -0.7997 0.3101
76836 -0.8323 0.3032
76837 -0.8157 0.3067
76838 -0.8545 0.2985
76839 -1.0177 0.2655
76840 -0.7997 0.3101
76841 -0.802 0.3096
76842 -0.8131 0.3072
76843 -0.7997 0.3101
76844 -0.8545 0.2985
76845 -0.8131 0.3072
76846 -0.8895 0.2912
76847 -0.8545 0.2985
76848 -0.8959 0.2899
76849 -0.8895 0.2912
76850 -0.738 0.3234
76851 -0.7099 0.3296
76852 -0.6779 0.3367
76853 -0.6779 0.3367
76854 -0.7062 0.3304
76855 -0.7062 0.3304
76862 -3.8918 0.02
76876 -1.0852 0.2525
76877 -1.0963 0.2504
76878 -1.0482 0.2596
76879 -1.0852 0.2525
76880 -0.9938 0.2702
76881 -1.0482 0.2596
76882 -0.95 0.2789
76883 -0.9938 0.2702
76884 -0.9589 0.2771
76885 -0.95 0.2789
76886 -0.9772 0.2735
76887 -0.9589 0.2771
76888 -0.9876 0.2714
76889 -0.9772 0.2735
76890 -0.9879 0.2713
76891 -0.9876 0.2714
76892 -0.9736 0.2742
76893 -0.9879 0.2713
76894 -0.9689 0.2751
76895 -0.9736 0.2742
76896 -0.9679 0.2753
76897 -0.9689 0.2751
76908 -0.6807 0.3361
76909 -0.8618 0.297
76910 -0.5229 0.3722
76911 -0.6807 0.3361
76912 -0.4518 0.3889
76913 -0.5229 0.3722
76914 -1.0899 0.2516
76915 -0.4518 0.3889
76917 -1.0899 0.2516
76922 -0.5321 0.37
76923 -0.6001 0.3543
76924 -0.4816 0.3819
76925 -0.5321 0.37
76926 -0.4867 0.3807
76927 -0.4816 0.3819
76928 -0.6566 0.3415
76929 -0.4867 0.3807
76930 -0.9548 0.2779
76931 -0.6692 0.3387
76933 -0.9548 0.2779
76940 -0.8759 0.294
76941 -1.0899 0.2516
76946 -0.6441 0.3443
76947 -0.3547 0.4122
76950 -0.8814 0.2929
76960 -0.9548 0.2779
76961 -0.9732 0.2742
76962 -1.0154 0.2659
76963 -0.9548 0.2779
76964 -1.0963 0.2504
76965 -1.0154 0.2659
76967 -1.0852 0.2525
76974 -1.424 0.194
76978 -1.2436 0.2238
76984 -1.0888 0.2519
76985 -0.9589 0.2771
76987 -1.0888 0.2519
76988 -1.5292 0.1781
76996 -0.9938 0.2702
77000 -1.0888 0.2519
77004 -1.3159 0.2115
77009 -0.9689 0.2751
77014 -1.3588 0.2044
77016 -1.1952 0.2323
77018 -1.2045 0.2307
77022 -0.9879 0.2713
77026 -1.7578 0.1471
77030 -1.6914 0.1556
77036 -0.6419 0.3448
77037 -0.8337 0.3029
77038 -0.6662 0.3393
77039 -0.8579 0.2978
77040 -0.8684 0.2956
77041 -0.8618 0.297
77042 -0.8579 0.2978
77043 -0.8684 0.2956
77044 -0.8337 0.3029
77045 -0.8579 0.2978
77046 -0.8075 0.3084
77047 -0.8337 0.3029
77048 -0.7899 0.3122
77049 -0.8075 0.3084
77050 -0.78 0.3143
77051 -0.7899 0.3122
77052 -0.7821 0.3139
77053 -0.78 0.3143
77054 -0.8285 0.304
77055 -0.7821 0.3139
77056 -1.0154 0.2659
77057 -0.8285 0.304
77059 -1.0154 0.2659
77062 -0.8684 0.2956
77063 -0.9736 0.2742
77064 -0.7899 0.3122
77065 -0.5321 0.37
77066 -0.4867 0.3807
77067 -0.7821 0.3139
77068 -1.2377 0.2248
77070 -1.2436 0.2238
77078 -0.78 0.3143
77079 -0.95 0.2789
77080 -0.4816 0.3819
77081 -0.78 0.3143
77082 -0.3629 0.4102
77083 -0.4816 0.3819
77084 -0.9876 0.2714
77116 -3.8918 0.02
77130 -3.8918 0.02
77134 -3.8918 0.02
77166 -2.1217 0.107
77182 -3.064 0.0446
77192 -2.3461 0.0874
77194 -2.1781 0.1017
77218 -1.2479 0.2231
77222 -1.0796 0.2536
77223 -1.0968 0.2503
77288 -1.3903 0.1994
77300 -1.4897 0.184
77310 -2.9079 0.0518
77326 -2.964 0.0491
77330 -1.0215 0.2647
77331 -1.0529 0.2587
77332 -1.0221 0.2646
77333 -1.0221 0.2646
77342 -3.6765 0.0247
77352 -1.1141 0.2471
77354 -1.0502 0.2592
77355 -1.0787 0.2538
77356 -1.0397 0.2612
77357 -1.0502 0.2592
77360 -1.0787 0.2538
77362 -2.0276 0.1163
77366 -2.1475 0.1046
77378 -1.8305 0.1382
77390 -1.41 0.1962
77402 -1.4192 0.1948
77408 -1.4126 0.1958
77410 -1.6428 0.1621
77424 -1.5896 0.1694
77426 -1.4997 0.1825
77444 -1.8573 0.135
77446 -1.9831 0.121
77474 -1.8788 0.1325
77532 -1.9809 0.1212
77546 -2.6306 0.0672
77559 -2.9444 0.05
77607 -2.9444 0.05
77619 -2.5493 0.0725
77632 -0.8932 0.2905
77633 -2.9444 0.05
77641 -0.5867 0.3574
77642 -0.4548 0.3882
77643 -0.6287 0.3478
77644 -0.5867 0.3574
77645 -0.5997 0.3544
77646 -0.5997 0.3544
77647 -0.5257 0.3715
77648 -0.5257 0.3715
77665 -2.8302 0.0557
77669 -2.5909 0.0697
77689 -2.9444 0.05
77691 -2.9444 0.05
77695 -1.9561 0.1239
77749 -3.0367 0.0458
77753 -2.483 0.0771
77763 -2.7103 0.0624
77767 -2.574 0.0708
77775 -2.4811 0.0772
77777 -2.5141 0.0749
77779 -2.6091 0.0686
77783 -0.7512 0.3206
77784 -0.6828 0.3356
77785 -1.1865 0.2339
77789 -0.5603 0.3635
77790 -0.6119 0.3516
77791 -0.5731 0.3605
77792 -0.5603 0.3635
77793 -0.6454 0.344
77794 -0.5731 0.3605
77795 -0.7489 0.3211
77796 -0.6454 0.344
77797 -0.8223 0.3053
77798 -0.7489 0.3211
77799 -0.9763 0.2736
77800 -0.8223 0.3053
77801 -1.0857 0.2524
77802 -0.9763 0.2736
77804 -1.0857 0.2524
77821 -0.4561 0.3879
77822 -0.5731 0.3605
77823 -0.5029 0.3769
77824 -0.4561 0.3879
77825 -0.811 0.3077
77826 -0.5029 0.3769
77828 -0.811 0.3077
77829 -1.0264 0.2638
77830 -0.811 0.3077
77832 -1.0264 0.2638
77835 -1.6693 0.1585
77851 -0.844 0.3007
77853 -0.9763 0.2736
77854 -0.844 0.3007
77855 -0.6358 0.3462
77856 -1.0264 0.2638
77857 -0.7489 0.3211
77858 -0.6358 0.3462
77863 -0.844 0.3007
77865 -0.6358 0.3462
77866 -0.844 0.3007
77867 -0.4561 0.3879
77868 -0.6358 0.3462
77869 -0.3968 0.4021
77870 -0.5029 0.3769
77871 -0.4501 0.3893
77872 -0.3968 0.4021
77873 -0.5063 0.3761
77874 -0.4501 0.3893
77875 -0.5255 0.3716
77876 -0.5063 0.3761
77887 -0.8932 0.2905
77888 -0.8352 0.3025
77889 -1.0067 0.2676
77890 -0.8932 0.2905
77891 -1.0067 0.2676
77893 -0.6983 0.3322
77894 -1.0067 0.2676
77895 -0.6983 0.3322
77896 -0.6885 0.3344
77897 -0.6803 0.3362
77898 -0.6951 0.3329
77899 -0.6744 0.3375
77900 -0.6803 0.3362
77901 -0.781 0.3141
77902 -0.5867 0.3574
77903 -0.9442 0.2801
77904 -0.781 0.3141
77905 -0.781 0.3141
77906 -0.7275 0.3257
77907 -0.8462 0.3002
77908 -0.781 0.3141
77909 -0.8522 0.299
77910 -0.8223 0.3053
77911 -0.662 0.3403
77912 -0.6637 0.3399
77913 -0.6044 0.3533
77914 -0.6573 0.3413
77915 -0.5866 0.3574
77916 -0.587 0.3573
77917 -0.5731 0.3605
77918 -0.6044 0.3533
77920 -0.6923 0.3335
77921 -0.6922 0.3336
77922 -1.0549 0.2583
77923 -0.6744 0.3375
77924 -0.6922 0.3336
77925 -0.8032 0.3093
77926 -0.6439 0.3444
77927 -0.8053 0.3089
77928 -0.8053 0.3089
77929 -0.3968 0.4021
77930 -0.5603 0.3635
77932 -0.3968 0.4021
77937 -0.4501 0.3893
77938 -0.6165 0.3506
77940 -0.4501 0.3893
77941 -0.8853 0.2921
77942 -0.8208 0.3056
77943 -0.829 0.3039
77944 -0.7499 0.3208
77965 -1.2492 0.2228
77987 -0.8519 0.299
77988 -0.6265 0.3483
77997 -2.9179 0.0513
78007 -2.9187 0.0512
78025 -2.9047 0.0519
78029 -2.6262 0.0675
78039 -2.6989 0.063
78049 -3.0684 0.0444
78064 -3.2786 0.0363
78075 -1.7567 0.1472
78081 -1.5185 0.1797
78083 -1.8008 0.1417
78087 -1.3695 0.2027
78091 -1.4352 0.1923
78117 -1.5074 0.1813
78121 -1.1042 0.249
78123 -1.0982 0.2501
78126 -1.0982 0.2501
78127 -1.0972 0.2503
78129 -1.0963 0.2504
78130 -1.0972 0.2503
78132 -1.0963 0.2504
78151 -1.4879 0.1842
78153 -1.6149 0.1659
78181 -2.3054 0.0907
78219 -1.3328 0.2087
78247 -1.9354 0.1262
78277 -2.2282 0.0972
78279 -2.0893 0.1101
78289 -3.0627 0.0447
78321 -1.9808 0.1212
78329 -1.3509 0.2057
78343 -1.9644 0.123
78345 -1.4563 0.189
78349 -1.0951 0.2507
78355 -1.0901 0.2516
78356 -1.0901 0.2516
78357 -1.1892 0.2334
78393 -1.7027 0.1541
78399 -2.5002 0.0758
78406 -3.1378 0.0416
78447 -2.6906 0.0635
78472 -1.3338 0.2085
78474 -0.9955 0.2698
78475 -0.9955 0.2698
78476 -0.9237 0.2842
78477 -0.9237 0.2842
78478 -0.9191 0.2851
78479 -0.9137 0.2862
78480 -0.9852 0.2719
78481 -0.9852 0.2719
78482 -1.0947 0.2507
78483 -1.0211 0.2648
78484 -1.091 0.2514
78489 -0.7405 0.3229
78490 -0.7755 0.3153
78491 -0.8116 0.3076
78492 -0.7686 0.3168
78493 -0.9313 0.2827
78494 -1.0211 0.2648
78495 -0.8358 0.3024
78496 -0.9191 0.2851
78497 -0.7884 0.3125
78498 -0.7884 0.3125
78499 -0.8116 0.3076
78500 -0.8934 0.2904
78501 -0.7688 0.3167
78502 -0.7973 0.3106
78503 -0.7598 0.3187
78504 -0.7484 0.3212
78505 -0.7743 0.3155
78506 -0.7638 0.3178
78507 -0.7686 0.3168
78508 -0.8687 0.2955
78509 -0.8328 0.3031
78510 -0.8828 0.2926
78511 -1.1263 0.2449
78512 -1.0196 0.2651
78517 -1.0282 0.2634
78518 -1.0946 0.2507
78519 -0.9791 0.2731
78520 -1.0116 0.2667
78521 -0.8459 0.3003
78522 -0.7902 0.3121
78523 -0.7484 0.3212
78524 -0.8459 0.3003
78525 -0.8328 0.3031
78526 -0.9273 0.2835
78527 -0.9528 0.2783
78528 -0.7668 0.3172
78529 -0.7668 0.3172
78530 -0.744 0.3221
78531 -0.7519 0.3204
78532 -0.7456 0.3218
78533 -0.7428 0.3224
78534 -0.8496 0.2995
78535 -0.7528 0.3202
78536 -0.8568 0.298
78537 -0.8568 0.298
78538 -1.1317 0.2438
78540 -0.8817 0.2928
78541 -0.8817 0.2928
78542 -0.8554 0.2983
78543 -0.8554 0.2983
78544 -0.8965 0.2898
78545 -0.8883 0.2915
78546 -1.0408 0.261
78547 -1.0408 0.261
78550 -0.9263 0.2837
78551 -0.8457 0.3003
78552 -0.9392 0.2811
78554 -1.096 0.2505
78563 -1.7463 0.1485
78565 -0.9464 0.2796
78566 -0.9464 0.2796
78567 -0.972 0.2745
78568 -0.972 0.2745
78569 -1.2673 0.2197
78587 -1.471 0.1868
78602 -1.0186 0.2653
78606 -0.9405 0.2808
78623 -1.6827 0.1567
78651 -1.9542 0.1241
78653 -1.9019 0.1299
78669 -1.7428 0.149
78687 -1.5069 0.1814
78705 -1.9939 0.1198
78723 -1.1233 0.2454
78748 -1.6959 0.155
78774 -1.5195 0.1795
78780 -1.8771 0.1327
78791 -1.871 0.1334
78808 -1.0924 0.2512
78810 -1.022 0.2646
78811 -1.022 0.2646
78812 -0.7943 0.3112
78813 -0.9703 0.2748
78814 -1.0902 0.2516
78815 -1.0876 0.2521
78818 -1.4252 0.1938
78828 -3.8679 0.0205
78830 -3.8918 0.02
78840 -1.2733 0.2187
78844 -1.3549 0.2051
78862 -3.6329 0.0258
78876 -2.2844 0.0924
78892 -3.4962 0.0294
78896 -3.0118 0.0469
78904 -2.4611 0.0786
78914 -2.7522 0.06
78926 -3.3963 0.0324
78942 -2.9978 0.0475
78956 -3.6303 0.0258
78982 -2.6073 0.0687
78992 -2.6411 0.0665
78998 -3.3036 0.0354
79002 -3.5154 0.0289
79006 -3.493 0.0295
79024 -3.8918 0.02
79036 -2.9662 0.049
79058 -3.8761 0.0203
79068 -3.1889 0.0396
79072 -1.7987 0.142
79092 -1.5933 0.1689
79108 -1.5174 0.1799
79116 -1.716 0.1524
79132 -1.459 0.1886
79138 -1.474 0.1863
79148 -1.5204 0.1794
79162 -1.6043 0.1674
79166 -1.6781 0.1573
79170 -1.7248 0.1513
79174 -1.6987 0.1546
79176 -2.3757 0.085
79194 -2.4008 0.0831
79220 -2.4035 0.0829
79236 -2.409 0.0825
79240 -2.2591 0.0946
79242 -2.1799 0.1016
79264 -2.3695 0.0855
79268 -2.2993 0.0912
79282 -2.4281 0.0811
79370 -3.8918 0.02
79448 -3.3528 0.0338
79644 -2.944 0.05
79646 -2.8084 0.0569
79650 -2.6891 0.0636
79667 -1.5235 0.1789
79686 -1.419 0.1948
79706 -2.651 0.0659
79722 -1.4685 0.1872
79740 -2.7744 0.0587
79742 -2.8577 0.0543
79759 -3.2874 0.036
79762 -2.7459 0.0603
79770 -1.3789 0.2012
79774 -1.4731 0.1865
79790 -1.0811 0.2533
79791 -0.8648 0.2963
79800 -1.7995 0.1419
79816 -1.8194 0.1395
79818 -3.2295 0.0381
79836 -1.8982 0.1303
79864 -2.7382 0.0608
79874 -1.2917 0.2156
79910 -2.2717 0.0935
79924 -1.8408 0.137
79946 -1.1876 0.2337
79956 -1.2313 0.226
79972 -2.3144 0.0899
80106 -3.8918 0.02
80152 -2.9444 0.05
80276 -2.6156 0.0681
80290 -3.8918 0.02
80342 -3.8918 0.02
80346 -3.8918 0.02
80406 -2.6743 0.0645
80426 -2.7611 0.0595
80428 -2.6996 0.063
80442 -3.1053 0.0429
80460 -3.1146 0.0425
80494 -2.987 0.048
80501 -3.8918 0.02
80511 -3.8918 0.02
80515 -3.8918 0.02
80533 -3.8918 0.02
80539 -1.6053 0.1672
80543 -1.0816 0.2532
80545 -1.0686 0.2557
80546 -1.0816 0.2532
80547 -1.0161 0.2658
80548 -1.0686 0.2557
80549 -0.9934 0.2702
80550 -1.0161 0.2658
80551 -0.983 0.2723
80552 -0.9839 0.2721
80553 -0.9596 0.277
80554 -0.9719 0.2745
80577 -3.0818 0.0439
80687 -3.0874 0.0436
80729 -3.8918 0.02
80739 -3.8918 0.02
80751 -3.1435 0.0413
80753 -2.9136 0.0515
80759 -3.0563 0.0449
80815 -3.8918 0.02
80823 -2.9444 0.05
80827 -3.8918 0.02
80895 -3.8918 0.02
80971 -2.9915 0.0478
81001 -2.7334 0.061
81011 -3.7236 0.0236
81013 -3.8918 0.02
81023 -3.8648 0.0205
81031 -3.8918 0.02
81033 -3.8918 0.02
81043 -3.8918 0.02
81051 -3.8918 0.02
81057 -3.8918 0.02
81061 -3.8918 0.02
81087 -3.8918 0.02
81095 -3.8802 0.0202
81127 -3.8509 0.0208
81179 -3.8918 0.02
81233 -3.8918 0.02
81237 -3.8918 0.02
81253 -3.837 0.0211
81255 -3.8918 0.02
81531 -3.8918 0.02
81615 -3.8918 0.02
81843 -3.8918 0.02
81965 -3.8918 0.02
81985 -3.8918 0.02
82021 -3.8918 0.02
82023 -3.8918 0.02
82245 -3.8391 0.0211
82285 -3.6541 0.0252
82315 -3.6575 0.0251
82489 -3.8918 0.02
82619 -3.8384 0.0211
82649 -3.8918 0.02
82711 -3.8894 0.02
82787 -0.9199 0.285
82788 -0.9809 0.2727
82789 -0.903 0.2884
82790 -0.9199 0.285
82791 -0.8929 0.2905
82792 -0.903 0.2884
82793 -0.8897 0.2912
82794 -0.8929 0.2905
82795 -0.887 0.2917
82796 -0.8897 0.2912
82797 -0.8849 0.2922
82798 -0.887 0.2917
82799 -0.8843 0.2923
82800 -0.8849 0.2922
82801 -0.885 0.2921
82802 -0.8843 0.2923
82803 -0.8961 0.2899
82804 -0.885 0.2921
82805 -0.9524 0.2784
82806 -0.8961 0.2899
82807 -0.942 0.2805
82808 -0.942 0.2805
82809 -0.9554 0.2778
82810 -0.9554 0.2778
82811 -0.9707 0.2747
82812 -0.9707 0.2747
82813 -0.9001 0.289
82814 -0.9524 0.2784
82815 -0.8822 0.2927
82816 -0.8822 0.2927
82817 -0.9927 0.2704
82818 -0.9135 0.2863
82819 -0.8752 0.2942
82820 -0.9135 0.2863
82821 -0.8597 0.2974
82822 -0.8752 0.2942
82823 -0.8627 0.2968
82824 -0.8597 0.2974
82825 -0.868 0.2957
82826 -0.8627 0.2968
82827 -0.8749 0.2942
82828 -0.868 0.2957
82829 -0.8822 0.2927
82830 -0.8749 0.2942
82831 -0.8884 0.2914
82832 -0.8822 0.2927
82833 -0.8875 0.2916
82834 -0.8884 0.2914
82835 -0.8922 0.2907
82836 -0.8875 0.2916
82837 -0.9217 0.2846
82838 -0.8922 0.2907
82839 -1.0511 0.259
82840 -0.9217 0.2846
82849 -0.9044 0.2881
82850 -0.9656 0.2758
82851 -0.8818 0.2928
82852 -0.9044 0.2881
82853 -0.8783 0.2935
82854 -0.8818 0.2928
82855 -0.884 0.2923
82856 -0.8783 0.2935
82857 -0.8898 0.2912
82858 -0.884 0.2923
82859 -0.8963 0.2898
82860 -0.8898 0.2912
82861 -0.9121 0.2866
82862 -0.8963 0.2898
82863 -0.941 0.2807
82864 -0.9121 0.2866
82865 -0.9809 0.2727
82866 -0.941 0.2807
82867 -1.0434 0.2605
82868 -0.9809 0.2727
82919 -0.9043 0.2882
82920 -0.9043 0.2882
82921 -0.8627 0.2968
82922 -0.8865 0.2918
82923 -0.8519 0.299
82924 -0.8627 0.2968
82925 -0.8536 0.2987
82926 -0.8519 0.299
82927 -0.865 0.2963
82928 -0.8536 0.2987
82929 -0.8817 0.2928
82930 -0.865 0.2963
82931 -0.8914 0.2908
82932 -0.8817 0.2928
82933 -0.9027 0.2885
82934 -0.8914 0.2908
82935 -0.9382 0.2813
82936 -0.9027 0.2885
82937 -0.9907 0.2708
82938 -0.9382 0.2813
82939 -1.0785 0.2538
82940 -0.9907 0.2708
82942 -1.0785 0.2538
82943 -0.8949 0.2901
82944 -0.8865 0.2918
82945 -0.9044 0.2881
82946 -0.8949 0.2901
82947 -0.9111 0.2868
82948 -0.9044 0.2881
82949 -0.91 0.287
82950 -0.9111 0.2868
82951 -0.8961 0.2899
82952 -0.91 0.287
82953 -0.8849 0.2922
82954 -0.8961 0.2899
82955 -0.8789 0.2934
82956 -0.8849 0.2922
82957 -0.8752 0.2942
82958 -0.8789 0.2934
82959 -0.9565 0.2776
82960 -0.8752 0.2942
82963 -1.0483 0.2596
82965 -0.9839 0.2721
82966 -1.0483 0.2596
82967 -0.9609 0.2767
82968 -0.9839 0.2721
82969 -0.9484 0.2792
82970 -0.9484 0.2792
82971 -0.9354 0.2818
82972 -0.9354 0.2818
82973 -0.9291 0.2831
82974 -0.9327 0.2824
82975 -0.9291 0.2831
82976 -0.9291 0.2831
82977 -0.9338 0.2822
82978 -0.9291 0.2831
82979 -0.9534 0.2782
82980 -0.9338 0.2822
82981 -0.8783 0.2935
82982 -0.8519 0.299
82983 -0.8843 0.2923
82984 -0.8783 0.2935
82985 -0.8828 0.2926
82986 -0.8843 0.2923
82987 -0.8676 0.2957
82988 -0.8828 0.2926
82989 -0.9724 0.2744
82990 -0.9724 0.2744
82991 -0.8958 0.2899
82992 -0.9361 0.2817
82993 -0.8589 0.2976
82994 -0.8958 0.2899
82995 -0.8489 0.2997
82996 -0.8589 0.2976
82997 -0.837 0.3022
82998 -0.8489 0.2997
82999 -0.8431 0.3009
83000 -0.837 0.3022
83001 -0.8649 0.2963
83002 -0.8431 0.3009
83003 -0.8921 0.2907
83004 -0.8649 0.2963
83005 -0.925 0.2839
83006 -0.8921 0.2907
83007 -0.868 0.2957
83008 -0.8547 0.2985
83009 -0.8876 0.2916
83010 -0.868 0.2957
83011 -0.8849 0.2922
83012 -0.8876 0.2916
83013 -0.884 0.2923
83014 -0.8849 0.2922
83015 -0.8536 0.2987
83016 -0.884 0.2923
83017 -0.8898 0.2912
83018 -0.865 0.2963
83019 -0.8914 0.2908
83020 -0.8898 0.2912
83021 -0.887 0.2917
83022 -0.8876 0.2916
83023 -0.8896 0.2912
83024 -0.887 0.2917
83025 -0.8941 0.2903
83026 -0.8929 0.2905
83027 -0.8749 0.2942
83028 -0.8941 0.2903
83029 -0.8516 0.2991
83030 -0.8749 0.2942
83031 -0.8822 0.2927
83032 -0.847 0.3001
83033 -0.902 0.2886
83034 -0.8822 0.2927
83035 -0.8897 0.2912
83036 -0.902 0.2886
83037 -0.8963 0.2898
83038 -0.8897 0.2912
83039 -0.8817 0.2928
83040 -0.8963 0.2898
83041 -0.9121 0.2866
83042 -0.9027 0.2885
83043 -0.8929 0.2905
83044 -0.9121 0.2866
83045 -0.9145 0.2861
83046 -0.8929 0.2905
83047 -0.8884 0.2914
83048 -0.9145 0.2861
83049 -0.8417 0.3012
83050 -0.8884 0.2914
83051 -0.8414 0.3012
83052 -0.8417 0.3012
83053 -0.8351 0.3026
83054 -0.8344 0.3027
83055 -0.8875 0.2916
83056 -0.8351 0.3026
83057 -0.8489 0.2997
83058 -0.8922 0.2907
83059 -0.8491 0.2996
83060 -0.8489 0.2997
83061 -0.9581 0.2773
83062 -0.9581 0.2773
83063 -0.8909 0.2909
83064 -0.925 0.2839
83065 -0.8878 0.2916
83066 -0.8878 0.2916
83067 -1.0434 0.2605
83068 -0.9809 0.2727
83069 -0.9809 0.2727
83070 -0.9907 0.2708
83071 -0.9199 0.285
83072 -0.9809 0.2727
83073 -0.9529 0.2783
83074 -0.9199 0.285
83075 -0.903 0.2884
83076 -0.9317 0.2826
83077 -0.941 0.2807
83078 -0.903 0.2884
83079 -0.9515 0.2786
83080 -0.941 0.2807
83081 -0.9382 0.2813
83082 -0.952 0.2785
83093 -1.37 0.2026
83118 -1.0965 0.2504
83119 -1.076 0.2543
83120 -1.0833 0.2529
83121 -1.0706 0.2553
83122 -1.0706 0.2553
83123 -1.0551 0.2582
83124 -1.0551 0.2582
83125 -1.0195 0.2651
83126 -1.0034 0.2683
83127 -1.0654 0.2563
83128 -1.0195 0.2651
83219 -3.6941 0.0243
83373 -3.0952 0.0433
83613 -0.9794 0.273
83614 -0.9735 0.2742
83615 -1.001 0.2687
83616 -1.001 0.2687
83617 -1.1603 0.2386
83619 -1.0439 0.2604
83621 -0.9836 0.2722
83622 -0.9836 0.2722
83623 -1.0004 0.2689
83624 -0.9609 0.2767
83626 -1.0004 0.2689
83629 -1.0481 0.2596
83630 -1.0439 0.2604
83631 -1.0496 0.2593
83632 -1.0481 0.2596
83633 -1.0536 0.2585
83634 -1.0496 0.2593
83635 -1.0558 0.2581
83636 -1.0558 0.2581
83637 -1.0596 0.2574
83638 -1.0596 0.2574
83639 -1.0763 0.2542
83640 -1.0763 0.2542
83649 -1.2608 0.2208
83677 -1.8013 0.1417
83759 -2.5009 0.0758
83907 -1.0971 0.2503
83909 -1.2036 0.2308
83911 -1.0195 0.2651
83913 -1.3152 0.2116
83915 -1.0746 0.2545
83917 -1.073 0.2548
83918 -1.0746 0.2545
83919 -1.0848 0.2526
83920 -1.073 0.2548
83921 -1.0971 0.2503
83922 -1.0848 0.2526
83924 -1.0971 0.2503
83937 -1.1208 0.2459
83941 -1.3075 0.2129
83951 -1.2639 0.2203
83959 -1.6691 0.1586
83983 -1.3403 0.2075
84009 -2.7728 0.0588
84011 -2.993 0.0477
84015 -2.8543 0.0545
84021 -3.2752 0.0364
84025 -2.2913 0.0918
84029 -2.1585 0.1035
84037 -1.2635 0.2204
84041 -1.2635 0.2204
84045 -1.4853 0.1846
84083 -1.3274 0.2096
84091 -1.5044 0.1818
84093 -1.643 0.1621
84111 -1.6087 0.1668
84113 -1.4792 0.1856
84123 -1.0924 0.2512
84125 -1.0981 0.2501
84126 -1.0924 0.2512
84127 -1.0992 0.2499
84147 -1.0632 0.2567
84161 -1.4841 0.1848
84235 -1.5759 0.1714
84243 -1.0848 0.2526
84245 -1.0034 0.2683
84246 -1.0848 0.2526
84285 -3.6093 0.0264
84473 -3.8918 0.02
84491 -3.8918 0.02
84551 -3.8918 0.02
84780 -0.9971 0.2695
84781 -0.9956 0.2698
84782 -0.9735 0.2742
84783 -0.9971 0.2695
84784 -0.798 0.3104
84785 -1.0191 0.2652
84786 -0.7484 0.3212
84787 -0.798 0.3104
84788 -0.9709 0.2747
84789 -0.8413 0.3013
84790 -0.9899 0.2709
84791 -0.9709 0.2747
84792 -1.0481 0.2596
84793 -0.9899 0.2709
84794 -1.0348 0.2622
84795 -1.0481 0.2596
84796 -1.0565 0.258
84797 -1.0348 0.2622
84830 -1.0607 0.2572
84831 -1.0837 0.2528
84832 -0.9771 0.2735
84833 -1.0607 0.2572
84834 -0.9757 0.2738
84835 -0.9771 0.2735
84836 -0.9356 0.2818
84837 -0.9757 0.2738
84839 -0.9771 0.2735
84843 -1.0607 0.2572
84870 -3.3875 0.0327
84936 -1.9621 0.1232
84974 -0.9016 0.2887
84975 -1.0212 0.2648
84976 -0.7303 0.3251
84977 -0.9016 0.2887
84978 -0.9313 0.2827
84979 -0.9854 0.2718
84980 -0.8512 0.2992
84981 -0.9313 0.2827
84982 -0.6597 0.3408
84983 -0.8512 0.2992
84984 -0.8223 0.3053
84985 -0.8223 0.3053
84986 -0.7574 0.3192
84987 -0.7793 0.3145
84988 -0.7438 0.3222
84989 -0.7574 0.3192
84990 -0.7093 0.3297
84991 -0.7438 0.3222
84992 -0.7009 0.3316
84993 -0.7093 0.3297
84994 -0.6811 0.336
84995 -0.7009 0.3316
84996 -0.674 0.3376
84997 -0.6811 0.336
84998 -0.6502 0.3429
84999 -0.674 0.3376
85000 -0.6303 0.3475
85001 -0.6502 0.3429
85002 -0.6435 0.3445
85003 -0.6303 0.3475
85004 -0.6456 0.344
85005 -0.6435 0.3445
85006 -0.6462 0.3439
85007 -0.6456 0.344
85008 -0.6473 0.3436
85009 -0.6462 0.3439
85010 -0.6779 0.3367
85011 -0.6779 0.3367
85012 -0.9188 0.2852
85013 -0.9367 0.2816
85014 -0.8864 0.2918
85015 -0.9188 0.2852
85016 -0.7463 0.3216
85017 -0.8864 0.2918
85018 -0.6558 0.3417
85019 -0.6521 0.3425
85020 -1.0453 0.2601
85021 -0.9763 0.2736
85022 -1 0.2689
85023 -1.0453 0.2601
85026 -1.2025 0.231
85044 -1.2331 0.2256
85049 -1.0967 0.2504
85064 -1.3795 0.2011
85070 -1.0361 0.2619
85071 -1.0361 0.2619
85072 -1.8519 0.1356
85076 -1.7211 0.1517
85112 -2.7674 0.0591
85124 -0.9952 0.2699
85125 -0.9934 0.2702
85126 -1.0129 0.2664
85127 -0.9952 0.2699
85128 -1.0585 0.2576
85129 -1.0129 0.2664
85131 -1.0585 0.2576
85133 -1.0816 0.2532
85140 -1.0602 0.2573
85142 -1.0269 0.2637
85143 -1.0602 0.2573
85144 -1.0032 0.2683
85145 -1.0269 0.2637
85146 -0.9993 0.2691
85147 -0.9993 0.2691
85156 -0.9525 0.2784
85157 -0.9525 0.2784
85158 -1.0198 0.2651
85159 -0.9733 0.2742
85160 -1.0484 0.2595
85161 -1.0198 0.2651
85162 -1.074 0.2546
85163 -1.0484 0.2595
85164 -1.0605 0.2572
85165 -1.0605 0.2572
85166 -1.8463 0.1363
85176 -1.4904 0.1839
85196 -1.0437 0.2604
85197 -1.0964 0.2504
85236 -1.6013 0.1678
85242 -1.5013 0.1822
85254 -1.6977 0.1548
85278 -1.3383 0.2078
85298 -1.4478 0.1903
85320 -1.0916 0.2513
85322 -1.0053 0.2679
85323 -1.0916 0.2513
85324 -0.955 0.2779
85325 -0.9676 0.2754
85326 -1.0677 0.2558
85328 -0.9775 0.2734
85329 -1.0677 0.2558
85330 -1.046 0.26
85331 -1.0862 0.2523
85332 -0.9555 0.2778
85333 -1.046 0.26
85334 -1.046 0.26
85335 -1.0677 0.2558
85336 -1.0252 0.264
85337 -1.046 0.26
85338 -1.0053 0.2679
85339 -1.0252 0.264
85342 -1.0521 0.2588
85344 -1.0838 0.2528
85346 -1.0473 0.2597
85347 -1.0838 0.2528
85348 -0.9775 0.2734
85349 -0.9775 0.2734
85350 -1.0833 0.2529
85351 -1.0846 0.2526
85352 -1.0815 0.2532
85353 -1.0838 0.2528
85354 -0.968 0.2753
85355 -1.047 0.2598
85356 -1.0907 0.2515
85357 -1.0907 0.2515
85376 -0.9559 0.2777
85377 -0.9424 0.2804
85378 -0.9622 0.2764
85379 -0.9595 0.277
85382 -1.5907 0.1693
85400 -2.7589 0.0596
85408 -2.7589 0.0596
85414 -2.7088 0.0625
85426 -3.2119 0.0387
85488 -2.9444 0.05
85581 -3.2613 0.0369
85769 -2.605 0.0688
85771 -1.4403 0.1915
85773 -2.0559 0.1135
85781 -3.1069 0.0428
85787 -1.417 0.1951
85789 -1.0638 0.2566
85792 -1.0628 0.2568
85797 -1.4886 0.1841
85799 -1.858 0.1349
85811 -1.0684 0.2557
85812 -1.0774 0.254
85813 -1.0628 0.2568
85814 -1.0684 0.2557
85815 -1.0767 0.2541
85816 -1.0628 0.2568
85818 -1.0767 0.2541
85827 -1.4942 0.1833
85866 -1.0767 0.2541
85869 -1.7934 0.1427
85878 -1.0827 0.253
85893 -2.2133 0.0986
85909 -2.1908 0.1006
85941 -2.2256 0.0975
85945 -2.5754 0.0707
85977 -1.2221 0.2276
85987 -1.6615 0.1596
86019 -1.226 0.2269
86057 -1.3301 0.2091
86073 -1.2173 0.2284
86119 -1.2202 0.2279
86161 -1.1935 0.2326
86209 -1.643 0.1621
86221 -1.1923 0.2328
86239 -1.9353 0.1262
86259 -1.4749 0.1862
86271 -1.4749 0.1862
86275 -2.1259 0.1066
86279 -1.8079 0.1409
86305 -2.1444 0.1049
86389 -2.922 0.0511
86417 -2.7792 0.0585
86423 -2.7267 0.0614
86427 -2.8475 0.0548
86429 -2.7348 0.061
86433 -2.7535 0.0599
86441 -1.2692 0.2194
86443 -1.3242 0.2101
86445 -1.1689 0.2371
86449 -1.1512 0.2403
86451 -1.3182 0.2111
86453 -1.3057 0.2132
86457 -2.26 0.0945
86459 -1.7263 0.1511
86473 -2.8989 0.0522
86477 -2.534 0.0735
86485 -2.4288 0.081
86491 -2.7279 0.0613
86503 -2.8573 0.0543
86515 -2.6613 0.0653
86525 -3.1646 0.0405
86529 -3.0039 0.0473
86535 -3.2132 0.0387
86537 -2.5926 0.0696
86539 -2.896 0.0524
86551 -2.6859 0.0638
86565 -2.502 0.0757
86571 -2.9444 0.05
86585 -2.6926 0.0634
86589 -2.1482 0.1045
86603 -2.7148 0.0621
86651 -1.559 0.1738
86717 -1.7458 0.1486
86745 -2.0275 0.1163
86757 -1.6603 0.1597
86773 -1.5602 0.1736
86781 -1.6196 0.1653
86789 -1.6422 0.1622
86795 -1.776 0.1448
86805 -2.5245 0.0742
86817 -2.9444 0.05
86841 -2.9444 0.05
86843 -2.8632 0.054
86845 -3.3064 0.0354
86847 -2.9705 0.0488
86853 -2.5955 0.0694
86863 -2.2964 0.0914
86869 -2.3155 0.0898
86875 -1.8231 0.1391
86883 -1.479 0.1856
86909 -1.5716 0.172
86919 -1.5515 0.1749
86935 -1.8147 0.1401
86937 -2.6274 0.0674
86943 -3.075 0.0442
86947 -2.7121 0.0623
86951 -1.66 0.1598
86983 -2.0372 0.1154
86989 -2.9429 0.0501
87027 -1.5293 0.1781
87037 -2.7184 0.0619
87045 -3.2643 0.0368
87075 -1.5372 0.1769
87087 -1.6056 0.1672
87093 -1.8381 0.1373
87095 -1.5256 0.1786
87099 -2.6887 0.0636
87109 -2.9019 0.0521
87111 -2.7631 0.0594
87119 -1.4949 0.1832
87125 -1.5512 0.1749
87127 -1.5747 0.1715
87129 -1.4016 0.1976
87133 -1.6268 0.1643
87137 -2.0733 0.1117
87157 -2.7517 0.06
87159 -2.6247 0.0676
87167 -1.3736 0.202
87173 -1.7076 0.1535
87177 -3.1218 0.0422
87183 -3.8918 0.02
87195 -2.735 0.0609
87221 -2.667 0.0649
87229 -2.475 0.0776
87293 -2.9644 0.0491
87321 -2.4848 0.0769
87366 -2.4379 0.0803
87377 -2.5433 0.0729
87391 -2.5622 0.0716
87423 -2.8678 0.0538
87433 -2.8957 0.0524
87437 -2.7905 0.0578
87443 -2.8842 0.0529
87463 -2.6268 0.0674
87469 -0.593 0.3559
87470 -0.593 0.3559
87471 -0.6837 0.3354
87472 -0.63 0.3475
87475 -2.9444 0.05
87477 -2.6803 0.0641
87487 -2.0864 0.1104
87489 -1.7303 0.1506
87497 -1.3629 0.2038
87516 -1.6211 0.165
87529 -1.2033 0.2309
87531 -1.039 0.2613
87532 -1.039 0.2613
87533 -0.8621 0.2969
87534 -0.8621 0.2969
87535 -0.9625 0.2764
87536 -0.9618 0.2765
87537 -0.8444 0.3006
87538 -0.9362 0.2817
87539 -0.4941 0.3789
87540 -0.4941 0.3789
87563 -1.2207 0.2278
87569 -1.4473 0.1904
87573 -1.4405 0.1915
87577 -1.4334 0.1926
87589 -1.7408 0.1492
87612 -1.0568 0.2579
87613 -0.6239 0.3489
87614 -0.624 0.3489
87615 -0.6246 0.3487
87616 -0.6239 0.3489
87617 -0.6347 0.3464
87618 -0.6279 0.348
87619 -0.6439 0.3444
87620 -0.6439 0.3444
87621 -0.6809 0.3361
87622 -0.6686 0.3388
87623 -0.7478 0.3213
87624 -0.7478 0.3213
87625 -0.8919 0.2907
87626 -0.8919 0.2907
87643 -1.9996 0.1192
87645 -1.2554 0.2218
87651 -1.3818 0.2007
87661 -2.1095 0.1082
87669 -2.0227 0.1168
87675 -1.0252 0.264
87677 -1.0164 0.2657
87678 -1.0164 0.2657
87680 -1.0396 0.2612
87681 -0.9039 0.2882
87682 -1.0396 0.2612
87683 -0.7867 0.3129
87684 -0.9039 0.2882
87685 -0.7299 0.3252
87686 -0.7867 0.3129
87716 -2.9819 0.0483
87723 -2.5995 0.0692
87761 -1.9588 0.1236
87771 -1.4242 0.194
87781 -2.0543 0.1136
87813 -1.9796 0.1214
87843 -3.1144 0.0425
87851 -3.2617 0.0369
87855 -3.8918 0.02
87885 -2.5826 0.0703
87889 -2.6581 0.0655
87905 -2.0966 0.1094
87911 -3.0146 0.0468
87921 -3.1553 0.0409
87929 -3.0998 0.0431
87937 -2.8967 0.0523
87947 -0.7867 0.3129
87948 -0.8106 0.3078
87950 -0.7867 0.3129
87953 -2.9165 0.0513
87955 -3.2305 0.038
87959 -2.7426 0.0605
87985 -2.3914 0.0838
87993 -2.9538 0.0496
87995 -2.654 0.0657
87999 -2.8375 0.0553
88009 -2.6096 0.0685
88087 -2.1205 0.1071
88127 -3.529 0.0285
88135 -2.7759 0.0586
88151 -2.7717 0.0589
88171 -2.9444 0.05
88175 -2.9444 0.05
88185 -2.9444 0.05
88187 -2.6147 0.0682
88196 -1.0461 0.26
88201 -3.1368 0.0416
88205 -3.1255 0.0421
88211 -2.8087 0.0569
88235 -0.5889 0.3569
88236 -0.9254 0.2839
88255 -3.1135 0.0426
88277 -3.1413 0.0414
88279 -3.1209 0.0423
88301 -2.0815 0.1109
88304 -0.8981 0.2894
88323 -2.1985 0.0999
88331 -1.1609 0.2385
88335 -1.0984 0.25
88337 -1.0806 0.2534
88338 -1.0984 0.25
88339 -1.0119 0.2666
88340 -1.0806 0.2534
88341 -0.9876 0.2714
88342 -1.0119 0.2666
88343 -0.9229 0.2844
88344 -0.9876 0.2714
88345 -0.9254 0.2839
88346 -0.9229 0.2844
88348 -0.9254 0.2839
88369 -0.7109 0.3294
88370 -0.4679 0.3851
88371 -0.7501 0.3208
88372 -0.7109 0.3294
88374 -0.7501 0.3208
88375 -1.1609 0.2385
88376 -0.9113 0.2867
88379 -1.0867 0.2522
88381 -1.254 0.222
88382 -1.0867 0.2522
88387 -1.036 0.2619
88388 -0.9893 0.2711
88391 -1.1254 0.245
88393 -1.1711 0.2367
88397 -0.9229 0.2844
88405 -2.3472 0.0873
88415 -3.1734 0.0402
88421 -3.004 0.0472
88427 -3.0652 0.0446
88431 -2.3367 0.0881
88433 -2.2286 0.0972
88449 -2.5051 0.0755
88479 -2.5605 0.0717
88493 -2.4918 0.0764
88517 -2.5553 0.0721
88521 -2.8157 0.0565
88527 -2.9869 0.048
88529 -2.9444 0.05
88543 -2.841 0.0551
88565 -2.1383 0.1054
88601 -2.1598 0.1034
88617 -2.6236 0.0676
88643 -2.6269 0.0674
88649 -2.6333 0.067
88675 -2.9675 0.0489
88679 -3.1662 0.0405
88681 -2.8233 0.0561
88707 -2.2792 0.0929
88717 -2.4601 0.0787
88721 -2.6054 0.0688
88725 -2.3732 0.0852
88739 -1.6718 0.1582
88765 -2.5085 0.0753
88793 -1.4369 0.192
88798 -1.7323 0.1503
88801 -1.9336 0.1263
88805 -2.9019 0.0521
88813 -2.6354 0.0669
88845 -1.9901 0.1202
88859 -2.3832 0.0845
88883 -2.2038 0.0994
88897 -2.7863 0.0581
88905 -2.371 0.0854
88913 -2.019 0.1172
88915 -2.5498 0.0724
88923 -2.063 0.1128
88933 -2.2525 0.0951
88941 -2.2384 0.0964
88971 -2.1508 0.1043
89035 -2.7622 0.0594
89045 -2.0739 0.1117
89069 -2.6334 0.067
89099 -2.6309 0.0672
89105 -2.5503 0.0724
89137 -3.1576 0.0408
89145 -3.8918 0.02
89147 -3.8918 0.02
89167 -3.3938 0.0325
89179 -3.8918 0.02
89187 -2.9444 0.05
89207 -3.0602 0.0448
89221 -1.1309 0.244
89225 -0.6583 0.3411
89226 -0.4892 0.3801
89227 -0.9876 0.2714
89228 -0.6583 0.3411
89229 -0.4892 0.3801
89230 -0.5552 0.3647
89231 -0.4665 0.3854
89232 -0.4892 0.3801
89233 -0.4679 0.3851
89234 -0.4665 0.3854
89235 -0.5317 0.3701
89236 -0.4679 0.3851
89237 -0.696 0.3327
89238 -0.5317 0.3701
89239 -0.5424 0.3676
89240 -0.5087 0.3755
89241 -0.5526 0.3653
89242 -0.5424 0.3676
89243 -0.6128 0.3514
89244 -0.5526 0.3653
89245 -0.6344 0.3465
89246 -0.6128 0.3514
89247 -0.7416 0.3226
89248 -0.6344 0.3465
89249 -0.6626 0.3402
89250 -0.7416 0.3226
89251 -0.5761 0.3598
89252 -0.6262 0.3484
89253 -0.5424 0.3676
89254 -0.5761 0.3598
89255 -0.3421 0.4153
89256 -0.3421 0.4153
89257 -0.444 0.3908
89258 -0.3493 0.4136
89259 -0.4637 0.3861
89260 -0.4637 0.3861
89261 -0.5089 0.3754
89262 -0.5089 0.3754
89263 -0.7493 0.321
89264 -0.6128 0.3514
89265 -0.843 0.3009
89267 -0.963 0.2763
89268 -0.963 0.2763
89275 -2.6901 0.0636
89277 -2.6271 0.0674
89281 -2.704 0.0627
89345 -2.6701 0.0648
89349 -2.7907 0.0578
89365 -2.9827 0.0482
89403 -2.3607 0.0862
89435 -2.6092 0.0685
89449 -1.5828 0.1704
89453 -1.8502 0.1359
89465 -2.7135 0.0622
89467 -3.2952 0.0357
89476 -3.4423 0.031
89533 -3.3138 0.0351
89535 -3.3318 0.0345
89541 -3.0382 0.0457
89555 -1.3754 0.2017
89559 -1.4153 0.1954
89565 -1.3951 0.1986
89577 -1.405 0.197
89601 -1.5242 0.1788
89609 -1.4711 0.1868
89615 -1.4711 0.1868
89639 -1.4784 0.1857
89643 -1.5294 0.1781
89645 -1.467 0.1874
89661 -1.3189 0.211
89673 -1.5206 0.1794
89723 -1.6992 0.1546
89737 -2.3278 0.0888
89753 -0.7812 0.3141
89754 -0.6575 0.3413
89755 -0.949 0.2791
89756 -0.949 0.2791
89757 -1.1245 0.2452
89759 -0.9001 0.289
89761 -0.8041 0.3091
89763 -0.7476 0.3213
89778 -1.8597 0.1347
89786 -1.6466 0.1616
89820 -1.6422 0.1622
89822 -1.5862 0.1699
89880 -2.1036 0.1088
89892 -2.3965 0.0834
89896 -2.4862 0.0768
89898 -1.2968 0.2147
89902 -1.3693 0.2027
89912 -1.2824 0.2171
89932 -1.8951 0.1307
89936 -1.8439 0.1366
89950 -1.4469 0.1905
89970 -1.2487 0.2229
89972 -1.2699 0.2193
90004 -1.261 0.2208
90007 -1.0759 0.2543
90008 -1.0977 0.2502
90010 -0.9882 0.2713
90011 -1.0896 0.2517
90012 -0.8184 0.3061
90013 -0.9882 0.2713
90014 -1.0921 0.2512
90015 -0.9074 0.2875
90017 -1.0921 0.2512
90020 -1.0285 0.2634
90026 -1.3403 0.2075
90046 -1.2799 0.2176
90051 -1.0533 0.2586
90064 -1.2068 0.2303
90070 -1.189 0.2334
90072 -1.224 0.2272
90074 -1.2181 0.2283
90080 -1.349 0.206
90092 -1.187 0.2338
90096 -1.3262 0.2098
90104 -1.4181 0.195
90138 -1.1328 0.2436
90140 -1.0676 0.2559
90141 -1.0621 0.2569
90142 -1.0861 0.2524
90143 -1.0676 0.2559
90148 -1.0602 0.2573
90150 -1.0865 0.2523
90151 -1.0686 0.2557
90153 -1.0865 0.2523
90178 -1.2148 0.2288
90188 -1.1193 0.2461
90192 -1.4076 0.1966
90202 -1.2559 0.2217
90210 -1.2438 0.2238
90218 -1.2216 0.2277
90240 -1.2537 0.2221
90244 -1.6014 0.1678
90254 -1.6703 0.1584
90256 -2.9621 0.0492
90265 -2.8712 0.0536
90266 -3.0231 0.0464
90272 -2.6088 0.0686
90290 -1.8927 0.1309
90308 -1.4106 0.1961
90346 -2.969 0.0488
90384 -2.7575 0.0597
90398 -3.8918 0.02
90421 -2.796 0.0575
90432 -3.339 0.0343
90464 -3.8918 0.02
90470 -3.8918 0.02
90478 -3.8918 0.02
90484 -3.8918 0.02
90520 -3.216 0.0386
90564 -2.4975 0.076
90566 -2.4345 0.0806
90570 -2.4558 0.079
90574 -2.4554 0.079
90576 -2.4652 0.0783
90578 -2.4615 0.0786
90580 -2.4185 0.0818
90586 -2.253 0.0951
90592 -2.1263 0.1066
90634 -2.908 0.0518
90668 -2.4958 0.0762
90688 -2.3763 0.085
90694 -2.6601 0.0654
90704 -2.3763 0.085
90722 -3.8918 0.02
90784 -2.7574 0.0597
90790 -1.0808 0.2534
90791 -1.0808 0.2534
90796 -2.6116 0.0684
90802 -2.6463 0.0662
90822 -2.2832 0.0925
90830 -1.3189 0.211
90854 -1.7853 0.1437
90868 -1.0884 0.2519
90870 -1.0315 0.2628
90871 -1.0884 0.2519
90874 -1.2419 0.2241
90890 -3.1368 0.0416
90896 -3.1064 0.0428
90906 -2.973 0.0487
90928 -3.0389 0.0457
90932 -3.1294 0.0419
90954 -2.0942 0.1097
90970 -2.8547 0.0544
90972 -2.7308 0.0612
90984 -2.9904 0.0479
90990 -3.2011 0.0391
91018 -2.5539 0.0722
91020 -2.0879 0.1103
91024 -0.8644 0.2964
91025 -0.8644 0.2964
91026 -1.0009 0.2688
91027 -0.9161 0.2857
91028 -2.6654 0.065
91038 -2.8046 0.0571
91050 -3.3138 0.0351
91058 -3.2648 0.0368
91066 -3.1065 0.0428
91084 -2.9257 0.0509
91088 -2.8669 0.0538
91164 -2.9245 0.051
91182 -3.1077 0.0428
91186 -3.1124 0.0426
91216 -1.9368 0.126
91220 -1.876 0.1329
91328 -2.0228 0.1168
91403 -2.2296 0.0971
91460 -2.4235 0.0814
91518 -3.8918 0.02
91582 -3.8918 0.02
91608 -3.4042 0.0322
91642 -3.8918 0.02
91652 -3.8918 0.02
91678 -2.6612 0.0653
91730 -3.8918 0.02
91776 -3.3443 0.0341
91780 -3.5755 0.0272
91784 -3.3571 0.0337
91798 -3.3804 0.0329
91800 -3.1964 0.0393
91801 -3.1964 0.0393
91814 -2.8172 0.0564
91816 -2.7911 0.0578
91820 -2.8523 0.0546
91846 -2.2703 0.0936
91850 -2.0227 0.1168
91864 -2.6498 0.066
91866 -2.6424 0.0665
91868 -1.6939 0.1553
91876 -0.9505 0.2788
91877 -0.9121 0.2866
91878 -0.9966 0.2696
91879 -0.9966 0.2696
91881 -1.0065 0.2677
91882 -0.9505 0.2788
91883 -0.7593 0.3188
91884 -0.5526 0.3653
91885 -0.5467 0.3666
91886 -0.5087 0.3755
91887 -0.5079 0.3757
91891 -3.3095 0.0352
91897 -1.1617 0.2384
91899 -0.7506 0.3207
91900 -0.7506 0.3207
91902 -1.0261 0.2638
91903 -0.9423 0.2804
91904 -0.7925 0.3116
91905 -0.9846 0.272
91906 -0.9423 0.2804
91907 -1.0403 0.2611
91908 -0.9846 0.272
91910 -1.0403 0.2611
91917 -1.5828 0.1704
91919 -1.705 0.1538
91923 -2.0437 0.1147
91933 -2.0288 0.1162
91935 -1.8071 0.141
91937 -1.7488 0.1482
91939 -1.6025 0.1676
91955 -1.2258 0.2269
91959 -1.6186 0.1654
91967 -1.8672 0.1339
91981 -3.8918 0.02
92007 -2.5226 0.0743
92021 -2.0783 0.1112
92023 -2.1774 0.1018
92045 -1.3015 0.2139
92089 -2.173 0.1022
92095 -1.2117 0.2294
92097 -1.3064 0.2131
92123 -1.1665 0.2375
92129 -1.0572 0.2578
92132 -1.0572 0.2578
92133 -1.0572 0.2578
92134 -1.0852 0.2525
92135 -1.058 0.2577
92136 -1.0572 0.2578
92137 -1.061 0.2571
92138 -1.058 0.2577
92139 -1.1007 0.2496
92140 -1.061 0.2571
92167 -1.0708 0.2552
92169 -1.058 0.2577
92170 -1.0708 0.2552
92172 -1.0708 0.2552
92178 -1.061 0.2571
92185 -1.2915 0.2156
92201 -1.1875 0.2337
92211 -1.2364 0.2251
92225 -1.0933 0.251
92227 -1.5493 0.1752
92235 -1.5427 0.1761
92245 -1.4336 0.1925
92251 -1.2834 0.217
92283 -1.8543 0.1354
92309 -2.5171 0.0747
92321 -2.4428 0.08
92325 -2.3628 0.0861
92333 -2.5515 0.0723
92349 -3.2097 0.0388
92373 -2.1665 0.1028
92377 -2.2005 0.0997
92389 -3.1 0.0431
92409 -3.0967 0.0432
92425 -3.2899 0.0359
92439 -2.4972 0.0761
92465 -2.5856 0.0701
92475 -2.5019 0.0757
92489 -3.1308 0.0419
92547 -3.1458 0.0413
92569 -2.9269 0.0508
92575 -1.2802 0.2175
92577 -1.2595 0.2211
92591 -1.1502 0.2404
92599 -1.0904 0.2515
92601 -1.0773 0.254
92602 -1.0904 0.2515
92603 -1.019 0.2652
92604 -1.0447 0.2602
92611 -1.0618 0.257
92612 -1.0618 0.257
92613 -1.1002 0.2497
92615 -1.0772 0.254
92616 -1.0772 0.254
92617 -1.0447 0.2602
92618 -1.0632 0.2567
92619 -1.0576 0.2578
92620 -1.0447 0.2602
92621 -1.007 0.2676
92622 -1.0069 0.2676
92623 -1.0078 0.2674
92624 -1.0074 0.2675
92625 -1.0219 0.2647
92626 -1.0078 0.2674
92627 -1.0224 0.2646
92628 -1.0219 0.2647
92629 -1.0443 0.2603
92630 -1.0224 0.2646
92631 -1.0607 0.2572
92632 -1.0443 0.2603
92633 -1.0219 0.2647
92634 -1.0623 0.2569
92635 -1.0264 0.2638
92636 -1.0275 0.2636
92637 -1.0217 0.2647
92638 -1.021 0.2648
92639 -1.0229 0.2645
92640 -1.0229 0.2645
92641 -0.9357 0.2818
92642 -0.9368 0.2815
92643 -0.9404 0.2808
92644 -0.9366 0.2816
92645 -0.9916 0.2706
92646 -0.9916 0.2706
92647 -0.988 0.2713
92648 -0.988 0.2713
92649 -0.9751 0.2739
92650 -0.9824 0.2724
92651 -0.9661 0.2757
92652 -0.9751 0.2739
92653 -0.9751 0.2739
92654 -1.0384 0.2615
92655 -1.0384 0.2615
92656 -1.0418 0.2608
92657 -1.0361 0.2619
92658 -1.0384 0.2615
92659 -1.0334 0.2624
92660 -1.0361 0.2619
92661 -1.0319 0.2627
92662 -1.0334 0.2624
92667 -1.0911 0.2514
92669 -1.035 0.2621
92670 -1.0911 0.2514
92671 -1.0204 0.265
92672 -1.035 0.2621
92673 -1.0112 0.2668
92674 -1.0204 0.265
92675 -1.0057 0.2678
92676 -1.0112 0.2668
92677 -1.003 0.2683
92678 -1.0057 0.2678
92679 -1.0572 0.2579
92680 -1.0632 0.2567
92681 -1.0358 0.262
92682 -1.0358 0.262
92683 -1.0058 0.2678
92684 -1.0058 0.2678
92685 -1.0541 0.2584
92686 -0.9821 0.2725
92687 -0.9571 0.2775
92688 -0.9557 0.2777
92689 -1.0168 0.2656
92690 -0.9641 0.2761
92693 -1.238 0.2248
92699 -1.2196 0.228
92705 -1.0884 0.2519
92706 -1.096 0.2505
92707 -1.0859 0.2524
92708 -1.0884 0.2519
92709 -1.0852 0.2525
92710 -1.0859 0.2524
92711 -1.0877 0.2521
92712 -1.085 0.2526
92713 -1.0971 0.2503
92714 -1.0971 0.2503
92717 -1.2049 0.2306
92721 -1.1946 0.2324
92729 -1.24 0.2244
92735 -1.1835 0.2344
92749 -0.8349 0.3026
92750 -0.9 0.2891
92751 -0.8404 0.3015
92752 -0.8349 0.3026
92753 -0.8456 0.3004
92754 -0.8404 0.3015
92755 -0.8563 0.2981
92756 -0.8456 0.3004
92757 -0.8648 0.2963
92758 -0.8563 0.2981
92759 -0.8738 0.2945
92760 -0.8648 0.2963
92761 -0.8765 0.2939
92762 -0.8738 0.2945
92763 -0.8797 0.2932
92764 -0.8797 0.2932
92765 -0.9071 0.2876
92766 -0.8955 0.29
92767 -0.9288 0.2832
92768 -0.9071 0.2876
92769 -1.5118 0.1807
92771 -1.3218 0.2105
92775 -1.0871 0.2522
92777 -1.0039 0.2682
92778 -1.0871 0.2522
92779 -0.9564 0.2776
92780 -1.0039 0.2682
92781 -0.9237 0.2842
92782 -0.9564 0.2776
92799 -1.0654 0.2563
92800 -1.0654 0.2563
92801 -1.2396 0.2245
92803 -2.2157 0.0984
92837 -3.7991 0.0219
92839 -3.8918 0.02
92847 -3.0882 0.0436
92853 -3.0474 0.0453
92857 -3.8918 0.02
92871 -1.8593 0.1348
92909 -2.1776 0.1018
92913 -0.9345 0.282
92914 -0.8398 0.3016
92915 -1.0339 0.2623
92916 -0.9345 0.282
92927 -1.1554 0.2395
92941 -1.5343 0.1774
92953 -1.5251 0.1787
92963 -1.5143 0.1803
93037 -2.8097 0.0568
93057 -1.8377 0.1373
93079 -1.2893 0.216
93103 -2.7636 0.0593
93113 -1.0858 0.2524
93116 -1.0858 0.2524
93119 -1.0137 0.2663
93122 -0.9886 0.2712
93131 -1.1129 0.2473
93133 -1.0899 0.2516
93134 -1.0613 0.2571
93135 -1.0647 0.2564
93138 -1.0647 0.2564
93139 -0.905 0.288
93140 -0.8383 0.3019
93141 -1.0303 0.263
93142 -0.905 0.288
93145 -0.9471 0.2795
93146 -0.9471 0.2795
93147 -0.8783 0.2935
93148 -0.9639 0.2761
93149 -1.0554 0.2582
93151 -0.9827 0.2724
93152 -0.9639 0.2761
93153 -1.0046 0.268
93154 -1.0129 0.2664
93155 -1.0782 0.2539
93156 -1.0782 0.2539
93163 -1.1825 0.2346
93167 -1.224 0.2272
93169 -0.971 0.2747
93170 -0.971 0.2747
93171 -0.9083 0.2873
93172 -0.9083 0.2873
93173 -0.8335 0.3029
93174 -0.8398 0.3016
93175 -0.8459 0.3003
93176 -0.8335 0.3029
93177 -0.8509 0.2992
93178 -0.8459 0.3003
93215 -3.8918 0.02
93221 -3.8918 0.02
93275 -3.8918 0.02
93329 -1.3752 0.2018
93335 -1.0856 0.2525
93347 -1.2999 0.2142
93355 -1.5527 0.1747
93359 -1.5785 0.171
93365 -1.9165 0.1282
93369 -1.904 0.1297
93375 -1.563 0.1732
93379 -0.8489 0.2997
93380 -0.8489 0.2997
93381 -0.8687 0.2955
93382 -0.8687 0.2955
93383 -0.7182 0.3278
93384 -0.7581 0.3191
93385 -0.6559 0.3417
93386 -0.7182 0.3278
93403 -0.9669 0.2755
93404 -0.8414 0.3012
93405 -1.0399 0.2612
93406 -0.9669 0.2755
93408 -1.0399 0.2612
93411 -1.318 0.2112
93418 -1.0579 0.2577
93419 -1.1277 0.2446
93427 -1.0462 0.26
93429 -0.9267 0.2836
93430 -1.0462 0.26
93431 -0.8586 0.2976
93432 -0.9267 0.2836
93433 -0.9966 0.2696
93434 -1.0462 0.26
93435 -0.9959 0.2698
93436 -0.9966 0.2696
93437 -0.8097 0.308
93438 -0.6914 0.3337
93439 -0.7794 0.3144
93440 -0.7794 0.3144
93441 -0.8175 0.3063
93442 -0.8175 0.3063
93443 -0.8182 0.3061
93444 -0.8182 0.3061
93445 -0.6348 0.3464
93446 -0.6559 0.3417
93447 -0.59 0.3566
93448 -0.6348 0.3464
93449 -0.5878 0.3571
93450 -0.59 0.3566
93451 -0.6003 0.3543
93452 -0.5878 0.3571
93453 -0.6303 0.3475
93454 -0.6003 0.3543
93455 -0.7447 0.322
93456 -0.7035 0.331
93457 -0.7719 0.3161
93458 -0.7719 0.3161
93459 -0.8321 0.3032
93460 -0.8321 0.3032
93461 -0.8498 0.2995
93462 -0.8353 0.3025
93463 -0.9574 0.2774
93464 -0.9574 0.2774
93465 -0.9303 0.2829
93466 -0.9453 0.2798
93467 -0.8718 0.2949
93468 -0.7793 0.3145
93475 -1.0581 0.2577
93477 -1.0869 0.2522
93478 -1.0581 0.2577
93481 -0.9211 0.2847
93482 -0.9661 0.2757
93483 -0.9375 0.2814
93484 -0.9211 0.2847
93485 -0.9518 0.2785
93486 -0.9375 0.2814
93487 -0.9919 0.2705
93488 -0.9518 0.2785
93489 -0.7462 0.3217
93490 -0.7462 0.3217
93497 -1.0951 0.2507
93501 -0.9267 0.2836
93502 -0.93 0.2829
93503 -0.827 0.3043
93504 -0.8749 0.2942
93505 -0.8944 0.2902
93506 -0.8703 0.2952
93507 -0.8964 0.2898
93508 -0.8964 0.2898
93509 -0.5565 0.3644
93510 -0.9188 0.2852
93511 -0.6841 0.3353
93512 -0.717 0.328
93513 -0.5694 0.3614
93514 -0.6841 0.3353
93515 -0.5937 0.3558
93516 -0.5937 0.3558
93517 -0.4592 0.3872
93518 -0.4646 0.3859
93519 -0.5412 0.3679
93520 -0.6841 0.3353
93521 -0.4917 0.3795
93522 -0.5412 0.3679
93523 -0.4718 0.3842
93524 -0.4646 0.3859
93525 -0.5412 0.3679
93526 -0.4718 0.3842
93527 -0.8864 0.2918
93528 -0.717 0.328
93529 -0.6391 0.3454
93530 -0.7463 0.3216
93531 -0.6826 0.3357
93532 -0.7053 0.3306
93533 -0.6617 0.3404
93534 -0.7319 0.3248
93535 -1.0216 0.2647
93536 -0.8529 0.2988
93537 -1.0523 0.2588
93538 -1.0216 0.2647
93539 -1.1299 0.2442
93540 -1.0523 0.2588
93549 -1.563 0.1732
93551 -1.3495 0.206
93552 -1.0216 0.2647
93557 -0.9734 0.2742
93558 -1.0523 0.2588
93559 -0.7608 0.3185
93560 -0.7621 0.3182
93561 -0.798 0.3104
93562 -0.798 0.3104
93563 -0.7438 0.3222
93564 -0.8257 0.3046
93565 -0.7145 0.3286
93566 -0.7137 0.3288
93567 -0.6636 0.3399
93568 -0.6636 0.3399
93569 -0.7935 0.3114
93570 -0.7608 0.3185
93571 -0.8223 0.3053
93572 -0.7935 0.3114
93573 -0.8529 0.2988
93574 -0.8223 0.3053
93575 -0.904 0.2882
93576 -0.904 0.2882
93577 -0.8718 0.2949
93578 -0.9268 0.2836
93579 -0.8257 0.3046
93580 -0.8718 0.2949
93581 -0.807 0.3085
93582 -0.8117 0.3075
93583 -0.7287 0.3255
93584 -0.7576 0.3192
93585 -0.7045 0.3308
93586 -0.7045 0.3308
93587 -0.6829 0.3356
93588 -0.7026 0.3312
93589 -0.6473 0.3436
93590 -0.6829 0.3356
93591 -0.9752 0.2738
93592 -0.9959 0.2698
93593 -0.93 0.2829
93594 -0.9752 0.2738
93595 -0.8944 0.2902
93596 -0.93 0.2829
93597 -0.8749 0.2942
93598 -0.8944 0.2902
93599 -0.8097 0.308
93600 -0.8749 0.2942
93601 -0.7596 0.3187
93602 -0.7596 0.3187
93603 -0.9904 0.2708
93604 -0.9453 0.2798
93605 -1.0267 0.2637
93606 -1.0267 0.2637
93607 -1.0423 0.2607
93609 -1.0085 0.2673
93610 -1.0085 0.2673
93611 -0.9727 0.2743
93612 -0.9904 0.2708
93615 -1.5271 0.1784
93619 -1.365 0.2034
93621 -1.2802 0.2175
93633 -0.8268 0.3043
93634 -0.8012 0.3098
93635 -0.8501 0.2994
93636 -0.8268 0.3043
93637 -0.9154 0.2859
93638 -0.8501 0.2994
93639 -0.9919 0.2705
93640 -0.9154 0.2859
93641 -1.0869 0.2522
93642 -0.9919 0.2705
93644 -1.0869 0.2522
93645 -1.0951 0.2507
93647 -1.126 0.2449
93648 -1.0951 0.2507
93653 -2.063 0.1127
93666 -1.0869 0.2522
93677 -1.6986 0.1547
93689 -1.8806 0.1323
93701 -1.9054 0.1295
93703 -1.9201 0.1278
93709 -1.9409 0.1255
93723 -1.9046 0.1296
93729 -1.6526 0.1608
93735 -1.8908 0.1312
93753 -1.8372 0.1374
93765 -0.6286 0.3478
93766 -0.6286 0.3478
93767 -0.8601 0.2973
93768 -0.6416 0.3449
93769 -0.7786 0.3146
93770 -0.755 0.3197
93771 -0.8789 0.2934
93772 -0.6485 0.3433
93773 -0.9708 0.2747
93774 -0.8789 0.2934
93775 -0.8601 0.2973
93776 -0.8789 0.2934
93777 -0.8415 0.3012
93778 -0.8601 0.2973
93779 -0.7957 0.3109
93780 -0.7957 0.3109
93781 -0.8766 0.2939
93782 -0.8763 0.2939
93783 -0.6559 0.3417
93784 -0.7285 0.3255
93785 -0.6572 0.3414
93786 -0.6534 0.3422
93787 -0.6741 0.3376
93788 -0.6741 0.3376
93789 -0.6231 0.3491
93790 -0.6231 0.3491
93791 -0.6292 0.3477
93792 -0.6292 0.3477
93793 -0.7341 0.3243
93794 -0.7574 0.3192
93795 -0.6537 0.3422
93796 -0.6003 0.3543
93797 -1.567 0.1727
93817 -1.0846 0.2526
93818 -1.0846 0.2526
93819 -1.2137 0.229
93823 -1.3385 0.2078
93833 -1.087 0.2522
93835 -1.0453 0.2601
93836 -1.087 0.2522
93837 -0.9708 0.2747
93838 -1.0453 0.2601
93841 -1.0678 0.2558
93842 -1.0678 0.2558
93843 -1.0811 0.2533
93844 -1.0977 0.2502
93845 -1 0.2689
93846 -1.0811 0.2533
93847 -0.898 0.2895
93848 -1 0.2689
93849 -0.8882 0.2915
93850 -0.8882 0.2915
93851 -1.0312 0.2628
93852 -1.0312 0.2628
93853 -0.9793 0.273
93854 -1.0263 0.2638
93855 -1.087 0.2522
93856 -1.0811 0.2533
93857 -1.0212 0.2648
93858 -1.087 0.2522
93859 -1.2419 0.2241
93861 -0.6222 0.3493
93862 -0.6222 0.3493
93863 -0.59 0.3566
93864 -0.6117 0.3517
93865 -0.6126 0.3515
93866 -0.6435 0.3445
93867 -0.5878 0.3571
93868 -0.6349 0.3464
93869 -0.6606 0.3406
93870 -0.6559 0.3417
93871 -0.6554 0.3418
93872 -0.6606 0.3406
93873 -0.646 0.3439
93874 -0.646 0.3439
93875 -0.674 0.3376
93876 -0.6461 0.3439
93877 -0.6926 0.3335
93878 -0.6926 0.3335
93879 -0.9661 0.2757
93880 -0.8718 0.2949
93881 -1.0581 0.2577
93882 -0.9661 0.2757
93899 -3.419 0.0317
93915 -3.3671 0.0333
93925 -3.3359 0.0344
93931 -2.4328 0.0807
93943 -2.3727 0.0853
93947 -2.6503 0.066
93961 -2.7194 0.0618
93971 -2.6338 0.067
93993 -3.1075 0.0428
94021 -2.2661 0.094
94025 -2.2864 0.0923
94041 -2.0272 0.1164
94043 -2.6138 0.0683
94045 -2.6777 0.0643
94053 -1.8327 0.1379
94065 -1.7354 0.1499
94067 -1.4191 0.1948
94073 -1.8987 0.1303
94081 -1.5214 0.1793
94083 -1.0478 0.2596
94085 -1.0293 0.2632
94086 -1.0478 0.2596
94087 -2.892 0.0526
94097 -3.1568 0.0408
94099 -3.1359 0.0417
94107 -2.14 0.1053
94111 -0.9839 0.2721
94112 -0.91 0.287
94113 -1.043 0.2606
94114 -0.9839 0.2721
94115 -1.0663 0.2561
94116 -1.043 0.2606
94118 -1.0663 0.2561
94127 -1.9428 0.1253
94131 -1.4579 0.1888
94137 -0.9277 0.2834
94138 -0.8801 0.2931
94139 -0.9567 0.2775
94140 -0.9567 0.2775
94145 -1.509 0.1811
94149 -1.5499 0.1751
94153 -1.5577 0.174
94174 -1.0724 0.2549
94179 -1.2346 0.2254
94367 -1.0374 0.2617
94368 -1.0387 0.2614
94369 -0.7388 0.3233
94370 -0.7887 0.3124
94371 -0.693 0.3334
94372 -0.7388 0.3233
94373 -0.8459 0.3003
94374 -0.693 0.3334
94375 -0.9374 0.2814
94376 -0.8459 0.3003
94377 -1.0374 0.2617
94378 -0.9374 0.2814
94379 -1.0339 0.2623
94380 -1.0374 0.2617
94385 -0.9922 0.2705
94387 -0.9767 0.2736
94388 -0.9922 0.2705
94389 -0.9103 0.2869
94390 -0.9767 0.2736
94391 -0.9197 0.285
94392 -0.9508 0.2787
94393 -0.8708 0.2951
94394 -0.9197 0.285
94395 -0.816 0.3066
94396 -0.8708 0.2951
94397 -0.8121 0.3074
94398 -0.816 0.3066
94399 -0.8161 0.3066
94400 -0.8121 0.3074
94401 -0.8159 0.3066
94402 -0.8159 0.3066
94403 -0.696 0.3327
94404 -0.6963 0.3326
94405 -0.6914 0.3337
94406 -0.696 0.3327
94407 -2.3938 0.0836
94408 -0.6914 0.3337
94413 -0.6695 0.3386
94414 -0.6715 0.3382
94415 -0.674 0.3376
94416 -0.666 0.3394
94417 -0.7258 0.3261
94418 -0.674 0.3376
94419 -0.8738 0.2945
94420 -0.7258 0.3261
94421 -0.8035 0.3093
94422 -0.7337 0.3244
94423 -0.8988 0.2893
94424 -0.8035 0.3093
94425 -0.666 0.3394
94426 -0.696 0.3327
94427 -0.724 0.3265
94428 -0.666 0.3394
94429 -0.7337 0.3244
94430 -0.724 0.3265
94431 -0.7811 0.3141
94432 -0.7337 0.3244
94433 -0.816 0.3066
94434 -0.7811 0.3141
94435 -0.8829 0.2926
94436 -0.816 0.3066
94437 -1.0099 0.267
94438 -1.025 0.2641
94439 -0.9464 0.2796
94440 -0.9464 0.2796
94442 -1.0856 0.2524
94457 -1.0044 0.2681
94459 -0.9186 0.2853
94460 -0.927 0.2835
94461 -0.907 0.2876
94462 -0.9178 0.2854
94463 -0.8829 0.2926
94464 -0.907 0.2876
94465 -0.8869 0.2918
94466 -0.8869 0.2918
94467 -0.8838 0.2924
94468 -0.8849 0.2922
94469 -0.8817 0.2928
94470 -0.8838 0.2924
94471 -0.8809 0.293
94472 -0.8817 0.2928
94473 -0.882 0.2928
94474 -0.8809 0.293
94475 -0.8842 0.2923
94476 -0.8842 0.2923
94491 -2.1645 0.103
94531 -1.7317 0.1504
94536 -0.9797 0.273
94537 -1.1516 0.2402
94541 -0.9336 0.2822
94543 -0.8702 0.2952
94544 -0.8702 0.2952
94545 -0.9426 0.2804
94546 -0.9767 0.2736
94547 -0.8998 0.2891
94548 -0.8998 0.2891
94549 -0.8078 0.3084
94550 -0.8922 0.2907
94551 -0.8163 0.3066
94552 -0.8163 0.3066
94553 -0.7755 0.3153
94554 -0.8221 0.3053
94555 -0.7752 0.3154
94556 -0.7752 0.3154
94557 -3.8918 0.02
94563 -3.8918 0.02
94623 -3.8918 0.02
94689 -3.8918 0.02
94705 -3.8918 0.02
94709 -3.6233 0.026
94713 -3.8918 0.02
94727 -2.9998 0.0474
94737 -3.7185 0.0237
94757 -2.3717 0.0854
94761 -2.3783 0.0848
94811 -2.4408 0.0801
94825 -2.6166 0.0681
94833 -2.3646 0.0859
94837 -2.0413 0.1149
94841 -1.7346 0.15
94861 -3.1185 0.0424
94863 -3.1455 0.0413
94867 -2.1688 0.1026
94885 -2.8458 0.0549
94915 -2.3999 0.0832
94921 -2.4256 0.0812
94923 -2.4162 0.0819
94929 -2.9444 0.05
94941 -2.5606 0.0717
94955 -2.2052 0.0993
95035 -1.0986 0.25
95036 -1.0986 0.25
95037 -1.0986 0.25
95038 -1.0986 0.25
95040 -1.0986 0.25
95083 -1.0986 0.25
95303 -3.8918 0.02
95429 -3.8918 0.02
95447 -2.6954 0.0632
95500 -2.0247 0.1166
95518 -1.9277 0.127
95524 -2.187 0.1009
95528 -2.2678 0.0938
95530 -2.233 0.0968
95556 -3.207 0.0389
95572 -2.8545 0.0544
95576 -2.1108 0.1081
95586 -2.4087 0.0825
95596 -1.7547 0.1475
95598 -1.5224 0.1791
95612 -1.4145 0.1955
95620 -1.4195 0.1947
95686 -1.9647 0.123
95734 -2.6288 0.0673
95742 -2.5996 0.0692
95748 -2.6588 0.0654
95750 -2.7028 0.0628
95760 -2.9863 0.048
95766 -2.8069 0.057
95807 -3.8918 0.02
95817 -3.8918 0.02
95841 -1.2559 0.2217
95847 -2.4947 0.0762
95851 -1.9381 0.1259
95857 -1.8137 0.1402
95903 -0.2007 0.45
95941 -2.9444 0.05
96011 -3.4794 0.0299
96013 -2.6613 0.0653
96054 -1.1676 0.2373
96084 -2.9765 0.0485
96096 -1.0779 0.2539
96097 -1.0902 0.2516
96098 -1.0071 0.2675
96099 -1.0779 0.2539
96100 -1.0203 0.265
96101 -1.0071 0.2675
96103 -1.0203 0.265
96122 -1.936 0.1261
96130 -1.7905 0.143
96134 -1.4306 0.193
96149 -3.2711 0.0366
96167 -3.8918 0.02
96317 -1.3552 0.205
96333 -3.1833 0.0398
96355 -1.5332 0.1775
96371 -1.4222 0.1943
96391 -2.6492 0.066
96399 -2.7257 0.0615
96401 -1.065 0.2564
96402 -1.0216 0.2647
96404 -1.065 0.2564
96463 -2.9444 0.05
96467 -2.2829 0.0925
96483 -1.2711 0.2191
96485 -1.3218 0.2105
96499 -1.2728 0.2188
96509 -3.0805 0.0439
96535 -3.8918 0.02
96583 -2.6959 0.0632
96585 -2.6294 0.0673
96597 -3.1693 0.0403
96609 -3.6495 0.0253
96633 -2.7335 0.061
96661 -3.6582 0.0251
96711 -3.8767 0.0203
96747 -3.816 0.0215
96781 -3.8918 0.02
96807 -2.0792 0.1111
96829 -1.9685 0.1226
96839 -2.9444 0.05
96843 -2.9444 0.05
96845 -2.9444 0.05
96849 -2.9444 0.05
96863 -2.9773 0.0485
96867 -3.0902 0.0435
96877 -1.9946 0.1198
96897 -1.0226 0.2645
96898 -1.0226 0.2645
96899 -1.0164 0.2657
96900 -1.0164 0.2657
96901 -1.0786 0.2538
96902 -1.0166 0.2657
96904 -1.0786 0.2538
96911 -2.5692 0.0711
96917 -0.9568 0.2775
96918 -1.0196 0.2651
96919 -0.9422 0.2804
96920 -0.9568 0.2775
96921 -0.9301 0.2829
96922 -0.9422 0.2804
96923 -1.0842 0.2527
96924 -1.0188 0.2653
96925 -1.0916 0.2513
96926 -0.9905 0.2708
96931 -1.0786 0.2538
96933 -0.9568 0.2775
96934 -0.9841 0.2721
96935 -0.9422 0.2804
96936 -0.9587 0.2771
96937 -0.9424 0.2804
96938 -0.9301 0.2829
96939 -0.9585 0.2772
96940 -0.9424 0.2804
96941 -1.0872 0.2522
96942 -1.0872 0.2522
96961 -3.643 0.0255
96975 -1.4474 0.1904
97023 -1.5846 0.1701
97049 -2.6619 0.0653
97055 -1.7788 0.1444
97099 -2.1309 0.1061
97111 -2.7475 0.0602
97117 -2.8763 0.0533
97123 -2.8584 0.0542
97135 -3.4932 0.0295
97167 -1.2864 0.2165
97171 -1.3589 0.2044
97199 -2.592 0.0697
97203 -2.5478 0.0726
97227 -2.6414 0.0665
97235 -2.7018 0.0629
97239 -2.8414 0.0551
97263 -2.8923 0.0525
97267 -3.4388 0.0311
97271 -3.4422 0.031
97291 -3.1397 0.0415
97313 -3.1495 0.0411
97365 -3.8918 0.02
97399 -1.397 0.1983
97407 -1.0491 0.2594
97408 -1.0156 0.2659
97409 -1.1207 0.2459
97410 -1.0491 0.2594
97427 -1.0538 0.2585
97428 -1.0907 0.2515
97429 -1.0353 0.2621
97430 -1.0538 0.2585
97431 -1.0156 0.2659
97432 -1.0353 0.2621
97433 -1.0023 0.2685
97434 -1.0156 0.2659
97436 -1.0538 0.2585
97437 -1.3417 0.2072
97440 -1.0761 0.2542
97443 -0.9879 0.2713
97444 -1.0353 0.2621
97445 -0.9556 0.2778
97446 -0.9879 0.2713
97447 -0.9437 0.2802
97448 -0.9556 0.2778
97449 -0.9437 0.2802
97450 -0.9701 0.2749
97451 -0.9286 0.2832
97452 -0.9437 0.2802
97453 -0.9779 0.2733
97454 -0.944 0.2801
97455 -0.9806 0.2728
97456 -1.0202 0.265
97457 -1.0433 0.2605
97458 -1.0873 0.2521
97459 -1.007 0.2676
97460 -1.007 0.2676
97461 -0.9109 0.2868
97462 -0.9109 0.2868
97463 -0.824 0.3049
97464 -0.824 0.3049
97469 -0.9992 0.2691
97470 -1.0004 0.2689
97471 -1.0159 0.2658
97472 -1.0752 0.2544
97473 -0.9626 0.2764
97474 -1.0159 0.2658
97475 -0.8916 0.2908
97476 -0.9139 0.2862
97479 -2.7781 0.0585
97509 -2.5469 0.0726
97526 -1.0581 0.2577
97529 -1.065 0.2564
97537 -1.1917 0.233
97539 -1.1208 0.2459
97549 -2.1809 0.1015
97553 -2.5329 0.0736
97565 -2.6817 0.0641
97581 -2.8239 0.056
97597 -2.808 0.0569
97599 -2.848 0.0548
97611 -2.8657 0.0539
97613 -2.8234 0.0561
97623 -2.7721 0.0589
97649 -2.794 0.0576
97651 -2.7533 0.0599
97655 -2.7959 0.0575
97657 -2.8258 0.0559
97660 -1.0491 0.2594
97662 -1.0761 0.2542
97663 -1.0491 0.2594
97665 -1.0761 0.2542
97666 -0.9733 0.2742
97667 -0.9733 0.2742
97668 -0.9257 0.2838
97669 -0.9391 0.2811
97670 -0.9556 0.2778
97671 -0.9257 0.2838
97690 -2.773 0.0588
97695 -1.0119 0.2666
97696 -1.4242 0.194
97698 -1.6129 0.1662
97710 -2.651 0.0659
97712 -1.0984 0.25
97716 -0.6583 0.3411
97717 -0.6986 0.3321
97718 -0.8981 0.2894
97720 -0.8056 0.3088
97721 -0.8056 0.3088
97784 -2.6036 0.0689
97798 -2.6387 0.0667
97816 -2.4114 0.0823
97820 -2.4774 0.0775
97824 -2.1056 0.1085
97834 -3.2009 0.0391
97838 -3.8918 0.02
97866 -1.783 0.1439
97987 -2.4885 0.0767
98019 -1.6135 0.1661
98033 -1.3013 0.2139
98045 -1.7527 0.1477
98051 -2.4218 0.0815
98067 -1.7154 0.1525
98083 -1.6833 0.1567
98098 -1.2964 0.2148
98106 -1.4151 0.1954
98114 -1.3507 0.2058
98122 -1.3665 0.2032
98134 -2.7604 0.0595
98142 -2.6324 0.0671
98144 -2.6464 0.0662
98148 -2.5849 0.0701
98158 -2.4939 0.0763
98162 -2.5938 0.0695
98166 -2.5412 0.073
98168 -2.5165 0.0747
98172 -2.6506 0.066
98180 -2.6584 0.0655
98204 -2.4736 0.0777
98208 -2.5269 0.074
98232 -3.0557 0.045
98246 -2.9586 0.0493
98276 -2.9309 0.0506
98292 -3.1334 0.0418
98306 -3.1592 0.0407
98308 -2.7903 0.0579
98352 -2.9723 0.0487
98364 -2.9201 0.0512
98386 -3.0025 0.0473
98418 -2.8201 0.0562
98424 -3.1683 0.0404
98428 -1.0634 0.2567
98429 -1.0634 0.2567
98476 -0.9319 0.2825
98477 -0.9434 0.2802
98478 -0.9162 0.2857
98479 -0.9162 0.2857
98480 -0.8248 0.3047
98481 -0.869 0.2955
98482 -0.7869 0.3128
98483 -0.7869 0.3128
98484 -0.8879 0.2915
98485 -0.8437 0.3008
98486 -0.9307 0.2828
98487 -0.9288 0.2832
98508 -2.7773 0.0586
98532 -2.7842 0.0582
98540 -2.7754 0.0587
98542 -3.8918 0.02
98554 -2.9444 0.05
98574 -2.9444 0.05
98578 -2.8356 0.0554
98658 -0.7993 0.3102
98659 -0.8646 0.2964
98660 -0.7625 0.3181
98661 -0.7993 0.3102
98662 -0.7512 0.3206
98663 -0.7625 0.3181
98665 -0.7512 0.3206
98668 -3.3707 0.0332
98746 -3.8918 0.02
98798 -3.8918 0.02
98806 -3.8918 0.02
98814 -3.8918 0.02
98836 -1.9976 0.1195
98838 -1.1742 0.2361
98840 -1.0929 0.2511
98842 -1.069 0.2556
98843 -1.0929 0.2511
98844 -1.0609 0.2571
98845 -1.069 0.2556
98846 -1.0553 0.2582
98847 -1.0609 0.2571
98848 -1.0603 0.2572
98849 -1.0603 0.2572
98852 -3.8375 0.0211
98901 -2.9736 0.0486
98921 -2.6295 0.0673
98951 -2.1365 0.1056
98957 -2.0544 0.1136
98963 -2.302 0.091
98969 -1.9994 0.1193
98981 -3.3155 0.035
98985 -3.8918 0.02
99003 -2.9019 0.0521
99037 -1.5175 0.1798
99061 -1.7299 0.1506
99083 -2.4226 0.0815
99087 -2.4893 0.0766
99097 -3.8918 0.02
99105 -3.8918 0.02
99111 -3.8918 0.02
99143 -3.8143 0.0216
99145 -3.816 0.0215
99147 -3.7028 0.0241
99195 -2.6702 0.0648
99201 -1.0986 0.25
99202 -1.0986 0.25
99209 -2.2617 0.0943
99219 -1.9527 0.1243
99227 -3.5405 0.0282
99233 -3.5404 0.0282
99239 -3.563 0.0276
99241 -3.5228 0.0287
99245 -3.5264 0.0286
99249 -3.5302 0.0285
99253 -3.5292 0.0285
99255 -3.55 0.0279
99257 -3.543 0.0281
99259 -3.5404 0.0282
99265 -3.4683 0.0302
99267 -3.4726 0.0301
99271 -3.4333 0.0313
99275 -3.465 0.0303
99277 -3.4221 0.0316
99279 -3.4473 0.0309
99299 -3.4791 0.0299
99315 -3.5459 0.028
99328 -3.8918 0.02
99337 -3.8918 0.02
99385 -3.8918 0.02
99411 -3.8918 0.02
99415 -3.8918 0.02
99437 -1.92 0.1279
99555 -1.0537 0.2585
99556 -1.0537 0.2585
99557 -1.0222 0.2646
99558 -1.0222 0.2646
99565 -2.2537 0.095
99641 -1.1913 0.233
99649 -1.3148 0.2117
99679 -1.312 0.2122
99683 -2.3014 0.091
99701 -1.8781 0.1326
99705 -1.8731 0.1332
99715 -2.064 0.1126
99727 -2.4312 0.0808
99735 -2.6229 0.0677
99741 -1.0697 0.2555
99742 -1.0697 0.2555
99751 -2.1824 0.1013
99763 -1.9805 0.1213
99767 -1.9969 0.1195
99781 -1.322 0.2105
99795 -1.3979 0.1982
99809 -1.6713 0.1582
99817 -1.725 0.1512
99821 -1.8238 0.139
99831 -2.6411 0.0665
99869 -3.0109 0.0469
99879 -3.5033 0.0292
99939 -2.9508 0.0497
99943 -2.9419 0.0501
99953 -2.1867 0.1009
99957 -2.2284 0.0972
99973 -2.2466 0.0956
99979 -2.2748 0.0932
99991 -2.2707 0.0936
99993 -2.3003 0.0911
99997 -3.0518 0.0451
100009 -2.1411 0.1052
100019 -2.0441 0.1146
100029 -2.081 0.111
100037 -2.0812 0.1109
100057 -2.0542 0.1136
100069 -3.0094 0.047
100091 -2.6008 0.0691
100103 -2.6508 0.0659
100121 -2.7516 0.06
100147 -2.6887 0.0636
100167 -2.5123 0.075
100173 -2.4936 0.0763
100185 -2.5123 0.075
100207 -2.7452 0.0604
100251 -2.9848 0.0481
100275 -3.5201 0.0287
100277 -3.5066 0.0291
100297 -2.6987 0.0631
100311 -2.0706 0.112
100321 -2.0751 0.1115
100325 -2.053 0.1137
100355 -2.0677 0.1123
100359 -2.2409 0.0961
100369 -2.2372 0.0965
100375 -2.9938 0.0477
100385 -2.4837 0.077
100397 -2.4769 0.0775
100399 -2.5002 0.0758
100403 -2.5088 0.0752
100405 -2.4848 0.0769
100407 -2.4928 0.0764
100411 -2.6041 0.0689
100427 -2.9792 0.0484
100437 -3.0541 0.045
100443 -3.4694 0.0302
100457 -3.0206 0.0465
100469 -3.4048 0.0321
100479 -3.5279 0.0285
100507 -3.1222 0.0422
100515 -2.0567 0.1134
100517 -2.0605 0.113
100523 -2.1014 0.109
100527 -2.0547 0.1136
100535 -2.0611 0.1129
100537 -2.0318 0.1159
100555 -1.6804 0.157
100559 -1.7628 0.1464
100569 -1.8964 0.1305
100574 -1.5332 0.1775
100589 -2.9724 0.0487
100593 -3.024 0.0464
100635 -3.0845 0.0438
100665 -2.9395 0.0502
100673 -2.5507 0.0724
100687 -1.3389 0.2077
100691 -0.9228 0.2844
100692 -0.9228 0.2844
100693 -0.8801 0.2931
100694 -0.9087 0.2873
100709 -3.13 0.0419
100715 -3.3095 0.0352
100725 -2.9444 0.05
100727 -2.9444 0.05
100729 -3.0031 0.0473
100733 -1.3167 0.2114
100749 -3.8013 0.0219
100755 -1.0202 0.265
100756 -1.0873 0.2521
100757 -0.9779 0.2733
100758 -1.0202 0.265
100759 -0.9701 0.2749
100760 -0.9779 0.2733
100761 -1.072 0.255
100762 -1.072 0.255
100771 -1.1154 0.2469
100781 -1.3489 0.2061
100793 -2.7537 0.0599
100807 -2.5898 0.0698
100817 -2.5465 0.0727
100837 -2.685 0.0639
100845 -3.8918 0.02
100883 -3.8918 0.02
100893 -3.8918 0.02
100915 -3.8918 0.02
100965 -1.9146 0.1285
100967 -0.6075 0.3526
100968 -0.6075 0.3526
100987 -3.2033 0.039
100997 -1.6682 0.1587
101007 -1.961 0.1234
101041 -2.1664 0.1028
101055 -2.3468 0.0873
101069 -2.6356 0.0669
101091 -0.8935 0.2904
101092 -0.8217 0.3054
101093 -1.0828 0.253
101094 -1.0201 0.265
101095 -0.8941 0.2903
101096 -0.8941 0.2903
101097 -0.903 0.2884
101098 -0.903 0.2884
101099 -0.726 0.3261
101100 -0.7803 0.3142
101101 -0.6048 0.3532
101102 -0.7198 0.3274
101104 -0.9993 0.2691
101108 -1.0884 0.2519
101119 -1.0727 0.2549
101120 -1.0727 0.2549
101121 -0.865 0.2963
101122 -0.8218 0.3054
101123 -0.9866 0.2716
101124 -0.865 0.2963
101126 -0.9866 0.2716
101139 -2.0237 0.1167
101171 -2.089 0.1102
101175 -2.0785 0.1112
101191 -2.1511 0.1042
101199 -0.732 0.3248
101200 -0.9394 0.281
101201 -0.3963 0.4022
101202 -0.3963 0.4022
101203 -1.0767 0.2541
101204 -0.8152 0.3068
101205 -1.0445 0.2603
101206 -1.0445 0.2603
101219 -1.4377 0.1919
101235 -1.7289 0.1507
101237 -1.2606 0.2209
101295 -2.4748 0.0776
101303 -1.7098 0.1532
101329 -1.3213 0.2106
101361 -1.5157 0.1801
101365 -1.5948 0.1687
101377 -1.5414 0.1763
101379 -1.3629 0.2038
101381 -1.1582 0.239
101383 -0.7861 0.313
101384 -0.7846 0.3133
101385 -0.5181 0.3733
101386 -0.5301 0.3705
101387 -0.6262 0.3484
101388 -0.5181 0.3733
101389 -0.7493 0.321
101390 -0.6262 0.3484
101391 -0.8909 0.2909
101392 -0.7493 0.321
101393 -1.0176 0.2655
101394 -0.8909 0.2909
101397 -0.7181 0.3278
101398 -1.0806 0.2534
101399 -0.6986 0.3321
101400 -0.7181 0.3278
101401 -0.4665 0.3854
101402 -0.6986 0.3321
101413 -1.299 0.2143
101423 -1.1711 0.2367
101427 -0.7217 0.327
101428 -0.7649 0.3176
101429 -2.0203 0.1171
101431 -1.7775 0.1446
101433 -1.9225 0.1276
101447 -1.696 0.155
101449 -1.4057 0.1969
101451 -1.5341 0.1774
101461 -1.7134 0.1527
101477 -1.0947 0.2507
101483 -3.0267 0.0462
101488 -2.1191 0.1073
101490 -2.7535 0.0599
101495 -2.1102 0.1081
101499 -2.3385 0.088
101507 -2.4164 0.0819
101519 -2.7864 0.0581
101521 -2.1234 0.1068
101525 -2.2925 0.0917
101543 -1.8049 0.1413
101549 -1.8077 0.1409
101551 -1.6978 0.1548
101567 -1.9128 0.1287
101579 -1.2357 0.2252
101587 -1.9555 0.124
101589 -1.7015 0.1543
101605 -1.052 0.2588
101607 -1.6189 0.1654
101617 -1.7146 0.1526
101625 -2.3465 0.0873
101637 -2.233 0.0968
101643 -2.2058 0.0992
101661 -2.3009 0.091
101677 -2.5137 0.0749
101679 -2.5064 0.0754
101697 -2.0139 0.1178
101701 -2.4891 0.0766
101721 -2.1796 0.1016
101723 -2.2948 0.0916
101733 -2.1931 0.1004
101739 -2.1896 0.1007
101755 -2.2581 0.0947
101767 -2.4471 0.0796
101795 -2.5522 0.0723
101839 -3.8918 0.02
101845 -3.8918 0.02
101847 -2.609 0.0686
101859 -2.2217 0.0978
101871 -2.2936 0.0917
101889 -2.4487 0.0795
101929 -3.4041 0.0322
101940 -3.5829 0.027
101943 -2.6839 0.0639
101951 -3.8918 0.02
101989 -2.3316 0.0885
101995 -2.3081 0.0905
102005 -2.466 0.0783
102017 -2.5129 0.075
102065 -2.0021 0.119
102084 -3.8918 0.02
102086 -3.8918 0.02
102130 -3.8918 0.02
102164 -3.8918 0.02
102188 -3.1206 0.0423
102220 -3.8918 0.02
102222 -3.8918 0.02
102256 -3.8918 0.02
102260 -3.8918 0.02
102262 -3.8918 0.02
102270 -3.8918 0.02
102280 -3.8918 0.02
102296 -3.8063 0.0217
102302 -3.8335 0.0212
102306 -3.8918 0.02
102308 -3.8918 0.02
102314 -3.8918 0.02
102328 -3.7954 0.022
102346 -3.8918 0.02
102360 -3.8918 0.02
102370 -3.839 0.0211
102392 -3.8918 0.02
102422 -3.8918 0.02
102426 -3.8918 0.02
102434 -3.8503 0.0208
102438 -3.8274 0.0213
102450 -3.0663 0.0445
102454 -3.7376 0.0233
102456 -3.6829 0.0245
102462 -3.7316 0.0234
102506 -3.8687 0.0205
102512 -3.8918 0.02
102514 -3.8918 0.02
102530 -3.8918 0.02
102616 -3.8918 0.02
102624 -3.8818 0.0202
102638 -3.8918 0.02
102652 -3.8918 0.02
102680 -3.8918 0.02
102686 -3.8918 0.02
102708 -3.4254 0.0315
102746 -3.8918 0.02
102792 -2.815 0.0565
102802 -3.8918 0.02
102810 -2.785 0.0581
102868 -3.5511 0.0279
102892 -3.7864 0.0222
102910 -1.9206 0.1278
102913 -1.7437 0.1488
102920 -3.4684 0.0302
102938 -2.1787 0.1017
102940 -3.8918 0.02
102950 -3.8799 0.0202
102966 -3.8657 0.0205
102990 -3.8831 0.0202
102994 -3.8657 0.0205
103002 -3.8698 0.0204
103040 -3.691 0.0243
103046 -3.6029 0.0265
103058 -3.5355 0.0283
103068 -3.3496 0.0339
103078 -3.2753 0.0364
103128 -3.5279 0.0285
103154 -2.7551 0.0598
103172 -3.5094 0.029
103184 -3.2197 0.0384
103250 -3.1579 0.0408
103308 -3.8918 0.02
103314 -3.8918 0.02
103444 -3.0903 0.0435
103464 -2.6018 0.069
103516 -1.329 0.2093
103532 -1.741 0.1492
103544 -2.2242 0.0976
103586 -1.587 0.1698
103590 -1.6524 0.1608
103602 -2.5303 0.0738
103728 -3.5105 0.029
103806 -2.7457 0.0603
103835 -3.8918 0.02
103841 -3.2974 0.0357
103842 -3.2757 0.0364
103864 -3.8918 0.02
103904 -3.5664 0.0275
103914 -3.4909 0.0296
103916 -3.439 0.0311
103926 -3.5175 0.0288
104084 -3.8918 0.02
104140 -3.8918 0.02
104168 -3.8918 0.02
104176 -3.8918 0.02
104178 -0.6083 0.3524
104179 -0.5349 0.3694
104180 -0.6191 0.35
104181 -0.6083 0.3524
104182 -0.659 0.341
104183 -0.6191 0.35
104184 -0.6932 0.3333
104185 -0.6897 0.3341
104186 -0.6675 0.3391
104187 -0.6893 0.3342
104188 -0.6487 0.3433
104189 -0.6675 0.3391
104324 -2.8864 0.0528
104326 -2.5719 0.071
104356 -2.8411 0.0551
104372 -2.8864 0.0528
104376 -2.8528 0.0545
104385 -2.764 0.0593
104426 -1.9898 0.1203
104434 -2.0901 0.1101
104440 -2.8617 0.0541
104444 -2.9931 0.0477
104452 -2.6955 0.0632
104456 -2.7253 0.0615
104470 -2.1661 0.1028
104534 -2.7943 0.0576
104548 -2.5155 0.0748
104570 -3.0213 0.0465
104578 -2.9552 0.0495
104584 -2.8396 0.0552
104594 -2.9483 0.0498
104606 -1.7897 0.1431
104618 -1.6849 0.1564
104637 -1.0812 0.2533
104674 -1.4004 0.1977
104692 -1.0177 0.2655
104724 -1.616 0.1658
104744 -1.4909 0.1838
104758 -1.7455 0.1486
104760 -1.7032 0.154
104762 -1.259 0.2211
104766 -1.0902 0.2516
104768 -1.749 0.1482
104790 -1.3012 0.214
104804 -1.3551 0.205
104822 -1.0232 0.2644
104824 -0.9403 0.2808
104825 -0.9403 0.2808
104826 -0.2134 0.4469
104827 -0.4165 0.3974
104828 -0.2783 0.4309
104829 -0.2134 0.4469
104830 -0.4728 0.3839
104831 -0.4728 0.3839
104834 -1.6402 0.1624
104836 -1.6989 0.1546
104838 -1.5332 0.1775
104860 -3.0254 0.0463
104868 -2.9421 0.0501
104910 -2.298 0.0913
104918 -2.1066 0.1085
104928 -1.6079 0.1669
105016 -2.0299 0.1161
105042 -1.7091 0.1533
105064 -1.7517 0.1478
105068 -1.8218 0.1392
105088 -1.7397 0.1493
105100 -1.7741 0.145
105110 -1.939 0.1258
105114 -1.7705 0.1455
105126 -1.832 0.138
105142 -1.0755 0.2544
105143 -1.0755 0.2544
105148 -2.35 0.0871
105158 -1.8578 0.135
105170 -1.947 0.1249
105247 -1.9272 0.1271
105271 -2.0985 0.1092
105289 -1.4446 0.1908
105297 -2.0272 0.1164
105311 -2.1787 0.1017
105313 -2.3756 0.0851
105361 -1.9536 0.1242
105365 -1.7634 0.1464
105389 -1.761 0.1467
105391 -1.7287 0.1507
105399 -1.7006 0.1544
105405 -1.6956 0.155
105415 -1.7671 0.1459
105423 -1.7927 0.1427
105429 -2.6376 0.0668
105455 -0.7728 0.3159
105456 -0.8408 0.3014
105457 -0.9328 0.2824
105458 -0.7728 0.3159
105459 -0.9833 0.2722
105460 -0.9833 0.2722
105461 -0.9071 0.2876
105462 -0.9811 0.2727
105463 -0.8522 0.299
105464 -0.9522 0.2785
105465 -0.8189 0.306
105466 -0.7672 0.3171
105467 -1.0921 0.2512
105468 -1.0885 0.2519
105471 -1.0956 0.2506
105472 -1.0956 0.2506
105475 -1.1313 0.2439
105737 -3.8918 0.02
105789 -3.8918 0.02
105829 -0.4117 0.3985
105830 -0.3754 0.4072
105831 -0.4904 0.3798
105832 -0.4117 0.3985
105855 -0.3612 0.4107
105856 -0.3681 0.409
105857 -0.4021 0.4008
105858 -0.3887 0.404
105859 -0.4506 0.3892
105860 -0.4021 0.4008
105861 -0.4451 0.3905
105862 -0.4466 0.3902
105863 -0.4834 0.3815
105864 -0.4538 0.3885
105865 -0.4904 0.3798
105866 -0.5265 0.3713
105867 -0.4117 0.3985
105868 -0.4718 0.3842
105869 -0.4021 0.4008
105870 -0.4117 0.3985
105871 -0.3679 0.409
105872 -0.376 0.4071
105873 -0.4305 0.394
105874 -0.4305 0.394
105875 -0.4966 0.3784
105876 -0.4966 0.3784
105877 -0.6019 0.3539
105878 -0.5559 0.3645
105879 -0.3887 0.404
105880 -0.4234 0.3957
105881 -0.4836 0.3814
105882 -0.4836 0.3814
105883 -0.5559 0.3645
105884 -0.5153 0.374
105885 -0.6106 0.3519
105886 -0.6091 0.3523
106049 -3.8918 0.02
106209 -3.8918 0.02
106275 -0.5131 0.3745
106276 -0.5131 0.3745
106277 -0.5167 0.3736
106278 -0.4757 0.3833
106279 -0.5284 0.3709
106280 -0.5327 0.3699
106281 -0.9567 0.2775
106282 -0.9567 0.2775
106283 -0.5393 0.3683
106284 -0.5393 0.3683
106285 -0.4397 0.3918
106286 -0.4757 0.3833
106287 -0.7887 0.3124
106288 -0.7956 0.311
106343 -3.8918 0.02
106721 -3.8918 0.02
106741 -3.8918 0.02
106767 -3.8918 0.02
106835 -3.8918 0.02
106895 -3.8918 0.02
106919 -3.7901 0.0221
106933 -3.681 0.0246
106955 -3.8918 0.02
107005 -1.5154 0.1801
107009 -1.7004 0.1544
107015 -1.5919 0.1691
107035 -2.0745 0.1116
107205 -1.3129 0.212
107361 -1.3642 0.2036
107367 -1.2183 0.2282
107379 -1.2247 0.2271
107433 -0.8941 0.2903
107434 -0.9093 0.2871
107435 -0.9403 0.2808
107436 -0.9403 0.2808
107437 -0.9765 0.2736
107438 -0.9489 0.2791
107439 -0.9625 0.2764
107440 -0.9655 0.2758
107441 -0.9175 0.2855
107442 -0.9393 0.281
107443 -0.9076 0.2875
107444 -0.9175 0.2855
107445 -0.9665 0.2756
107446 -0.8951 0.2901
107463 -1.4132 0.1957
107553 -3.1263 0.042
107557 -0.984 0.2721
107558 -0.9765 0.2736
107559 -1.0087 0.2672
107560 -0.984 0.2721
107561 -1.0087 0.2672
107562 -0.91 0.287
107563 -0.984 0.2721
107564 -0.8753 0.2941
107565 -1.0597 0.2574
107566 -0.9839 0.2721
107567 -1.1406 0.2422
107568 -1.0287 0.2633
107702 -3.8918 0.02
107853 -3.8918 0.02
108031 -3.8918 0.02
108207 -3.8918 0.02
108219 -3.8918 0.02
108273 -3.8918 0.02
108319 -3.8918 0.02
108745 -3.8918 0.02
108777 -3.8918 0.02
108807 -2.6474 0.0661
108809 -0.811 0.3077
108810 -0.8055 0.3089
108811 -0.9016 0.2887
108812 -0.8512 0.2992
108813 -0.9882 0.2713
108814 -0.9016 0.2887
108993 -3.8918 0.02
109009 -3.8918 0.02
109061 -3.8918 0.02
109073 -3.8918 0.02
109077 -3.8918 0.02
109103 -3.8918 0.02
109111 -3.8918 0.02
109119 -3.8918 0.02
109145 -2.7513 0.06
109147 -2.763 0.0594
109159 -1.3553 0.205
109161 -1.1929 0.2327
109169 -1.186 0.234
109177 -1.381 0.2008
109179 -1.3791 0.2012
109183 -1.745 0.1487
109185 -1.305 0.2133
109187 -1.0366 0.2618
109188 -1.04 0.2612
109189 -1.0439 0.2604
109190 -1.0439 0.2604
109193 -1.665 0.1591
109231 -2.0479 0.1143
109243 -1.7599 0.1468
109249 -1.6579 0.16
109251 -1.0544 0.2584
109252 -1.0361 0.2619
109253 -1.0699 0.2554
109254 -1.0544 0.2584
109255 -1.0863 0.2523
109256 -1.0699 0.2554
109258 -1.0863 0.2523
109261 -1.131 0.244
109283 -1.222 0.2276
109291 -1.2481 0.223
109293 -2.2042 0.0994
109303 -2.1953 0.1002
109317 -2.1719 0.1023
109319 -1.3035 0.2136
109325 -1.5558 0.1742
109335 -1.8208 0.1393
109345 -1.1193 0.2461
109383 -1.9488 0.1247
109414 -1.8068 0.141
109421 -1.7974 0.1422
109457 -1.5833 0.1703
109459 -1.7109 0.153
109465 -1.6975 0.1548
109499 -1.867 0.1339
109523 -1.8432 0.1367
109535 -1.7908 0.143
109541 -1.8401 0.137
109547 -1.6646 0.1591
109553 -1.2097 0.2298
109559 -1.1026 0.2493
109561 -1.0863 0.2523
109562 -1.0765 0.2542
109563 -1.0699 0.2554
109564 -1.0626 0.2568
109565 -1.0544 0.2584
109566 -1.0461 0.26
109573 -3.8802 0.0202
109579 -3.5664 0.0275
109598 -3.1102 0.0427
109603 -3.2787 0.0363
109607 -3.5369 0.0283
109611 -3.4359 0.0312
109673 -2.3294 0.0887
109697 -1.7931 0.1427
109719 -1.3864 0.2
109725 -1.1168 0.2466
109727 -1.1195 0.2461
109728 -1.0565 0.258
109731 -1.4124 0.1959
109737 -1.6533 0.1607
109743 -1.0599 0.2573
109744 -1.0729 0.2548
109745 -1.0565 0.258
109746 -1.0599 0.2573
109747 -1.0556 0.2582
109748 -1.056 0.2581
109750 -1.0207 0.2649
109757 -1.0207 0.2649
109758 -1.0074 0.2675
109769 -2.1644 0.103
109779 -1.7974 0.1422
109835 -1.6583 0.16
109841 -3.768 0.0226
109849 -3.3452 0.0341
109855 -2.4365 0.0804
109857 -2.366 0.0858
109865 -2.2248 0.0975
109907 -1.9943 0.1198
109913 -1.3452 0.2067
109921 -1.938 0.1259
109923 -1.8642 0.1342
109935 -2.4896 0.0766
109955 -2.5628 0.0716
109965 -2.0848 0.1106
109971 -1.7705 0.1455
109983 -1.0981 0.2501
109995 -1.4437 0.191
109999 -1.3612 0.204
110033 -2.6018 0.069
110039 -2.5507 0.0724
110051 -3.8918 0.02
110083 -3.5863 0.027
110087 -1.4129 0.1958
110089 -1.2395 0.2245
110097 -1.2332 0.2256
110119 -1.2432 0.2239
110123 -1.2403 0.2244
110127 -1.2428 0.224
110129 -1.2456 0.2235
110131 -1.2657 0.22
110133 -1.2515 0.2224
110137 -1.2515 0.2224
110151 -1.2702 0.2192
110153 -1.2773 0.218
110157 -1.2793 0.2177
110159 -1.3076 0.2129
110163 -1.2244 0.2272
110169 -1.2305 0.2261
110175 -1.27 0.2193
110181 -1.2419 0.2241
110189 -2.1846 0.1011
110193 -1.5782 0.1711
110195 -2.1807 0.1015
110211 -1.1126 0.2474
110212 -1.0849 0.2526
110225 -1.4247 0.1939
110235 -2.782 0.0583
110255 -1.7662 0.146
110257 -1.295 0.215
110263 -1.3596 0.2043
110269 -1.2289 0.2264
110271 -2.4047 0.0828
110273 -2.3294 0.0887
110315 -3.8918 0.02
110333 -3.8918 0.02
110337 -3.8918 0.02
110339 -3.8918 0.02
110347 -3.8918 0.02
110355 -3.8918 0.02
110399 -3.8918 0.02
110533 -3.8918 0.02
110573 -3.8918 0.02
110592 -3.8918 0.02
110603 -3.8918 0.02
110639 -1.6372 0.1629
110651 -1.3841 0.2003
110655 -1.2711 0.2191
110657 -1.3738 0.202
110681 -1.4634 0.188
110683 -1.5212 0.1793
110705 -1.406 0.1969
110741 -1.3964 0.1984
110745 -1.3478 0.2062
110751 -1.4419 0.1912
110755 -0.9001 0.289
110756 -0.9001 0.289
110757 -0.8884 0.2914
110758 -0.8916 0.2908
110761 -1.3746 0.2019
110763 -1.2999 0.2142
110773 -1.2859 0.2165
110785 -1.2926 0.2154
110787 -1.3061 0.2131
110791 -1.3185 0.2111
110793 -1.2649 0.2201
110797 -1.3769 0.2015
110803 -1.2531 0.2222
110891 -3.3168 0.035
110895 -3.8918 0.02
111005 -3.8918 0.02
111015 -3.8918 0.02
111029 -3.8918 0.02
111111 -3.8918 0.02
111121 -3.8918 0.02
111217 -3.4249 0.0315
111309 -3.8918 0.02
111535 -3.6482 0.0254
111739 -3.5294 0.0285
111773 -3.0501 0.0452
111787 -2.5238 0.0742
111811 -2.4519 0.0793
111857 -2.7224 0.0617
111901 -2.9932 0.0477
111991 -3.2976 0.0357
112043 -3.2192 0.0385
112075 -2.7917 0.0578
112089 -2.5305 0.0738
112091 -2.839 0.0553
112115 -3.1209 0.0423
112129 -2.9126 0.0515
112143 -2.0454 0.1145
112149 -1.2948 0.215
112153 -1.9536 0.1242
112159 -1.751 0.1479
112167 -1.7354 0.1499
112191 -2.5043 0.0756
112221 -1.8297 0.1383
112285 -2.0079 0.1184
112293 -1.9883 0.1204
112309 -1.9026 0.1298
112323 -2.3063 0.0906
112343 -2.198 0.0999
112371 -2.838 0.0553
112389 -2.9444 0.05
112401 -2.7663 0.0592
112437 -2.6378 0.0667
112445 -2.9444 0.05
112485 -2.9444 0.05
112517 -2.9444 0.05
112545 -2.6901 0.0636
112761 -3.8918 0.02
112771 -2.3362 0.0882
112829 -2.0955 0.1095
112833 -2.3745 0.0851
112847 -2.5685 0.0712
112849 -2.4609 0.0786
112851 -2.3356 0.0882
112857 -1.9703 0.1224
112859 -2.1309 0.1061
112873 -3.0465 0.0454
112875 -1.7825 0.144
112881 -2.4095 0.0825
112883 -2.3953 0.0835
112885 -2.3606 0.0862
112893 -2.4897 0.0766
112913 -1.7563 0.1473
112927 -1.9775 0.1216
112933 -2.4819 0.0771
113013 -2.4382 0.0803
113017 -2.1795 0.1016
113029 -2.0218 0.1169
113039 -2.2142 0.0985
113043 -2.0888 0.1102
113051 -2.0888 0.1102
113067 -3.281 0.0362
113083 -3.8918 0.02
113159 -0.9942 0.2701
113160 -0.9989 0.2692
113161 -0.9838 0.2721
113162 -0.9942 0.2701
113163 -0.9543 0.278
113164 -0.9543 0.278
113165 -0.8208 0.3056
113166 -0.8698 0.2953
113167 -0.7499 0.3208
113168 -0.8208 0.3056
113169 -0.7194 0.3275
113170 -0.7499 0.3208
113171 -0.6775 0.3368
113172 -0.7194 0.3275
113173 -0.641 0.345
113174 -0.6775 0.3368
113195 -3.8918 0.02
113301 -3.8918 0.02
113335 -3.8918 0.02
113381 -3.8918 0.02
113623 -3.8918 0.02
113677 -3.8918 0.02
113685 -3.8918 0.02
113835 -3.8918 0.02
113843 -3.8918 0.02
114021 -3.7753 0.0224
114041 -0.7015 0.3315
114042 -0.6958 0.3327
114043 -1.0779 0.2539
114044 -0.7015 0.3315
114046 -1.0779 0.2539
114073 -3.8918 0.02
114095 -3.8918 0.02
114103 -0.8384 0.3019
114105 -0.6605 0.3406
114106 -0.8384 0.3019
114107 -0.5861 0.3575
114108 -0.6003 0.3543
114109 -0.5837 0.3581
114110 -0.5837 0.3581
114111 -2.5303 0.0738
114112 -0.6377 0.3458
114115 -0.547 0.3666
114116 -0.5723 0.3607
114117 -0.566 0.3621
114118 -0.547 0.3666
114119 -0.575 0.3601
114120 -0.566 0.3621
114121 -0.7086 0.3299
114122 -0.575 0.3601
114124 -0.7086 0.3299
114127 -0.6662 0.3394
114128 -0.7147 0.3286
114129 -0.5277 0.371
114130 -0.6662 0.3394
114131 -0.2247 0.4441
114132 -0.5277 0.371
114134 -0.2247 0.4441
114139 -0.3404 0.4157
114140 -0.5277 0.371
114141 -0.4397 0.3918
114142 -0.3404 0.4157
114143 -0.7086 0.3299
114144 -0.4397 0.3918
114145 -0.583 0.3582
114146 -0.6662 0.3394
114147 -0.5401 0.3682
114148 -0.583 0.3582
114149 -0.566 0.3621
114150 -0.5401 0.3682
114151 -0.4397 0.3918
114152 -0.5401 0.3682
114153 -0.3404 0.4157
114154 -0.583 0.3582
114155 -0.6912 0.3338
114156 -0.6147 0.351
114158 -0.6912 0.3338
114159 -0.8384 0.3019
114160 -1.0779 0.2539
114161 -0.6912 0.3338
114162 -0.8384 0.3019
114163 -0.6377 0.3458
114164 -0.6912 0.3338
114165 -0.575 0.3601
114166 -0.6377 0.3458
114185 -1.0247 0.2641
114186 -1.0389 0.2614
114187 -0.8893 0.2913
114188 -1.0247 0.2641
114189 -0.8615 0.297
114190 -0.8893 0.2913
114191 -0.8354 0.3025
114192 -0.8615 0.297
114193 -0.8356 0.3025
114194 -0.8356 0.3025
114195 -0.8616 0.297
114196 -0.8415 0.3012
114197 -0.8843 0.2923
114198 -0.8616 0.297
114199 -0.8952 0.29
114200 -0.8928 0.2905
114201 -0.9003 0.289
114202 -0.8981 0.2894
114203 -0.9443 0.28
114204 -0.9126 0.2865
114205 -0.9896 0.271
114206 -0.9443 0.28
114207 -1.0466 0.2599
114208 -0.9896 0.271
114210 -1.0466 0.2599
114253 -0.9979 0.2694
114255 -0.9575 0.2774
114256 -0.9575 0.2774
114257 -0.7263 0.326
114258 -0.7263 0.326
114259 -0.7123 0.3291
114260 -0.6932 0.3333
114261 -0.7696 0.3166
114262 -0.7358 0.3239
114263 -0.8665 0.296
114264 -0.9272 0.2835
114265 -0.9421 0.2805
114266 -0.8665 0.296
114267 -1.069 0.2556
114268 -0.9421 0.2805
114270 -1.069 0.2556
114277 -3.6417 0.0255
114345 -3.165 0.0405
114365 -0.8998 0.2891
114366 -0.7625 0.3181
114367 -1.006 0.2678
114368 -0.8998 0.2891
114370 -1.006 0.2678
114377 -1.0953 0.2506
114378 -0.8998 0.2891
114380 -1.0953 0.2506
114381 -0.2247 0.4441
114383 -0.7512 0.3206
114384 -0.2247 0.4441
114385 -1.0953 0.2506
114386 -0.7512 0.3206
114387 -1.2416 0.2242
114388 -1.0953 0.2506
114403 -1.5154 0.1801
114409 -2.0536 0.1137
114411 -2.9444 0.05
114419 -2.9444 0.05
114427 -2.9444 0.05
114443 -2.4049 0.0828
114445 -2.9444 0.05
114459 -2.9454 0.05
114477 -3.4458 0.0309
114481 -1.4241 0.194
114483 -1.6113 0.1664
114485 -1.5044 0.1818
114495 -1.7455 0.1486
114517 -3.8918 0.02
114525 -1.9497 0.1246
114539 -1.702 0.1542
114553 -2.4508 0.0794
114559 -1.7724 0.1452
114561 -1.4875 0.1843
114585 -1.6796 0.1571
114589 -1.6438 0.162
114775 -3.8918 0.02
114787 -3.8918 0.02
114797 -3.8918 0.02
115029 -3.8918 0.02
115057 -3.8918 0.02
115067 -3.8918 0.02
115097 -3.8918 0.02
115113 -3.8918 0.02
115165 -3.8918 0.02
115353 -2.2467 0.0956
115359 -1.7225 0.1516
115379 -1.9732 0.122
115393 -2.0729 0.1118
115395 -2.187 0.1009
115406 -2.0591 0.1131
115407 -1.9645 0.123
115409 -1.7858 0.1436
115413 -2.0259 0.1165
115429 -1.642 0.1622
115447 -2.2441 0.0959
115455 -1.7054 0.1538
115463 -1.9029 0.1298
115467 -1.4811 0.1853
115477 -1.4391 0.1917
115485 -1.1595 0.2388
115523 -1.8578 0.135
115529 -2.1027 0.1088
115531 -1.039 0.2613
115532 -0.9168 0.2856
115545 -1.3055 0.2132
115559 -2.0807 0.111
115563 -2.2968 0.0914
115600 -2.3172 0.0897
115619 -1.7464 0.1485
115637 -2.1218 0.107
115643 -2.4225 0.0815
115665 -1.5207 0.1794
115681 -0.8884 0.2914
115682 -0.8782 0.2936
115683 -0.9015 0.2887
115684 -0.8884 0.2914
115685 -0.9015 0.2887
115686 -0.9399 0.2809
115687 -0.9087 0.2873
115688 -0.9086 0.2873
115689 -0.8695 0.2954
115690 -0.8695 0.2954
115691 -0.899 0.2893
115692 -0.9015 0.2887
115693 -0.8968 0.2897
115694 -0.8968 0.2897
115695 -0.8919 0.2907
115696 -0.8908 0.291
115697 -0.8868 0.2918
115698 -0.8919 0.2907
115699 -0.8797 0.2932
115700 -0.8919 0.2907
115701 -0.8698 0.2953
115702 -0.8797 0.2932
115703 -0.8653 0.2962
115704 -0.8653 0.2962
115705 -0.8642 0.2965
115706 -0.8645 0.2964
115707 -0.8643 0.2964
115708 -0.8645 0.2964
115709 -0.8732 0.2946
115710 -0.8797 0.2932
115711 -0.8784 0.2935
115712 -0.8828 0.2926
115713 -0.9004 0.289
115714 -0.8784 0.2935
115715 -0.8999 0.2891
115716 -0.901 0.2888
115717 -0.8848 0.2922
115718 -0.8831 0.2925
115719 -0.8741 0.2944
115720 -0.8742 0.2944
115721 -0.8794 0.2933
115722 -0.8794 0.2933
115723 -0.8741 0.2944
115724 -0.8831 0.2925
115725 -0.8706 0.2951
115726 -0.8741 0.2944
115727 -0.8663 0.296
115728 -0.8706 0.2951
115729 -0.8674 0.2958
115730 -0.8663 0.296
115731 -0.8709 0.2951
115732 -0.8713 0.295
115733 -0.8652 0.2962
115734 -0.8663 0.296
115735 -0.8674 0.2958
115736 -0.8706 0.2951
115739 -1.6542 0.1605
115783 -2.1374 0.1055
115813 -2.4109 0.0823
115822 -1.0923 0.2512
115823 -1.288 0.2162
115825 -1.0987 0.25
115826 -1.0697 0.2555
115827 -1.0854 0.2525
115828 -1.0489 0.2594
115830 -1.0854 0.2525
115835 -1.0738 0.2547
115836 -1.039 0.2613
115840 -1.0987 0.25
115843 -1.0914 0.2514
115844 -1.074 0.2546
115846 -1.0914 0.2514
115889 -1.7691 0.1457
115905 -1.2863 0.2165
115909 -1.2374 0.2249
115911 -1.2863 0.2165
115913 -1.1555 0.2395
115919 -2.8674 0.0538
115933 -2.528 0.0739
115965 -2.2026 0.0995
115987 -1.299 0.2143
115999 -1.3213 0.2106
116007 -1.2955 0.2149
116023 -1.3429 0.207
116029 -1.4861 0.1845
116041 -1.4597 0.1885
116053 -1.294 0.2152
116087 -1.8261 0.1387
116093 -1.9385 0.1258
116115 -2.207 0.0991
116121 -1.8964 0.1305
116143 -1.8217 0.1392
116159 -1.5739 0.1717
116165 -1.5538 0.1745
116187 -1.6525 0.1608
116193 -1.6497 0.1612
116197 -1.7905 0.143
116203 -1.7299 0.1506
116205 -1.1899 0.2333
116245 -1.5817 0.1706
116257 -0.9161 0.2858
116258 -0.8818 0.2928
116259 -0.9541 0.2781
116260 -0.9161 0.2858
116261 -0.9852 0.2719
116262 -0.9541 0.2781
116263 -1.0133 0.2663
116264 -1.0133 0.2663
116271 -1.6084 0.1668
116285 -1.7083 0.1534
116303 -1.0953 0.2506
116304 -1.0953 0.2506
116308 -0.9031 0.2884
116309 -0.9077 0.2875
116311 -1.0458 0.26
116312 -0.9661 0.2757
116313 -0.9026 0.2885
116314 -1.051 0.259
116315 -0.8491 0.2996
116316 -0.9026 0.2885
116317 -0.9129 0.2864
116318 -0.8771 0.2938
116319 -1.071 0.2552
116320 -0.9129 0.2864
116322 -1.071 0.2552
116325 -1.0983 0.2501
116327 -1.0756 0.2543
116328 -1.0983 0.2501
116329 -1.071 0.2552
116330 -1.0756 0.2543
116331 -1.0664 0.2561
116332 -1.0664 0.2561
116333 -0.9246 0.284
116335 -0.9088 0.2873
116336 -0.9246 0.284
116337 -0.8999 0.2891
116338 -0.9088 0.2873
116339 -0.9242 0.2841
116340 -1.0756 0.2543
116341 -0.8831 0.2925
116342 -0.9242 0.2841
116343 -0.9491 0.2791
116344 -0.9491 0.2791
116345 -3.5436 0.0281
116349 -3.3484 0.0339
116353 -1.0374 0.2616
116355 -1.0921 0.2512
116356 -0.9882 0.2713
116358 -1.0921 0.2512
116359 -0.4795 0.3824
116360 -0.4784 0.3826
116361 -0.4282 0.3946
116362 -0.4282 0.3946
116363 -0.4654 0.3857
116364 -0.4523 0.3888
116365 -0.4506 0.3892
116366 -0.4441 0.3908
116367 -0.4538 0.3885
116368 -0.4506 0.3892
116369 -0.4904 0.3798
116370 -0.4538 0.3885
116371 -0.4651 0.3858
116372 -0.6309 0.3473
116373 -0.6644 0.3398
116374 -0.4811 0.382
116375 -0.6437 0.3444
116376 -0.6437 0.3444
116377 -0.7465 0.3216
116378 -0.7465 0.3216
116379 -0.6023 0.3538
116380 -0.4509 0.3892
116381 -1.0048 0.268
116382 -1.0048 0.268
116385 -0.6686 0.3388
116386 -0.6218 0.3494
116387 -0.7163 0.3282
116388 -0.6686 0.3388
116389 -0.7806 0.3142
116390 -0.7163 0.3282
116391 -0.7806 0.3142
116392 -0.7609 0.3185
116393 -0.9042 0.2882
116394 -0.8977 0.2895
116395 -0.9293 0.2831
116396 -0.9669 0.2755
116397 -0.8259 0.3045
116398 -0.7163 0.3282
116399 -0.7512 0.3206
116400 -0.6686 0.3388
116401 -0.62 0.3498
116402 -0.6219 0.3494
116403 -1.8789 0.1325
116414 -1.9246 0.1273
116423 -1.7967 0.1423
116443 -0.8831 0.2925
116444 -0.9176 0.2855
116445 -0.7428 0.3224
116446 -0.7428 0.3224
116453 -1.498 0.1827
116501 -1.8752 0.1329
116515 -2.231 0.097
116551 -2.3539 0.0868
116577 -2.93 0.0507
116585 -2.9581 0.0494
116599 -2.9391 0.0503
116627 -2.9444 0.05
116635 -2.6415 0.0665
116667 -2.0671 0.1123
116685 -2.8773 0.0533
116699 -2.8995 0.0522
116713 -2.998 0.0475
116717 -2.9097 0.0517
116745 -2.8167 0.0564
116753 -2.8753 0.0534
116765 -2.2526 0.0951
116801 -2.5565 0.072
116819 -2.373 0.0853
116825 -1.937 0.126
116839 -2.7691 0.059
116843 -1.5849 0.1701
116871 -2.7555 0.0598
116873 -2.7912 0.0578
116921 -2.5922 0.0696
116923 -2.7753 0.0587
116977 -2.8273 0.0559
116985 -2.7308 0.0612
117019 -2.5731 0.0709
117037 -2.4615 0.0786
117105 -2.3853 0.0843
117111 -2.3137 0.09
117129 -1.8897 0.1313
117137 -1.9894 0.1203
117163 -2.4075 0.0826
117175 -2.3766 0.085
117181 -2.3797 0.0847
117203 -2.5672 0.0713
117221 -2.4153 0.082
117275 -2.8272 0.0559
117283 -2.6373 0.0668
117295 -2.7113 0.0623
117337 -2.1991 0.0998
117505 -2.5096 0.0752
117601 -1.8793 0.1325
117615 -2.0313 0.116
117631 -1.7215 0.1517
117635 -1.7488 0.1482
117649 -2.2397 0.0962
117655 -2.477 0.0775
117705 -3.545 0.0281
117739 -3.5845 0.027
117773 -3.7845 0.0222
117787 -3.7747 0.0224
117863 -3.8256 0.0213
117873 -3.8335 0.0212
117905 -3.7772 0.0224
117943 -3.8253 0.0213
117983 -3.6095 0.0264
117985 -2.8969 0.0523
118015 -3.8775 0.0203
118089 -3.5366 0.0283
118187 -3.4841 0.0298
118199 -3.4801 0.0299
118237 -3.5912 0.0268
118265 -3.5241 0.0286
118293 -3.517 0.0288
118473 -2.9183 0.0513
118489 -2.6791 0.0642
118561 -2.3117 0.0902
118605 -2.0403 0.115
118617 -2.0445 0.1146
118639 -0.742 0.3226
118640 -0.8826 0.2926
118643 -1.6451 0.1618
118645 -0.9669 0.2755
118647 -0.7916 0.3118
118648 -0.9669 0.2755
118649 -1.8776 0.1327
118661 -2.5965 0.0694
118679 -2.5124 0.075
118715 -3.1124 0.0426
118747 -3.7833 0.0222
118781 -1.8229 0.1391
118787 -1.134 0.2434
118788 -0.8419 0.3011
118791 -2.4448 0.0798
118795 -1.7689 0.1457
118829 -1.355 0.2051
118837 -2.037 0.1154
118841 -2.8203 0.0562
118885 -3.0306 0.0461
118935 -2.8619 0.0541
118941 -3.2864 0.036
118961 -3.5324 0.0284
119009 -3.8653 0.0205
119089 -3.6449 0.0255
119175 -2.1158 0.1076
119211 -1.61 0.1666
119213 -1.5042 0.1818
119277 -1.1905 0.2332
119287 -1.4852 0.1846
119309 -1.3181 0.2111
119351 -1.5864 0.1699
119439 -1.9436 0.1253
119444 -2.0853 0.1105
119451 -3.8918 0.02
119455 -3.8918 0.02
119457 -2.7472 0.0602
119465 -1.5276 0.1783
119483 -3.8918 0.02
119491 -1.0797 0.2536
119492 -1.0597 0.2574
119549 -3.5611 0.0276
119589 -2.7881 0.058
119617 -3.4228 0.0316
119621 -3.3615 0.0335
119643 -3.2627 0.0369
119703 -3.1138 0.0425
119711 -3.3031 0.0355
119729 -2.5996 0.0692
119737 -3.5018 0.0293
119749 -3.5181 0.0288
119773 -3.145 0.0413
119817 -3.1652 0.0405
119829 -3.6498 0.0253
119849 -3.3715 0.0332
119881 -2.5925 0.0696
119883 -2.527 0.074
119895 -1.9829 0.121
119897 -2.0799 0.1111
119931 -2.6831 0.064
119975 -2.2824 0.0926
119987 -2.9841 0.0481
120007 -2.9768 0.0485
120009 -3.1206 0.0423
120019 -2.9381 0.0503
120031 -2.4508 0.0794
120039 -2.7877 0.058
120049 -2.4178 0.0818
120079 -1.6759 0.1576
120101 -2.1534 0.104
120147 -2.0831 0.1108
120155 -1.9219 0.1277
120165 -1.8604 0.1347
120211 -2.4565 0.079
120227 -2.4279 0.0811
120245 -3.1 0.0431
120253 -3.1844 0.0398
120273 -3.2833 0.0361
120289 -2.436 0.0805
120297 -2.0175 0.1174
120303 -3.8541 0.0208
120335 -3.8918 0.02
120393 -3.8655 0.0205
120439 -3.2083 0.0389
120483 -3.1394 0.0415
120505 -3.5899 0.0269
120565 -2.2589 0.0946
120567 -2.2795 0.0928
120569 -0.4709 0.3844
120570 -0.4765 0.3831
120571 -0.5842 0.358
120572 -0.4509 0.3892
120573 -0.6352 0.3463
120574 -0.5842 0.358
120575 -1.0826 0.253
120576 -0.6352 0.3463
120578 -1.0826 0.253
120585 -0.5968 0.3551
120586 -0.7802 0.3143
120587 -0.7832 0.3136
120588 -0.7582 0.319
120589 -0.8398 0.3016
120590 -0.8211 0.3055
120601 -2.9404 0.0502
120621 -1.8844 0.1319
120635 -2.2687 0.0938
120645 -1.8116 0.1404
120673 -2.2086 0.099
120699 -2.3337 0.0884
120749 -1.829 0.1384
120769 -2.3337 0.0884
120777 -2.7317 0.0611
120832 -1.3404 0.2074
120837 -1.2631 0.2204
120869 -1.9523 0.1243
120885 -1.3811 0.2008
120887 -1.3532 0.2053
120897 -1.2456 0.2235
120925 -1.3964 0.1984
120951 -1.3727 0.2022
120983 -1.4327 0.1927
120999 -2.1339 0.1059
121018 -1.7289 0.1507
121025 -2.2326 0.0969
121055 -1.437 0.192
121069 -1.399 0.198
121085 -1.5525 0.1747
121099 -1.3598 0.2043
121104 -1.3708 0.2025
121111 -1.3342 0.2085
121149 -1.4453 0.1907
121171 -1.4823 0.1851
121185 -1.4942 0.1833
121203 -1.5424 0.1762
121221 -1.4764 0.186
121247 -1.2112 0.2295
121273 -1.0126 0.2665
121274 -1.0224 0.2646
121275 -1.0132 0.2664
121276 -1.0126 0.2665
121277 -1.0136 0.2663
121278 -1.0136 0.2663
121279 -1.0037 0.2682
121280 -1.0037 0.2682
121281 -0.9939 0.2702
121282 -0.9939 0.2702
121283 -1.003 0.2684
121284 -0.9988 0.2692
121285 -1.0091 0.2672
121286 -1.003 0.2684
121287 -1.0101 0.267
121288 -1.0091 0.2672
121289 -1.0117 0.2666
121290 -1.0101 0.267
121291 -0.9761 0.2737
121292 -0.991 0.2707
121293 -1.0946 0.2508
121294 -1.097 0.2503
121295 -1.092 0.2512
121296 -1.0946 0.2508
121297 -1.0893 0.2518
121298 -1.092 0.2512
121299 -1.0884 0.2519
121300 -1.0893 0.2518
121301 -1.085 0.2526
121302 -1.0884 0.2519
121303 -1.0839 0.2528
121304 -1.0839 0.2528
121305 -1.0776 0.254
121306 -1.0819 0.2531
121307 -1.0735 0.2547
121308 -1.0776 0.254
121309 -1.0702 0.2554
121310 -1.0735 0.2547
121317 -1.0893 0.2518
121319 -1.0367 0.2618
121320 -1.0367 0.2618
121321 -1.0898 0.2517
121322 -1.0496 0.2593
121323 -0.9295 0.283
121324 -0.9013 0.2888
121325 -0.9487 0.2791
121326 -0.9356 0.2818
121327 -0.9591 0.2771
121328 -0.9591 0.2771
121329 -0.9701 0.2749
121330 -0.9645 0.276
121331 -0.8753 0.2941
121332 -0.9471 0.2795
121333 -0.9844 0.272
121334 -1.0126 0.2665
121335 -0.9028 0.2885
121336 -0.8778 0.2936
121337 -0.9396 0.281
121338 -0.9028 0.2885
121339 -0.949 0.2791
121340 -0.9396 0.281
121341 -0.8783 0.2935
121342 -0.8903 0.291
121343 -0.8686 0.2956
121344 -0.8783 0.2935
121345 -0.8586 0.2976
121346 -0.8686 0.2956
121347 -0.843 0.3009
121348 -0.8586 0.2976
121349 -0.8362 0.3023
121350 -0.8362 0.3023
121351 -0.8557 0.2982
121352 -0.8612 0.2971
121353 -0.857 0.298
121354 -0.8557 0.2982
121355 -0.8637 0.2966
121356 -0.857 0.298
121357 -0.865 0.2963
121358 -0.8637 0.2966
121359 -0.867 0.2959
121360 -0.865 0.2963
121361 -0.8751 0.2942
121362 -0.8673 0.2958
121363 -0.8783 0.2935
121364 -0.867 0.2959
121365 -0.8637 0.2966
121366 -0.8686 0.2956
121367 -0.8586 0.2976
121368 -0.857 0.298
121369 -0.8557 0.2982
121370 -0.843 0.3009
121371 -0.8754 0.2941
121372 -0.9186 0.2853
121373 -0.857 0.298
121374 -0.8754 0.2941
121375 -0.8713 0.295
121376 -0.8713 0.295
121377 -0.8754 0.2941
121378 -0.8743 0.2944
121379 -0.8762 0.294
121380 -0.8754 0.2941
121381 -0.8814 0.2929
121382 -0.8762 0.294
121383 -0.9162 0.2857
121384 -0.8814 0.2929
121385 -0.9162 0.2857
121386 -0.9337 0.2822
121387 -0.9141 0.2862
121388 -0.9141 0.2862
121389 -0.8644 0.2964
121390 -0.8644 0.2964
121391 -0.8437 0.3007
121392 -0.8567 0.298
121393 -0.8565 0.2981
121394 -0.8565 0.2981
121395 -0.8871 0.2917
121396 -0.8873 0.2917
121397 -0.8655 0.2962
121398 -0.8724 0.2948
121399 -0.8388 0.3018
121400 -0.8521 0.299
121401 -0.8437 0.3007
121402 -0.8399 0.3016
121403 -0.8436 0.3008
121404 -0.8436 0.3008
121405 -0.9089 0.2872
121406 -0.8408 0.3014
121407 -0.8578 0.2978
121408 -0.8999 0.2891
121409 -0.8735 0.2945
121410 -0.8759 0.294
121411 -0.8559 0.2982
121412 -0.8559 0.2982
121415 -0.9233 0.2843
121416 -0.9377 0.2814
121417 -0.9179 0.2854
121418 -0.9233 0.2843
121419 -0.9091 0.2872
121420 -0.9179 0.2854
121421 -0.898 0.2895
121422 -0.9091 0.2872
121423 -0.892 0.2907
121424 -0.898 0.2895
121425 -0.8682 0.2956
121426 -0.892 0.2907
121427 -0.8818 0.2928
121428 -0.8682 0.2956
121429 -0.9248 0.284
121430 -0.8818 0.2928
121431 -0.9179 0.2854
121432 -0.8648 0.2963
121433 -0.9722 0.2744
121434 -0.9179 0.2854
121435 -0.9091 0.2872
121436 -0.8563 0.2981
121437 -0.9933 0.2703
121438 -0.9091 0.2872
121439 -1.0012 0.2687
121440 -1.0012 0.2687
121441 -0.9964 0.2697
121442 -0.9964 0.2697
121443 -0.9933 0.2703
121444 -0.9946 0.27
121445 -0.9928 0.2704
121446 -0.9933 0.2703
121447 -0.9954 0.2698
121448 -0.9928 0.2704
121449 -0.9966 0.2696
121450 -0.9954 0.2698
121451 -0.9377 0.2814
121452 -0.8955 0.29
121453 -0.9991 0.2691
121454 -0.9377 0.2814
121455 -0.9894 0.271
121456 -0.9071 0.2876
121457 -0.8463 0.3002
121458 -0.9237 0.2842
121459 -0.8403 0.3015
121460 -0.9073 0.2876
121461 -0.8408 0.3014
121462 -0.8408 0.3014
121463 -0.8682 0.2956
121464 -0.8463 0.3002
121465 -1.0497 0.2593
121467 -1.0139 0.2662
121468 -1.0139 0.2662
121469 -1.0327 0.2626
121470 -0.9966 0.2696
121471 -1.0566 0.258
121472 -1.0327 0.2626
121473 -1.2135 0.2291
121474 -1.0566 0.258
121475 -1.0633 0.2567
121476 -1.0566 0.258
121477 -1.2496 0.2228
121478 -1.0633 0.2567
121479 -1.0327 0.2626
121480 -1.0497 0.2593
121481 -0.955 0.2779
121482 -0.9541 0.2781
121483 -0.9161 0.2858
121484 -0.9186 0.2852
121485 -0.977 0.2735
121486 -0.986 0.2717
121487 -0.9852 0.2719
121488 -0.977 0.2735
121489 -1.2023 0.2311
121490 -0.9928 0.2704
121493 -0.9026 0.2885
121494 -0.9129 0.2864
121495 -0.9032 0.2884
121496 -0.9026 0.2885
121497 -0.9058 0.2879
121498 -0.9032 0.2884
121499 -0.9089 0.2872
121500 -0.9058 0.2879
121501 -0.9077 0.2875
121502 -0.9089 0.2872
121503 -0.9063 0.2878
121504 -0.9077 0.2875
121505 -0.9031 0.2884
121506 -0.9063 0.2878
121507 -0.9 0.2891
121508 -0.9031 0.2884
121509 -0.9036 0.2883
121510 -0.9 0.2891
121511 -0.9073 0.2876
121512 -0.9036 0.2883
121513 -0.9133 0.2863
121514 -0.9073 0.2876
121515 -0.9237 0.2842
121516 -0.9133 0.2863
121517 -0.9248 0.284
121518 -0.9237 0.2842
121527 -1.2363 0.2251
121553 -1.2023 0.2311
121569 -1.2664 0.2199
121574 -1.0298 0.2631
121575 -0.9748 0.2739
121576 -0.9748 0.2739
121577 -1.0179 0.2654
121578 -1.0163 0.2657
121579 -1.0267 0.2637
121580 -1.0187 0.2653
121581 -1.0309 0.2629
121582 -1.0267 0.2637
121583 -1.0366 0.2618
121584 -1.0309 0.2629
121585 -1.0427 0.2606
121586 -1.0366 0.2618
121587 -1.0457 0.2601
121588 -1.0427 0.2606
121589 -1.0457 0.2601
121590 -1.0283 0.2634
121592 -1.0457 0.2601
121593 -1.0463 0.2599
121594 -1.0903 0.2516
121595 -1.0659 0.2562
121596 -1.0659 0.2562
121597 -1.096 0.2505
121598 -1.0427 0.2606
121599 -1.2569 0.2215
121601 -1.2649 0.2201
121607 -1.4835 0.1849
121633 -1.035 0.2621
121634 -1.0694 0.2555
121635 -0.9978 0.2694
121636 -1.035 0.2621
121641 -1.274 0.2186
121645 -1.0112 0.2668
121646 -0.9797 0.273
121649 -0.8399 0.3016
121650 -0.8762 0.294
121651 -0.9094 0.2871
121652 -0.9028 0.2885
121653 -0.9158 0.2858
121654 -0.9094 0.2871
121655 -0.9264 0.2837
121656 -0.9264 0.2837
121657 -0.9332 0.2823
121658 -0.9158 0.2858
121659 -0.9493 0.279
121660 -0.9332 0.2823
121661 -0.9678 0.2753
121662 -0.9493 0.279
121663 -0.959 0.2771
121664 -0.951 0.2787
121665 -0.9734 0.2742
121666 -0.9671 0.2755
121671 -1.5086 0.1811
121681 -2.2548 0.0949
121747 -2.1594 0.1035
121863 -3.8918 0.02
121885 -3.8918 0.02
121933 -3.8918 0.02
121941 -3.8918 0.02
121945 -3.8918 0.02
121959 -3.8918 0.02
122019 -0.2418 0.4398
122020 -0.2381 0.4407
122021 -0.246 0.4388
122022 -0.2418 0.4398
122023 -0.2477 0.4384
122024 -0.2477 0.4384
122025 -0.2634 0.4345
122026 -0.2494 0.438
122027 -0.3114 0.4228
122028 -0.3114 0.4228
122043 -2.8701 0.0537
122049 -3.8918 0.02
122053 -3.7132 0.0238
122111 -3.8918 0.02
122131 -3.8918 0.02
122133 -3.8918 0.02
122149 -3.8918 0.02
122155 -3.8918 0.02
122177 -2.832 0.0556
122191 -3.2799 0.0363
122299 -1.0812 0.2533
122300 -1.0882 0.252
122301 -1.003 0.2683
122302 -1.0418 0.2608
122303 -0.9743 0.274
122304 -1.003 0.2683
122307 -1.1013 0.2495
122309 -1.0913 0.2514
122315 -2.5415 0.073
122335 -1.2168 0.2285
122363 -0.8075 0.3084
122364 -0.6001 0.3543
122365 -0.9772 0.2735
122366 -0.8075 0.3084
122368 -0.9772 0.2735
122369 -1.3588 0.2044
122389 -2.0355 0.1155
122409 -1.4231 0.1942
122431 -1.3951 0.1986
122465 -2.7449 0.0604
122471 -1.1603 0.2386
122483 -2.2574 0.0947
122485 -2.228 0.0973
122489 -2.468 0.0781
122497 -2.6569 0.0656
122521 -2.9444 0.05
122523 -0.8462 0.3002
122524 -0.9521 0.2785
122525 -0.7512 0.3206
122526 -0.8462 0.3002
122527 -0.6287 0.3478
122528 -0.7512 0.3206
122539 -2.7633 0.0593
122541 -2.7922 0.0577
122545 -2.6544 0.0657
122547 -2.6199 0.0679
122551 -2.6992 0.063
122557 -2.7954 0.0576
122566 -2.9599 0.0493
122568 -2.8244 0.056
122570 -2.5286 0.0739
122572 -3.2958 0.0357
122574 -2.4487 0.0795
122576 -3.5958 0.0267
122586 -2.6635 0.0652
122636 -2.2974 0.0913
122638 -2.0371 0.1154
122642 -2.0001 0.1192
122644 -3.434 0.0312
122686 -2.53 0.0738
122700 -2.712 0.0623
122710 -3.6941 0.0243
122714 -1.8582 0.1349
122732 -2.4596 0.0787
122744 -2.9001 0.0521
122767 -2.248 0.0955
122783 -2.0511 0.1139
122791 -1.0609 0.2571
122792 -1.0666 0.2561
122793 -1.0798 0.2535
122794 -1.0609 0.2571
122841 -3.8918 0.02
122853 -3.8918 0.02
122861 -1.2382 0.2247
122863 -1.1811 0.2349
122865 -1.0675 0.2559
122873 -1.1566 0.2393
122877 -1.2283 0.2265
122880 -2.2597 0.0945
122902 -3.8918 0.02
122904 -2.58 0.0704
122910 -1.5953 0.1686
122924 -1.505 0.1817
122932 -3.2581 0.037
122948 -3.8918 0.02
123046 -2.0435 0.1147
123066 -1.6635 0.1593
123096 -1.7022 0.1542
123126 -1.5834 0.1703
123174 -2.5018 0.0757
123192 -2.0003 0.1192
123242 -1.5627 0.1733
123258 -1.5164 0.18
123280 -1.5564 0.1742
123366 -3.8918 0.02
123374 -3.8918 0.02
123380 -3.8918 0.02
123394 -3.8918 0.02
123454 -3.8918 0.02
123494 -3.8918 0.02
123534 -3.8918 0.02
123578 -3.8918 0.02
123698 -3.8918 0.02
123750 -3.8918 0.02
123766 -3.8918 0.02
123810 -3.8918 0.02
123854 -3.8918 0.02
123886 -3.8918 0.02
123902 -3.8918 0.02
123982 -3.8918 0.02
124014 -3.8918 0.02
124098 -3.8918 0.02
124136 -3.8918 0.02
124204 -3.8918 0.02
124236 -3.8918 0.02
124270 -3.8918 0.02
124416 -3.8918 0.02
124506 -3.8918 0.02
124508 -3.8918 0.02
124660 -3.8918 0.02
124702 -3.8918 0.02
124724 -3.8918 0.02
124730 -3.8918 0.02
124762 -3.8918 0.02
124784 -3.8918 0.02
124808 -3.8918 0.02
124856 -3.8918 0.02
124934 -3.8918 0.02
124994 -3.8918 0.02
125068 -3.8918 0.02
125100 -3.8918 0.02
125120 -3.8918 0.02
125422 -3.8918 0.02
125452 -3.8918 0.02
125488 -3.8918 0.02
125530 -3.8918 0.02
125536 -3.8918 0.02
125580 -3.8918 0.02
125582 -3.8918 0.02
125588 -3.8918 0.02
125622 -2.974 0.0486
125624 -2.9052 0.0519
125668 -3.207 0.0389
125732 -2.7946 0.0576
125740 -2.9798 0.0483
125796 -2.9882 0.048
125860 -3.8918 0.02
125950 -3.8918 0.02
125992 -2.6382 0.0667
126016 -3.7256 0.0235
126110 -3.8389 0.0211
126134 -3.8367 0.0211
126142 -3.8514 0.0208
126146 -3.7168 0.0237
126156 -2.8699 0.0537
126225 -3.2993 0.0356
126247 -1.361 0.2041
126255 -1.1272 0.2447
126287 -1.2053 0.2305
126323 -2.1738 0.1021
126327 -2.3047 0.0907
126331 -2.4822 0.0771
126333 -2.4368 0.0804
126379 -3.0328 0.046
126409 -1.8181 0.1397
126445 -1.5282 0.1782
126455 -1.9844 0.1209
126477 -2.2278 0.0973
126573 -3.4946 0.0295
126611 -2.8034 0.0571
126699 -3.4446 0.0309
126849 -3.3996 0.0323
126871 -3.3795 0.0329
126933 -3.5466 0.028
126971 -3.5171 0.0288
126983 -3.5176 0.0288
127023 -1.0658 0.2562
127029 -1.348 0.2062
127035 -2.0712 0.1119
127039 -2.6067 0.0687
127047 -1.6213 0.165
127061 -1.9038 0.1297
127083 -1.5696 0.1723
127091 -0.7691 0.3167
127092 -0.8487 0.2997
127093 -0.7577 0.3192
127094 -0.7577 0.3192
127105 -0.7823 0.3138
127106 -0.7823 0.3138
127107 -1.8882 0.1314
127113 -2.542 0.073
127163 -1.7256 0.1512
127203 -1.077 0.2541
127204 -1.0895 0.2517
127244 -1.0816 0.2532
127247 -1.0261 0.2638
127248 -1.0419 0.2608
127249 -1.0032 0.2683
127250 -1.0135 0.2663
127263 -1.07 0.2554
127264 -1.07 0.2554
127265 -0.9276 0.2834
127266 -0.9237 0.2842
127267 -1.0261 0.2638
127268 -0.9209 0.2848
127269 -1.2771 0.2181
127275 -1.5315 0.1778
127303 -1.6683 0.1587
127307 -1.4477 0.1904
127335 -1.3751 0.2018
127399 -2.7265 0.0614
127413 -1.6604 0.1597
127423 -1.4645 0.1878
127477 -1.6547 0.1605
127535 -1.0238 0.2643
127536 -1.0238 0.2643
127537 -1.0019 0.2686
127538 -1.0064 0.2677
127539 -0.9974 0.2694
127540 -1.0019 0.2686
127541 -1.0101 0.267
127542 -0.9974 0.2694
127549 -1.0891 0.2518
127550 -1.0251 0.264
127552 -1.0891 0.2518
127561 -1.1801 0.235
127585 -1.0835 0.2529
127587 -1.0775 0.254
127588 -1.0835 0.2529
127589 -1.0354 0.262
127590 -1.0775 0.254
127591 -1.0262 0.2638
127592 -1.0354 0.262
127595 -1.0345 0.2622
127596 -1.0165 0.2657
127597 -1.0515 0.2589
127598 -1.0345 0.2622
127599 -1.0781 0.2539
127600 -1.0515 0.2589
127602 -1.0781 0.2539
127607 -1.0982 0.2501
127631 -3.2212 0.0384
127673 -2.287 0.0922
127687 -2.8473 0.0548
127735 -2.8553 0.0544
127773 -3.6409 0.0256
127777 -3.137 0.0416
128018 -2.1022 0.1089
128083 -1.9877 0.1205
128089 -2.2405 0.0962
128097 -0.9954 0.2698
128098 -0.9954 0.2698
128099 -0.9861 0.2717
128100 -0.9919 0.2705
128101 -0.9626 0.2764
128102 -0.9626 0.2764
128147 -1.4354 0.1923
128153 -3.2709 0.0366
128197 -2.5088 0.0752
128205 -2.3426 0.0877
128225 -2.1378 0.1055
128235 -1.9153 0.1284
128243 -2.1443 0.1049
128315 -2.4644 0.0784
128347 -1.0626 0.2568
128348 -1.0813 0.2533
128349 -0.9981 0.2693
128350 -1.0156 0.2659
128351 -1.6007 0.1679
128437 -1.08 0.2535
128438 -1.0794 0.2536
128439 -1.0598 0.2574
128440 -1.08 0.2535
128442 -1.0853 0.2525
128455 -1.1771 0.2356
128535 -2.5528 0.0722
128539 -2.495 0.0762
128607 -1.0809 0.2533
128609 -0.9905 0.2708
128610 -1.0809 0.2533
128611 -0.9791 0.2731
128612 -0.9905 0.2708
128613 -0.9668 0.2755
128614 -0.9791 0.2731
128615 -0.9654 0.2758
128616 -0.9652 0.2758
128617 -0.9727 0.2743
128618 -0.9727 0.2743
128619 -0.9904 0.2708
128620 -0.9791 0.2731
128621 -0.9916 0.2706
128622 -0.9904 0.2708
128623 -0.998 0.2693
128624 -0.9916 0.2706
128625 -1.0066 0.2676
128626 -0.998 0.2693
128627 -1.0262 0.2638
128628 -1.0066 0.2676
128629 -1.1104 0.2478
128635 -1.0036 0.2682
128636 -1.0809 0.2533
128637 -0.9844 0.272
128638 -0.9844 0.272
128639 -0.9691 0.2751
128640 -0.9668 0.2755
128647 -0.9714 0.2746
128648 -0.9704 0.2748
128649 -0.9974 0.2694
128650 -0.9736 0.2742
128651 -1.0609 0.2571
128652 -1.0066 0.2676
128653 -1.0909 0.2515
128654 -1.08 0.2535
128655 -1.081 0.2533
128669 -1.0329 0.2625
128670 -1.0019 0.2686
128671 -1.0682 0.2558
128672 -1.0329 0.2625
128675 -1.7776 0.1446
128705 -1.6857 0.1563
128745 -2.1393 0.1053
128751 -0.5349 0.3694
128752 -0.5117 0.3748
128753 -0.7398 0.323
128754 -0.5349 0.3694
128765 -1.5765 0.1713
128828 -3.8918 0.02
128925 -3.8918 0.02
128941 -3.8918 0.02
128965 -3.8918 0.02
128983 -2.738 0.0608
129103 -3.8918 0.02
129155 -3.8918 0.02
129221 -3.8918 0.02
129239 -1.686 0.1563
129263 -0.6652 0.3396
129264 -0.6652 0.3396
129265 -0.6503 0.3429
129266 -0.6471 0.3436
129267 -0.7053 0.3306
129268 -0.6819 0.3358
129269 -0.7714 0.3162
129270 -0.736 0.3239
129271 -0.8288 0.3039
129272 -0.8288 0.3039
129435 -2.6636 0.0652
129495 -3.8918 0.02
130013 -3.7302 0.0234
130055 -1.559 0.1738
130101 -1.2372 0.2249
130103 -1.1022 0.2493
130121 -1.0858 0.2524
130123 -1.0647 0.2564
130124 -1.0858 0.2524
130129 -2.5278 0.0739
130149 -3.8918 0.02
130166 -3.4649 0.0303
130226 -3.8918 0.02
130278 -3.8918 0.02
130332 -3.8918 0.02
130380 -3.8918 0.02
130474 -3.8918 0.02
130544 -3.8918 0.02
130560 -3.8918 0.02
130588 -3.8918 0.02
130598 -3.8918 0.02
130626 -3.8918 0.02
130654 -3.8918 0.02
130724 -3.8918 0.02
130740 -3.8918 0.02
130754 -3.8918 0.02
130932 -3.8918 0.02
130966 -2.5675 0.0713
130968 -2.9086 0.0517
131042 -3.8918 0.02
131086 -3.8918 0.02
131112 -3.8918 0.02
131132 -3.8918 0.02
131236 -3.8918 0.02
131388 -3.8918 0.02
131416 -3.8918 0.02
131436 -3.8918 0.02
131438 -3.8918 0.02
131458 -3.8918 0.02
131578 -3.8918 0.02
131738 -3.8918 0.02
131742 -2.2566 0.0948
132346 -1.0032 0.2683
132347 -1.0676 0.2559
132378 -3.8918 0.02
132471 -2.7419 0.0605
132561 -1.5853 0.17
132577 -2.3295 0.0887
132627 -3.8918 0.02
132665 -3.8918 0.02
132729 -3.8918 0.02
132745 -3.8918 0.02
132831 -3.8918 0.02
133019 -2.9444 0.05
133113 -3.8918 0.02
133127 -3.8918 0.02
133133 -1.4001 0.1978
133165 -3.8918 0.02
133189 -3.6172 0.0262
133197 -3.736 0.0233
133231 -3.8918 0.02
133241 -3.8482 0.0209
133249 -2.8143 0.0566
133267 -2.7681 0.0591
133271 -2.8275 0.0559
133289 -2.7399 0.0607
133301 -2.723 0.0616
133335 -1.1986 0.2317
133363 -1.9497 0.1246
133383 -3.1123 0.0426
133387 -3.1844 0.0398
133405 -1.095 0.2507
133406 -1.095 0.2507
133409 -1.0972 0.2503
133421 -2.9849 0.0481
133427 -3.5433 0.0281
133429 -2.3454 0.0874
133457 -1.0879 0.252
133459 -1.0603 0.2573
133460 -1.0603 0.2573
133461 -1.0615 0.257
133462 -1.0589 0.2575
133463 -1.0881 0.252
133464 -1.0881 0.252
133469 -1.3792 0.2011
133483 -0.8434 0.3008
133484 -0.8191 0.3059
133485 -1.0859 0.2524
133486 -1.0805 0.2534
133519 -1.9313 0.1266
133525 -0.6951 0.3329
133526 -0.6983 0.3322
133527 -0.6923 0.3335
133528 -0.6951 0.3329
133529 -0.6922 0.3336
133530 -0.6923 0.3335
133557 -0.8883 0.2915
133558 -0.8428 0.301
133559 -0.7225 0.3269
133560 -0.7115 0.3293
133561 -0.7399 0.323
133562 -0.735 0.3241
133563 -0.8147 0.3069
133564 -0.8457 0.3003
133565 -0.8428 0.301
133566 -0.8147 0.3069
133571 -1.4121 0.1959
133585 -1.1515 0.2402
133615 -1.2952 0.215
133629 -1.0974 0.2502
133630 -1.0537 0.2585
133632 -1.0974 0.2502
133633 -1.2793 0.2177
133637 -1.3172 0.2113
133641 -1.3496 0.2059
133669 -1.3087 0.2127
133685 -1.3332 0.2086
133731 -1.622 0.1649
133765 -1.8495 0.1359
133781 -1.0497 0.2593
133782 -1.0497 0.2593
133783 -1.044 0.2604
133784 -1.047 0.2598
133785 -1.0443 0.2603
133786 -1.044 0.2604
133787 -1.0473 0.2597
133788 -1.0443 0.2603
133796 -1.4968 0.1829
133799 -1.4763 0.186
133805 -1.0252 0.264
133807 -0.9434 0.2802
133808 -1.0252 0.264
133829 -2.4881 0.0767
133841 -2.4276 0.0811
133847 -2.4276 0.0811
133851 -2.8587 0.0542
133857 -0.9226 0.2844
133858 -0.9226 0.2844
133859 -0.9195 0.2851
133860 -0.9222 0.2845
133867 -1.0564 0.258
133868 -1.0564 0.258
133875 -0.9516 0.2786
133876 -0.936 0.2817
133877 -1.0697 0.2555
133878 -1.016 0.2658
133891 -3.1997 0.0392
133943 -2.7645 0.0593
133959 -1.6686 0.1586
133965 -2.0711 0.1119
133987 -1.2282 0.2265
133993 -1.8864 0.1317
133995 -2.9952 0.0476
134025 -1.8408 0.137
134053 -1.9976 0.1195
134073 -2.0677 0.1123
134127 -2.3598 0.0863
134197 -1.8821 0.1322
134263 -3.8918 0.02
134417 -3.8918 0.02
134419 -3.8918 0.02
134549 -0.9361 0.2817
134550 -0.9338 0.2822
134551 -0.9287 0.2832
134552 -0.9287 0.2832
134583 -0.8627 0.2968
134584 -0.8621 0.2969
134585 -0.8846 0.2922
134586 -0.8627 0.2968
134621 -1.0986 0.25
134623 -1.0986 0.25
134624 -1.0986 0.25
134625 -1.0986 0.25
134626 -1.0986 0.25
134627 -1.0986 0.25
134628 -1.0986 0.25
134629 -1.0986 0.25
134630 -1.0986 0.25
134631 -1.0348 0.2622
134632 -1.0986 0.25
134641 -2.7566 0.0597
134749 -2.4435 0.0799
134777 -2.2158 0.0983
134793 -2.5448 0.0728
134805 -2.4843 0.077
134827 -1.9676 0.1226
134843 -0.8412 0.3013
134844 -0.8437 0.3007
134845 -0.842 0.3011
134846 -0.842 0.3011
134847 -0.898 0.2895
134848 -0.8456 0.3004
134849 -0.898 0.2895
134850 -0.9954 0.2698
134857 -1.537 0.177
134861 -1.4481 0.1903
134909 -3.8918 0.02
134927 -3.8918 0.02
134963 -3.8918 0.02
134975 -2.1417 0.1051
134999 -1.2492 0.2228
135011 -1.5248 0.1788
135015 -3.4996 0.0293
135057 -2.889 0.0527
135065 -0.8909 0.2909
135066 -0.7803 0.3143
135069 -2.235 0.0967
135077 -2.2758 0.0931
135079 -2.2034 0.0994
135087 -2.2283 0.0972
135089 -2.1987 0.0999
135098 -2.4931 0.0763
135107 -2.5956 0.0694
135115 -2.4047 0.0828
135131 -2.418 0.0818
135143 -2.488 0.0767
135193 -2.1614 0.1033
135225 -2.0587 0.1132
135243 -2.9848 0.0481
135259 -2.5307 0.0737
135279 -2.5456 0.0727
135293 -2.5404 0.0731
135301 -2.4769 0.0775
135315 -2.2283 0.0972
135333 -2.4644 0.0784
135345 -3.3878 0.0327
135357 -1.1335 0.2435
135358 -1.0925 0.2511
135361 -2.2527 0.0951
135373 -2.3092 0.0904
135387 -2.5282 0.0739
135403 -2.4751 0.0776
135475 -3.7539 0.0229
135481 -2.9771 0.0485
135497 -3.6238 0.026
135503 -3.32 0.0349
135551 -2.7248 0.0615
135555 -2.72 0.0618
135569 -2.6718 0.0647
135571 -2.8944 0.0524
135623 -2.2261 0.0974
135629 -2.7271 0.0614
135657 -1.0403 0.2611
135658 -1.0487 0.2595
135659 -0.9837 0.2722
135660 -1.0194 0.2651
135661 -0.9421 0.2805
135662 -0.9837 0.2722
135663 -0.9234 0.2843
135664 -0.9421 0.2805
135665 -0.9324 0.2824
135666 -0.9234 0.2843
135667 -0.9565 0.2776
135668 -0.9324 0.2824
135669 -0.9764 0.2736
135670 -0.9565 0.2776
135671 -1.0134 0.2663
135672 -0.9764 0.2736
135673 -1.0439 0.2604
135674 -1.0134 0.2663
135675 -1.0827 0.253
135676 -1.0439 0.2604
135678 -1.0827 0.253
135729 -1.8462 0.1363
135743 -1.0666 0.2561
135745 -2.9444 0.05
135803 -2.2002 0.0997
135815 -2.3632 0.086
135825 -2.471 0.0779
135875 -3.2398 0.0377
135901 -3.0977 0.0432
135913 -1.7573 0.1471
135923 -2.5127 0.075
135943 -1.9147 0.1284
135965 -1.6704 0.1584
135983 -1.2865 0.2165
135985 -1.0402 0.2611
136011 -2.0203 0.1171
136025 -1.0255 0.264
136026 -1.052 0.2588
136027 -1.0054 0.2679
136028 -1.0255 0.264
136029 -0.9988 0.2692
136030 -1.0054 0.2679
136031 -1.0001 0.2689
136032 -0.9988 0.2692
136033 -1.001 0.2687
136034 -1.0001 0.2689
136035 -1.0014 0.2687
136036 -1.001 0.2687
136037 -1.0261 0.2638
136038 -1.0014 0.2687
136067 -2.2345 0.0967
136075 -1.1992 0.2316
136081 -3.8918 0.02
136349 -3.7538 0.0229
136401 -2.6355 0.0669
136425 -2.6458 0.0663
136429 -0.8982 0.2894
136430 -0.8982 0.2894
136431 -0.9127 0.2865
136432 -0.9127 0.2865
136433 -0.9693 0.275
136434 -0.9402 0.2809
136435 -1.0005 0.2688
136436 -0.9693 0.275
136437 -1.0467 0.2599
136438 -1.0005 0.2688
136440 -1.0467 0.2599
136443 -0.8704 0.2952
136444 -0.8707 0.2951
136445 -0.8704 0.2952
136446 -0.8707 0.2951
136455 -2.8593 0.0542
136459 -0.8874 0.2916
136460 -0.8715 0.2949
136461 -0.899 0.2893
136462 -0.8874 0.2916
136463 -0.8698 0.2953
136464 -0.865 0.2963
136467 -1.1925 0.2328
136470 -2.2263 0.0974
136473 -1.7207 0.1518
136497 -1.2538 0.222
136521 -1.1808 0.2349
136523 -2.453 0.0792
136589 -3.6961 0.0242
136619 -3.6441 0.0255
136813 -3.1838 0.0398
136831 -3.8918 0.02
136835 -3.8918 0.02
136839 -3.8918 0.02
136934 -3.8918 0.02
136976 -3.8918 0.02
136988 -3.8918 0.02
136992 -0.9727 0.2743
136993 -0.9394 0.281
136994 -1.0122 0.2666
136995 -1.0334 0.2624
137028 -3.8918 0.02
137034 -3.8918 0.02
137100 -3.8918 0.02
137128 -2.2089 0.099
137132 -2.1858 0.101
137140 -2.4279 0.0811
137144 -2.2958 0.0915
137146 -1.9512 0.1244
137152 -1.0054 0.2679
137154 -0.9422 0.2805
137155 -1.0054 0.2679
137156 -0.9123 0.2865
137157 -0.9422 0.2805
137158 -0.9078 0.2874
137159 -0.9123 0.2865
137160 -0.9149 0.286
137161 -0.9078 0.2874
137174 -0.8903 0.291
137175 -0.8903 0.291
137176 -1.0597 0.2574
137177 -0.9079 0.2874
137178 -1.0077 0.2674
137180 -0.9808 0.2727
137182 -1.0058 0.2678
137184 -0.9149 0.286
137185 -0.8881 0.2915
137186 -0.9641 0.2761
137187 -0.9149 0.286
137188 -1.0247 0.2641
137189 -0.9641 0.2761
137190 -1.0001 0.2689
137191 -0.8517 0.2991
137192 -0.9675 0.2754
137193 -0.9641 0.2761
137194 -1.0255 0.264
137195 -0.9675 0.2754
137196 -2.836 0.0554
137206 -3.8918 0.02
137214 -3.8918 0.02
137218 -3.8918 0.02
137472 -1.4584 0.1887
137482 -1.7342 0.1501
137490 -1.6467 0.1616
137494 -2.3615 0.0862
137512 -2.5939 0.0695
137522 -2.3938 0.0836
137532 -1.7372 0.1497
137540 -2.7517 0.06
137550 -1.0555 0.2582
137551 -1.0555 0.2582
137552 -1.0287 0.2633
137553 -1.0302 0.263
137582 -1.8169 0.1398
137591 -1.8557 0.1352
137628 -3.8918 0.02
137638 -1.506 0.1815
137668 -3.8799 0.0202
137674 -3.8918 0.02
137680 -1.1042 0.249
137684 -1.8205 0.1394
137688 -2.9939 0.0477
137690 -2.9444 0.05
137710 -3.8918 0.02
137868 -1.0006 0.2688
137869 -1.0071 0.2675
137874 -1.0569 0.2579
137884 -1.0569 0.2579
137885 -1.0785 0.2538
137886 -1.0162 0.2658
137887 -1.0569 0.2579
137898 -1.6157 0.1658
137906 -1.6605 0.1597
137910 -3.1053 0.0429
137914 -3.8918 0.02
137998 -3.1002 0.0431
138042 -3.8918 0.02
138159 -2.8436 0.055
138219 -3.8918 0.02
138265 -3.8918 0.02
138283 -3.8918 0.02
138327 -3.8918 0.02
138403 -1.9497 0.1246
138651 -1.0054 0.2679
138652 -0.9387 0.2812
138654 -1.0054 0.2679
138727 -3.8918 0.02
139080 -3.8918 0.02
139120 -3.8918 0.02
139124 -3.8918 0.02
139134 -3.8918 0.02
139158 -3.8918 0.02
139162 -3.8918 0.02
139255 -3.8918 0.02
139260 -3.8918 0.02
139292 -3.8918 0.02
139298 -1.1374 0.2428
139300 -1.0702 0.2554
139301 -1.0512 0.259
139302 -1.0945 0.2508
139303 -1.0702 0.2554
139305 -1.0945 0.2508
139310 -1.2781 0.2179
139314 -1.0945 0.2508
139318 -1.1211 0.2458
139320 -1.4563 0.189
139336 -1.0986 0.25
139338 -1.0986 0.25
139339 -1.0986 0.25
139342 -1.3023 0.2138
139362 -1.1514 0.2402
139371 -1.6132 0.1662
139378 -1.5019 0.1821
139384 -1.5194 0.1796
139390 -1.2955 0.2149
139394 -1.2865 0.2164
139398 -1.2955 0.2149
139400 -1.0512 0.259
139402 -1.0335 0.2624
139403 -1.0335 0.2624
139404 -0.9617 0.2765
139405 -1.0028 0.2684
139406 -1.0526 0.2587
139407 -1.0318 0.2627
139460 -3.8918 0.02
139488 -3.8918 0.02
139524 -3.8918 0.02
139528 -3.8918 0.02
139530 -3.8918 0.02
139532 -3.8918 0.02
139534 -3.8918 0.02
139536 -3.8918 0.02
139538 -3.8918 0.02
139542 -3.8918 0.02
139562 -3.8918 0.02
139588 -3.8918 0.02
139626 -3.8918 0.02
139684 -3.8918 0.02
139690 -3.8918 0.02
139718 -3.8918 0.02
139728 -3.8918 0.02
139745 -3.8918 0.02
139748 -3.8918 0.02
139766 -2.2352 0.0966
139774 -1.538 0.1768
139796 -1.2356 0.2252
139800 -1.0941 0.2508
139802 -1.0778 0.2539
139803 -1.0941 0.2508
139804 -1.0463 0.2599
139805 -1.0778 0.2539
139810 -3.8918 0.02
139856 -2.6839 0.0639
139880 -2.4656 0.0783
139918 -2.3442 0.0875
140026 -2.8314 0.0557
140048 -3.8918 0.02
140072 -2.5773 0.0706
140086 -2.8287 0.0558
140096 -3.2109 0.0388
140108 -3.6324 0.0258
140148 -3.3455 0.034
140154 -3.4684 0.0302
140186 -3.3573 0.0337
140208 -3.4807 0.0299
140218 -3.3557 0.0337
140222 -1.6235 0.1647
140232 -2.6567 0.0656
140236 -2.6312 0.0672
140302 -2.6175 0.068
140320 -2.5271 0.074
140342 -1.1076 0.2483
140352 -1.144 0.2416
140354 -1.0711 0.2552
140364 -2.58 0.0704
140372 -1.318 0.2112
140378 -1.0673 0.2559
140379 -1.0673 0.2559
140386 -1.0582 0.2577
140387 -1.0206 0.2649
140398 -1.0348 0.2622
140400 -0.9885 0.2712
140401 -1.0348 0.2622
140402 -1.4881 0.1842
140404 -1.3927 0.199
140422 -2.2351 0.0966
140430 -2.7227 0.0616
140468 -2.7249 0.0615
140542 -2.228 0.0973
140616 -2.7612 0.0595
140630 -2.8057 0.057
140644 -2.6138 0.0683
140654 -1.0949 0.2507
140674 -2.3349 0.0883
140684 -1.0949 0.2507
140686 -1.0866 0.2523
140687 -1.0949 0.2507
140738 -1.8462 0.1363
140758 -1.0911 0.2514
140760 -1.0866 0.2523
140761 -1.0911 0.2514
140762 -1.0529 0.2587
140763 -1.0866 0.2523
140764 -1.0389 0.2614
140765 -1.0529 0.2587
140772 -1.1797 0.2351
140822 -0.8482 0.2998
140824 -0.7751 0.3154
140825 -0.7856 0.3131
140827 -0.9012 0.2888
140836 -0.9731 0.2743
140837 -1.0666 0.2561
140844 -0.7549 0.3198
140845 -0.7549 0.3198
140866 -0.7459 0.3217
140867 -0.786 0.313
140896 -2.2803 0.0928
140906 -0.858 0.2978
140907 -0.858 0.2978
140922 -2.7444 0.0604
140928 -0.9389 0.2811
140929 -0.9389 0.2811
140971 -1.056 0.2581
140978 -1.0666 0.2561
141008 -0.8051 0.3089
141009 -0.8051 0.3089
141028 -1.8284 0.1384
141030 -1.7036 0.154
141034 -0.8778 0.2936
141035 -0.8778 0.2936
141080 -0.8386 0.3018
141081 -0.8994 0.2892
141098 -2.7281 0.0613
141150 -1.0795 0.2536
141151 -1.0679 0.2558
141153 -1.0795 0.2536
141162 -3.0684 0.0444
141180 -3.0895 0.0435
141188 -2.6386 0.0667
141192 -3.8918 0.02
141212 -2.1167 0.1075
141260 -1.391 0.1992
141264 -1.4144 0.1955
141272 -1.4237 0.1941
141336 -1.7228 0.1515
141371 -2.1851 0.1011
141425 -2.8185 0.0563
141543 -2.7719 0.0589
141642 -1.2297 0.2262
141681 -3.598 0.0266
141743 -2.8517 0.0546
141877 -1.5168 0.1799
141889 -1.2535 0.2221
141967 -3.3296 0.0346
141991 -1.9166 0.1282
142071 -1.3921 0.1991
142313 -0.6083 0.3524
142314 -0.6005 0.3542
142323 -0.5795 0.3591
142324 -0.6566 0.3415
142325 -0.659 0.341
142326 -0.5795 0.3591
142327 -0.8024 0.3095
142328 -0.659 0.341
142329 -0.9671 0.2755
142330 -0.8024 0.3095
142337 -0.6005 0.3542
142338 -0.594 0.3557
142339 -0.6566 0.3415
142340 -0.6005 0.3542
142341 -0.8041 0.3091
142342 -0.6566 0.3415
142359 -2.4579 0.0789
142363 -0.889 0.2913
142364 -0.889 0.2913
142365 -1.0822 0.2531
142366 -0.9903 0.2709
142368 -1.0822 0.2531
142371 -1.6472 0.1615
142373 -1.2878 0.2162
142391 -1.0956 0.2506
142392 -1.0366 0.2618
142394 -1.0956 0.2506
142397 -1.3855 0.2001
142415 -2.6148 0.0682
142421 -2.8195 0.0563
142441 -0.921 0.2848
142442 -0.9402 0.2809
142443 -0.9127 0.2864
142444 -0.921 0.2848
142445 -0.9323 0.2825
142446 -0.9111 0.2868
142447 -1.0923 0.2512
142448 -1.076 0.2543
142449 -3.0111 0.0469
142465 -2.6778 0.0643
142467 -2.2208 0.0979
142469 -0.8857 0.292
142470 -0.8857 0.292
142483 -2.59 0.0698
142487 -2.5406 0.0731
142499 -1.349 0.206
142503 -1.949 0.1247
142517 -0.8671 0.2959
142518 -0.8671 0.2959
142519 -0.9043 0.2882
142520 -0.8881 0.2915
142525 -1.5082 0.1812
142527 -0.9043 0.2882
142528 -0.9043 0.2882
142531 -2.4792 0.0773
142533 -1.5329 0.1776
142692 -1.3876 0.1998
142712 -1.6698 0.1585
142762 -2.5313 0.0737
142800 -3.8918 0.02
142836 -3.8918 0.02
142870 -3.8918 0.02
142904 -3.8918 0.02
142980 -3.094 0.0434
142986 -3.3076 0.0353
143004 -1.9474 0.1248
143064 -2.4858 0.0769
143072 -2.9444 0.05
143120 -3.3018 0.0355
143124 -2.5302 0.0738
143128 -2.6332 0.067
143140 -2.6676 0.0649
143146 -1.4346 0.1924
143272 -3.8918 0.02
143320 -3.8918 0.02
143376 -3.8918 0.02
143388 -3.8918 0.02
143468 -3.8918 0.02
143476 -3.8918 0.02
143494 -3.8918 0.02
143534 -3.8918 0.02
143628 -3.8918 0.02
143754 -3.8918 0.02
143814 -3.8918 0.02
143858 -3.8918 0.02
143870 -3.8918 0.02
143880 -3.8918 0.02
143960 -3.8918 0.02
143976 -3.8918 0.02
144092 -3.8918 0.02
144182 -3.8918 0.02
144254 -3.8918 0.02
144272 -3.8918 0.02
144294 -3.8918 0.02
144354 -3.8918 0.02
144398 -3.8918 0.02
144478 -3.8918 0.02
144518 -3.8918 0.02
144640 -3.8918 0.02
144660 -3.159 0.0407
144686 -2.9444 0.05
144728 -3.8918 0.02
144744 -3.8918 0.02
144754 -3.8918 0.02
144818 -1.245 0.2236
144826 -1.7932 0.1427
144840 -1.0367 0.2618
144841 -0.9102 0.287
144842 -1.3179 0.2112
144843 -1.0367 0.2618
144844 -1.3179 0.2112
144846 -1.0025 0.2684
144847 -0.9567 0.2775
144848 -1.0196 0.2651
144849 -1.0025 0.2684
144851 -1.0196 0.2651
144856 -0.939 0.2811
144857 -0.939 0.2811
144858 -0.9589 0.2771
144859 -0.9589 0.2771
144860 -1.0822 0.2531
144861 -1.0594 0.2574
144864 -1.0367 0.2618
144865 -1.0188 0.2653
144882 -3.8918 0.02
144898 -3.8918 0.02
144906 -1.2503 0.2227
144938 -1.0111 0.2668
144939 -1.0111 0.2668
144940 -0.9644 0.276
144941 -0.9946 0.27
144942 -0.9397 0.281
144943 -0.9397 0.281
144944 -0.9621 0.2765
144945 -0.9621 0.2765
144946 -1.0903 0.2516
144947 -1.0196 0.2651
144949 -1.0903 0.2516
144974 -1.0593 0.2574
144975 -1.0593 0.2574
145022 -1.3367 0.2081
145030 -1.0258 0.2639
145031 -1.0512 0.259
145032 -1.0001 0.2689
145033 -1.0258 0.2639
145034 -0.9819 0.2725
145035 -0.9819 0.2725
145036 -1.067 0.256
145037 -1.067 0.256
145038 -1.0629 0.2568
145039 -1.0658 0.2562
145040 -1.0791 0.2537
145042 -1.0258 0.2639
145043 -1.0534 0.2586
145044 -0.984 0.2721
145045 -0.984 0.2721
145046 -1.0512 0.259
145047 -1.0664 0.2561
145048 -1.0111 0.2668
145049 -1.0159 0.2658
145050 -1.0001 0.2689
145051 -1.0288 0.2633
145052 -0.9678 0.2753
145053 -0.9917 0.2706
145070 -1.6222 0.1649
145094 -2.9444 0.05
145156 -3.8918 0.02
145210 -2.9257 0.0509
145216 -2.7611 0.0595
145224 -2.7781 0.0585
145232 -3.7963 0.022
145236 -1.2076 0.2301
145240 -1.8958 0.1306
145274 -0.7515 0.3205
145275 -0.851 0.2992
145276 -2.2646 0.0941
145282 -1.0899 0.2516
145285 -1.0899 0.2516
145340 -3.8322 0.0212
145360 -3.847 0.0209
145368 -3.6909 0.0243
145464 -3.6927 0.0243
145486 -3.0077 0.0471
145514 -2.0648 0.1126
145592 -0.9813 0.2726
145593 -0.9945 0.27
145594 -0.9756 0.2738
145595 -0.9813 0.2726
145596 -0.9739 0.2741
145597 -0.9483 0.2792
145762 -3.0731 0.0442
145798 -1.8876 0.1315
145942 -3.2818 0.0362
145984 -2.9444 0.05
146010 -2.9444 0.05
146026 -2.7617 0.0594
146044 -2.712 0.0623
146138 -3.8918 0.02
146140 -1.7424 0.149
146158 -1.4761 0.186
146172 -1.4622 0.1881
146190 -1.4428 0.1911
146216 -1.4102 0.1962
146240 -3.7477 0.023
146449 -3.1638 0.0405
146459 -1.0776 0.254
146461 -1.053 0.2587
146462 -1.0776 0.254
146465 -3.0712 0.0443
146467 -2.5882 0.0699
146483 -1.0028 0.2684
146485 -0.8789 0.2934
146486 -1.0028 0.2684
146489 -1.454 0.1894
146491 -0.7423 0.3225
146492 -0.5609 0.3633
146493 -0.9097 0.2871
146494 -0.7423 0.3225
146495 -1.0511 0.259
146496 -0.9097 0.2871
146581 -2.6881 0.0637
146631 -3.1087 0.0427
146703 -2.4816 0.0772
146731 -3.8918 0.02
146735 -3.2126 0.0387
146753 -3.5101 0.029
146859 -1.1297 0.2442
146877 -1.5887 0.1696
146883 -0.8921 0.2907
146884 -0.9842 0.2721
146885 -0.8569 0.298
146886 -0.8921 0.2907
146887 -0.8512 0.2992
146888 -0.8512 0.2992
146901 -1.1081 0.2482
146904 -1.0775 0.254
146915 -0.8497 0.2995
146916 -0.8497 0.2995
146917 -0.8499 0.2995
146918 -0.8499 0.2995
146919 -0.8513 0.2992
146920 -0.8493 0.2996
146937 -0.861 0.2971
146938 -0.9167 0.2856
146939 -0.8451 0.3005
146940 -0.837 0.3022
146941 -0.8459 0.3003
146942 -0.8459 0.3003
146947 -0.853 0.2988
146948 -0.8706 0.2951
146949 -0.8578 0.2978
146950 -0.8578 0.2978
146951 -1.0038 0.2682
146952 -1.0038 0.2682
146953 -1.0857 0.2524
146955 -1.0037 0.2682
146956 -1.0265 0.2638
146957 -0.9975 0.2694
146958 -0.999 0.2691
146959 -1.0124 0.2665
146960 -1 0.2689
146963 -0.9924 0.2704
146964 -0.9924 0.2704
146965 -0.8673 0.2958
146966 -0.9445 0.28
146967 -0.8361 0.3024
146968 -0.8361 0.3024
146969 -1.0393 0.2613
146970 -1.0596 0.2574
146971 -0.999 0.2691
146972 -1.0404 0.2611
146973 -1.1526 0.24
146981 -1.0738 0.2547
146982 -1.0738 0.2547
146983 -1.0775 0.254
146984 -1.0325 0.2626
147001 -2.0506 0.114
147013 -0.94 0.2809
147014 -0.9088 0.2873
147015 -3.0328 0.046
147059 -2.9688 0.0489
147067 -2.2296 0.0971
147079 -2.6916 0.0635
147109 -0.8245 0.3048
147110 -0.984 0.2721
147137 -2.0756 0.1115
147171 -2.227 0.0974
147261 -1.5009 0.1823
147271 -1.5304 0.1779
147355 -2.6332 0.067
147517 -2.624 0.0676
147657 -3.8918 0.02
147747 -1.5699 0.1722
147768 -1.3747 0.2019
147774 -0.4455 0.3904
147775 -0.444 0.3908
147788 -1.7887 0.1432
147790 -1.0207 0.2649
147796 -1.0884 0.2519
147798 -1.4798 0.1855
147813 -1.0625 0.2568
147818 -2.2906 0.0919
147826 -1.2559 0.2217
147828 -1.0252 0.264
147830 -0.915 0.286
147831 -1.0252 0.264
147832 -0.835 0.3026
147833 -0.8482 0.2998
147836 -2.4706 0.0779
147848 -3.8918 0.02
147864 -3.0025 0.0473
147876 -3.0708 0.0443
147892 -2.7006 0.0629
147900 -2.7514 0.06
147914 -2.575 0.0708
147936 -2.8427 0.0551
147982 -2.4971 0.0761
147984 -0.9431 0.2803
147986 -0.8876 0.2916
147987 -0.9431 0.2803
147988 -0.8801 0.2932
147989 -0.8876 0.2916
147990 -0.8756 0.2941
147991 -0.8801 0.2932
148000 -3.6821 0.0246
148009 -1.0133 0.2663
148028 -2.9444 0.05
148030 -0.9106 0.2869
148054 -1.0953 0.2506
148055 -1.0918 0.2513
148068 -0.8876 0.2916
148075 -1.0481 0.2596
148078 -0.7166 0.3281
148079 -0.6948 0.333
148082 -0.8801 0.2932
148083 -1.0918 0.2513
148089 -0.9709 0.2747
148096 -3.8918 0.02
148108 -2.9444 0.05
148112 -1.0022 0.2685
148113 -0.944 0.2801
148114 -1.0293 0.2632
148115 -1.0022 0.2685
148144 -1.0986 0.25
148145 -0.8754 0.2941
148146 -1.0986 0.25
148147 -1.0986 0.25
148150 -1.0926 0.2511
148151 -1.0719 0.2551
148153 -1.0926 0.2511
148154 -0.7705 0.3164
148155 -0.7705 0.3164
148188 -0.7831 0.3137
148189 -0.9107 0.2869
148190 -0.6948 0.333
148191 -0.7831 0.3137
148192 -0.6727 0.3379
148193 -0.6948 0.333
148194 -1.0926 0.2511
148195 -1.0022 0.2685
148198 -0.8776 0.2937
148199 -0.8776 0.2937
148201 -1.0348 0.2622
148202 -0.9455 0.2798
148203 -0.9455 0.2798
148204 -0.8932 0.2905
148205 -0.9899 0.2709
148206 -0.8728 0.2947
148207 -0.8728 0.2947
148230 -1.0986 0.25
148231 -1.0986 0.25
148234 -1.0319 0.2627
148235 -1.0319 0.2627
148236 -0.8279 0.3041
148237 -0.8976 0.2895
148238 -0.819 0.306
148239 -0.8279 0.3041
148240 -0.868 0.2957
148241 -0.8666 0.296
148242 -0.9387 0.2812
148243 -0.8962 0.2898
148244 -3.8918 0.02
148288 -1.0808 0.2534
148289 -1.0808 0.2534
148290 -1.0825 0.253
148291 -1.0822 0.2531
148292 -1.085 0.2526
148293 -1.085 0.2526
148294 -1.3026 0.2137
148299 -3.8918 0.02
148321 -1.0953 0.2506
148332 -2.301 0.091
148336 -0.7885 0.3125
148337 -0.7885 0.3125
148338 -0.9266 0.2836
148339 -0.8506 0.2993
148340 -1.0732 0.2548
148341 -1.0732 0.2548
148342 -0.9089 0.2872
148343 -0.9089 0.2872
148344 -0.9388 0.2811
148345 -0.9388 0.2811
148346 -1.039 0.2613
148347 -0.858 0.2977
148348 -0.8882 0.2915
148349 -0.8882 0.2915
148351 -0.8678 0.2957
148352 -1.013 0.2664
148353 -1.013 0.2664
148354 -1.0327 0.2626
148355 -0.8531 0.2988
148356 -0.8668 0.2959
148357 -0.9186 0.2852
148358 -1.0753 0.2544
148359 -0.894 0.2903
148360 -0.898 0.2895
148361 -0.898 0.2895
148362 -0.8552 0.2983
148363 -0.8747 0.2943
148364 -0.9259 0.2838
148365 -0.9259 0.2838
148374 -1.8566 0.1351
148376 -0.8447 0.3005
148377 -1.0014 0.2687
148382 -1.0322 0.2627
148383 -1.0961 0.2505
148384 -0.9574 0.2774
148385 -1.0322 0.2627
148386 -0.8207 0.3056
148387 -0.8861 0.2919
148388 -0.7518 0.3204
148389 -0.773 0.3158
148390 -1.5692 0.1723
148398 -1.0672 0.2559
148399 -1.0672 0.2559
148400 -1.5315 0.1778
148418 -2.4513 0.0793
148424 -0.9032 0.2884
148425 -0.8862 0.2919
148428 -2.5833 0.0702
148436 -1.0264 0.2638
148437 -1.0355 0.262
148438 -1.0467 0.2599
148439 -1.0264 0.2638
148440 -1.0826 0.253
148441 -1.0763 0.2542
148443 -1.0826 0.253
148474 -0.9436 0.2802
148475 -0.9425 0.2804
148476 -0.9693 0.275
148477 -0.9436 0.2802
148478 -0.9811 0.2727
148479 -0.9886 0.2712
148480 -1.0005 0.2688
148481 -0.9811 0.2727
148494 -2.4783 0.0774
148512 -2.6409 0.0666
148526 -3.0746 0.0442
148556 -3.0573 0.0449
148576 -1.8307 0.1382
148606 -2.4415 0.0801
148614 -1.5782 0.1711
148640 -2.389 0.084
148710 -3.006 0.0472
148774 -2.8681 0.0538
148810 -3.0248 0.0463
148828 -3.1652 0.0405
148860 -2.9083 0.0517
148966 -2.9087 0.0517
148988 -2.9012 0.0521
149000 -0.8555 0.2983
149001 -0.8555 0.2983
149002 -0.8524 0.2989
149003 -0.8476 0.2999
149004 -0.8683 0.2956
149005 -0.8524 0.2989
149010 -0.934 0.2821
149011 -0.934 0.2821
149014 -1 0.2689
149015 -1 0.2689
149016 -0.8524 0.2989
149017 -0.9883 0.2712
149020 -2.1032 0.1088
149068 -1.9027 0.1298
149110 -2.2103 0.0988
149128 -2.3294 0.0887
149134 -2.4499 0.0794
149148 -2.1381 0.1055
149180 -1.312 0.2122
149216 -2.3527 0.0869
149232 -1.9168 0.1282
149240 -1.7332 0.1502
149242 -0.9494 0.279
149243 -0.9494 0.279
149244 -0.4924 0.3793
149245 -0.4863 0.3808
149246 -0.8223 0.3053
149247 -0.8223 0.3053
149248 -0.9659 0.2757
149249 -0.9303 0.2829
149250 -1.0189 0.2652
149251 -0.9659 0.2757
149253 -1.0189 0.2652
149256 -0.6717 0.3381
149257 -0.6717 0.3381
149258 -0.5137 0.3743
149259 -0.5847 0.3579
149260 -0.4624 0.3864
149261 -0.5137 0.3743
149322 -2.8728 0.0535
149398 -1.0316 0.2628
149400 -0.9431 0.2803
149401 -0.9431 0.2803
149402 -0.9169 0.2856
149403 -0.9337 0.2822
149404 -0.8881 0.2915
149405 -0.8881 0.2915
149406 -2.1426 0.105
149424 -0.8678 0.2957
149425 -0.9926 0.2704
149436 -1.296 0.2148
149438 -0.8162 0.3066
149439 -0.8131 0.3072
149440 -0.8568 0.298
149441 -0.9109 0.2868
149442 -0.8396 0.3016
149443 -0.8568 0.298
149446 -1.0709 0.2552
149447 -1.0316 0.2628
149452 -0.824 0.3049
149453 -0.8227 0.3052
149454 -0.8259 0.3045
149455 -0.8497 0.2995
149470 -0.8204 0.3057
149471 -0.8204 0.3057
149472 -1.038 0.2615
149473 -0.9893 0.271
149475 -1.0732 0.2548
149478 -1.0732 0.2548
149506 -0.9595 0.277
149507 -0.9169 0.2856
149508 -1.0153 0.2659
149509 -0.9595 0.277
149512 -0.8603 0.2973
149513 -0.9017 0.2887
149514 -0.8162 0.3066
149515 -0.839 0.3017
149516 -0.8108 0.3077
149517 -0.8162 0.3066
149524 -1.0755 0.2544
149525 -1.0755 0.2544
149534 -1.0853 0.2525
149535 -1.0853 0.2525
149536 -0.8565 0.2981
149537 -0.8565 0.2981
149540 -2.1923 0.1004
149552 -1.0396 0.2612
149553 -0.9548 0.2779
149555 -1.0396 0.2612
149566 -1.007 0.2676
149567 -1.0645 0.2564
149598 -0.9991 0.2691
149599 -0.9991 0.2691
149600 -0.8865 0.2918
149601 -0.9548 0.2779
149616 -0.9945 0.27
149640 -1.0017 0.2686
149641 -1.0451 0.2602
149642 -0.8408 0.3014
149643 -0.8399 0.3016
149646 -0.9708 0.2747
149647 -0.9708 0.2747
149648 -0.9337 0.2822
149649 -0.8865 0.2918
149654 -0.9945 0.27
149655 -1.0722 0.255
149656 -0.9316 0.2826
149657 -0.9316 0.2826
149658 -0.8898 0.2911
149659 -0.8898 0.2911
149660 -0.8131 0.3072
149661 -0.8591 0.2975
149662 -0.7716 0.3161
149663 -0.8131 0.3072
149664 -1.0275 0.2636
149665 -0.9738 0.2741
149674 -2.4655 0.0783
149755 -1.8657 0.134
149767 -1.0116 0.2667
149768 -1.0116 0.2667
149807 -2.1855 0.1011
149811 -1.6948 0.1551
149833 -2.1685 0.1026
149883 -1.9633 0.1231
149903 -3.135 0.0417
149913 -2.4692 0.078
149943 -2.707 0.0626
150029 -3.8918 0.02
150053 -3.5523 0.0279
150101 -3.0965 0.0433
150109 -3.4576 0.0305
150291 -1.5017 0.1822
150303 -1.0787 0.2537
150304 -1.0559 0.2581
150305 -1.0867 0.2522
150306 -1.0787 0.2537
150313 -1.5191 0.1796
150333 -1.0479 0.2596
150334 -1.0479 0.2596
150335 -1.081 0.2533
150336 -1.0559 0.2581
150451 -0.9994 0.2691
150452 -1.0545 0.2584
150453 -0.9279 0.2834
150454 -0.9279 0.2834
150455 -0.9286 0.2832
150456 -0.9301 0.2829
150493 -3.7664 0.0226
150533 -1.021 0.2648
150534 -1.0515 0.2589
150535 -1.0893 0.2518
150536 -1.0893 0.2518
150543 -1.0357 0.262
150544 -1.0713 0.2552
150545 -1.0632 0.2567
150546 -1.0187 0.2653
150549 -0.9974 0.2695
150550 -0.9974 0.2695
150557 -1.0468 0.2598
150558 -1.0521 0.2588
150559 -1.0406 0.261
150560 -1.0468 0.2598
150561 -1.065 0.2564
150562 -1.0406 0.261
150565 -1.3887 0.1996
150573 -1.0129 0.2664
150574 -1.0364 0.2618
150575 -0.9949 0.2699
150576 -1.0129 0.2664
150577 -0.9821 0.2725
150578 -0.9949 0.2699
150579 -0.9795 0.273
150580 -0.9795 0.273
150581 -0.9422 0.2805
150582 -0.9422 0.2805
150583 -1.0521 0.2588
150584 -1.0211 0.2648
150585 -1.0887 0.2519
150587 -1.0228 0.2645
150588 -1.0468 0.2598
150589 -1.0019 0.2686
150590 -1.0019 0.2686
150591 -0.9907 0.2708
150592 -0.9948 0.27
150593 -1.0744 0.2546
150594 -1.0775 0.254
150595 -1.0713 0.2552
150596 -1.0744 0.2546
150597 -1.0618 0.257
150598 -1.0713 0.2552
150599 -1.0523 0.2588
150600 -1.0618 0.257
150601 -1.0515 0.2589
150602 -1.0523 0.2588
150603 -1.0525 0.2587
150604 -1.0515 0.2589
150605 -1.0623 0.2569
150606 -1.0525 0.2587
150607 -1.0751 0.2544
150608 -1.0745 0.2545
150795 -2.4262 0.0812
150799 -3.8315 0.0212
150841 -3.8184 0.0215
150907 -3.6911 0.0243
150937 -2.254 0.095
150999 -1.0499 0.2592
151000 -1.0499 0.2592
151015 -3.8918 0.02
151073 -1.0827 0.253
151075 -1.0584 0.2576
151076 -1.0827 0.253
151078 -1.0584 0.2576
151079 -1.7119 0.1529
151097 -3.8178 0.0215
151125 -0.8758 0.2941
151126 -0.8607 0.2972
151127 -0.9019 0.2887
151128 -0.8758 0.2941
151137 -1.4127 0.1958
151143 -1.3573 0.2047
151145 -1.6023 0.1677
151163 -1.3829 0.2005
151169 -0.9149 0.286
151170 -0.9301 0.2829
151171 -0.9141 0.2862
151172 -0.9141 0.2862
151187 -1.0919 0.2513
151189 -0.9709 0.2747
151190 -0.9524 0.2784
151191 -1.0037 0.2682
151192 -0.9709 0.2747
151193 -0.9493 0.279
151194 -0.9274 0.2835
151195 -0.9646 0.276
151196 -0.9493 0.279
151203 -2.8414 0.0551
151219 -1.0464 0.2599
151220 -1.0464 0.2599
151235 -0.9586 0.2772
151236 -1.0042 0.2681
151237 -0.9455 0.2798
151238 -0.9586 0.2772
151239 -0.9121 0.2866
151240 -0.9455 0.2798
151241 -0.8997 0.2891
151242 -0.9121 0.2866
151265 -0.9513 0.2786
151266 -1.0584 0.2576
151267 -0.9469 0.2795
151268 -0.9513 0.2786
151269 -0.9068 0.2876
151270 -0.9469 0.2795
151271 -0.8997 0.2891
151272 -0.9068 0.2876
151273 -0.8999 0.2891
151274 -0.8981 0.2894
151275 -0.9069 0.2876
151276 -0.8996 0.2891
151277 -0.9267 0.2836
151278 -0.9087 0.2873
151279 -0.972 0.2745
151280 -0.9466 0.2796
151281 -0.988 0.2713
151282 -0.988 0.2713
151283 -1.0279 0.2635
151284 -0.989 0.2711
151291 -0.9927 0.2704
151292 -0.9847 0.272
151293 -1.01 0.267
151294 -0.9927 0.2704
151296 -1.01 0.267
151299 -0.8884 0.2914
151300 -0.8733 0.2946
151301 -0.925 0.2839
151302 -0.925 0.2839
151311 -0.9679 0.2753
151312 -0.9709 0.2747
151313 -0.9648 0.2759
151314 -0.9679 0.2753
151315 -0.9611 0.2767
151316 -0.9648 0.2759
151317 -0.9574 0.2774
151318 -0.9574 0.2774
151319 -0.9554 0.2778
151320 -0.9566 0.2776
151321 -0.955 0.2779
151322 -0.955 0.2779
151323 -0.9568 0.2775
151324 -0.9552 0.2778
151325 -0.9586 0.2772
151326 -0.9568 0.2775
151327 -1.2924 0.2154
151433 -0.9646 0.276
151434 -0.972 0.2745
151435 -0.9476 0.2794
151436 -0.9646 0.276
151437 -0.9455 0.2798
151438 -0.9476 0.2794
151439 -0.9443 0.28
151440 -0.9455 0.2798
151441 -0.943 0.2803
151442 -0.9443 0.28
151443 -0.9465 0.2796
151444 -0.9427 0.2803
151445 -0.9503 0.2788
151446 -0.9467 0.2796
151447 -0.9524 0.2784
151448 -0.9503 0.2788
151449 -0.9532 0.2783
151450 -0.9524 0.2784
151453 -3.4925 0.0295
151621 -2.6562 0.0656
151817 -2.6282 0.0673
151907 -0.9858 0.2717
151908 -0.9841 0.2721
151915 -1.0034 0.2683
151916 -1.0034 0.2683
151917 -0.9587 0.2771
151918 -0.9858 0.2717
151919 -0.9685 0.2752
151920 -0.9587 0.2771
151923 -3.8918 0.02
151931 -0.7232 0.3267
151932 -0.758 0.3191
151935 -0.928 0.2833
151936 -0.928 0.2833
151937 -0.77 0.3165
151938 -0.7518 0.3204
151951 -0.8958 0.2899
151952 -0.893 0.2905
151981 -0.9625 0.2764
151982 -0.9625 0.2764
151983 -0.8455 0.3004
151984 -0.8614 0.297
151985 -0.8346 0.3027
151986 -0.8346 0.3027
151987 -0.9291 0.2831
151988 -0.8958 0.2899
151989 -0.8597 0.2974
151990 -0.914 0.2862
151991 -0.8799 0.2932
151992 -0.8597 0.2974
151993 -0.885 0.2921
151994 -0.8799 0.2932
151995 -0.8818 0.2928
151996 -0.885 0.2921
151997 -0.8627 0.2968
151998 -0.8818 0.2928
152003 -2.581 0.0704
152032 -3.2125 0.0387
152054 -1.8681 0.1338
152066 -1.8848 0.1318
152074 -1.2334 0.2256
152154 -1.3462 0.2065
152194 -1.9075 0.1293
152212 -1.2395 0.2245
152246 -1.9831 0.121
152270 -1.3887 0.1996
152286 -1.9138 0.1286
152342 -1.3167 0.2114
152366 -1.2275 0.2266
152372 -1.2225 0.2275
152430 -2.0103 0.1181
152442 -2.4778 0.0774
152510 -2.7909 0.0578
152518 -1.461 0.1883
152610 -2.3051 0.0907
152624 -1.216 0.2286
152716 -2.9404 0.0502
152754 -2.7454 0.0603
152756 -2.7162 0.062
152794 -1.4342 0.1925
152822 -1.4082 0.1965
152844 -1.3927 0.199
152904 -1.2664 0.2199
152923 -1.0094 0.2671
152946 -1.0094 0.2671
152947 -1.0304 0.263
152948 -0.9817 0.2726
152949 -1.0094 0.2671
152958 -1.2364 0.2251
152984 -1.8492 0.136
153030 -0.978 0.2733
153031 -0.978 0.2733
153032 -1.0358 0.262
153033 -1.0045 0.2681
153034 -1.0516 0.2589
153035 -1.0572 0.2578
153036 -1 0.269
153037 -1.0284 0.2634
153038 -0.9694 0.275
153039 -0.9982 0.2693
153042 -1.075 0.2545
153043 -1.075 0.2545
153044 -1.085 0.2526
153045 -1.085 0.2526
153046 -1.0588 0.2575
153047 -1.0679 0.2558
153050 -0.9707 0.2747
153051 -0.9707 0.2747
153052 -1.0314 0.2628
153053 -0.972 0.2745
153054 -1.0463 0.2599
153055 -1.0463 0.2599
153056 -1.0204 0.2649
153057 -0.9727 0.2743
153066 -0.9946 0.27
153067 -0.9946 0.27
153068 -0.9876 0.2714
153069 -0.9929 0.2703
153070 -0.986 0.2717
153071 -0.9876 0.2714
153072 -0.9843 0.272
153073 -0.986 0.2717
153074 -0.9834 0.2722
153075 -0.9843 0.272
153098 -1.0858 0.2524
153108 -1.0297 0.2631
153109 -1.0609 0.2571
153114 -1.1278 0.2446
153132 -1.3244 0.2101
153138 -1.3046 0.2134
153164 -1.7434 0.1489
153174 -2.1487 0.1045
153178 -1.3944 0.1987
153180 -1.0354 0.262
153191 -1.184 0.2343
153199 -1.0916 0.2513
153201 -0.8448 0.3005
153202 -0.7831 0.3137
153213 -1.9933 0.1199
153217 -0.7795 0.3144
153218 -0.7795 0.3144
153224 -0.7826 0.3138
153225 -0.7826 0.3138
153232 -0.8117 0.3075
153233 -0.8117 0.3075
153236 -0.9036 0.2883
153237 -0.8782 0.2936
153238 -0.9141 0.2862
153239 -0.9141 0.2862
153246 -0.8426 0.301
153247 -0.7753 0.3153
153262 -1.2968 0.2147
153266 -1.2103 0.2296
153278 -1.25 0.2227
153279 -1.0446 0.2603
153287 -1.08 0.2535
153292 -0.7923 0.3117
153293 -0.9339 0.2821
153294 -0.6653 0.3395
153295 -0.6653 0.3395
153302 -1.0834 0.2529
153303 -1.0834 0.2529
153322 -1.5637 0.1731
153344 -1.1363 0.243
153352 -2.2125 0.0986
153478 -3.6178 0.0261
153484 -1.0637 0.2566
153485 -1.0986 0.25
153518 -1.0986 0.25
153519 -1.0986 0.25
153520 -1.0986 0.25
153521 -1.0986 0.25
153528 -1.0472 0.2598
153530 -0.8227 0.3052
153531 -0.8227 0.3052
153532 -0.7987 0.3103
153533 -0.8746 0.2943
153666 -3.8918 0.02
154094 -3.8918 0.02
154342 -3.8918 0.02
154616 -3.8918 0.02
154756 -3.8918 0.02
155052 -3.8918 0.02
155158 -3.8918 0.02
155200 -3.8918 0.02
155478 -3.8918 0.02
155688 -3.8918 0.02
155796 -3.8918 0.02
155888 -3.8918 0.02
156014 -3.8918 0.02
156028 -3.8918 0.02
156134 -3.8918 0.02
156136 -3.8918 0.02
156378 -3.8918 0.02
156434 -3.8918 0.02
156610 -3.8918 0.02
156720 -3.8918 0.02
156958 -3.8918 0.02
157056 -3.8918 0.02
157152 -3.8918 0.02
157258 -3.8918 0.02
157384 -3.8918 0.02
157602 -3.8918 0.02
157672 -3.8918 0.02
157792 -1.3338 0.2085
157838 -3.8918 0.02
157860 -3.8918 0.02
157912 -3.8918 0.02
158020 -3.8918 0.02
158074 -3.8918 0.02
158278 -3.8918 0.02
158280 -3.8918 0.02
158288 -3.8918 0.02
158350 -3.8918 0.02
158386 -3.8918 0.02
158400 -3.8918 0.02
158540 -3.8918 0.02
158562 -3.8918 0.02
158717 -3.8918 0.02
158840 -3.8918 0.02
158866 -3.8918 0.02
158904 -3.8918 0.02
158918 -3.8918 0.02
158996 -3.8918 0.02
159058 -3.8918 0.02
159082 -3.8918 0.02
159170 -3.8918 0.02
159223 -3.8918 0.02
159588 -3.8918 0.02
159594 -3.8918 0.02
159752 -3.8918 0.02
160140 -3.8918 0.02
160202 -3.8918 0.02
160370 -3.8918 0.02
160484 -3.8918 0.02
160554 -3.8918 0.02
160572 -3.8918 0.02
160628 -3.8918 0.02
160692 -3.8918 0.02
160896 -3.8918 0.02
160904 -3.8918 0.02
160934 -3.8918 0.02
160936 -3.8918 0.02
161102 -3.8918 0.02
161150 -3.8918 0.02
161162 -3.8918 0.02
161356 -3.8918 0.02
161396 -3.8918 0.02
161604 -3.8918 0.02
161902 -3.8918 0.02
162024 -3.8918 0.02
162200 -3.8918 0.02
162544 -3.8918 0.02
162552 -3.8918 0.02
162618 -3.8918 0.02
162830 -3.1964 0.0393
162856 -3.8196 0.0215
162914 -3.5239 0.0286
162968 -3.5323 0.0284
162970 -3.7627 0.0227
163028 -3.7899 0.0221
163170 -3.6702 0.0248
163188 -1.5876 0.1697
163242 -3.8918 0.02
163280 -3.3169 0.035
163292 -3.3318 0.0345
163366 -3.0711 0.0443
163434 -3.8918 0.02
163490 -3.8918 0.02
163576 -3.8918 0.02
163620 -3.8918 0.02
163672 -3.8918 0.02
163738 -3.8918 0.02
163836 -3.8918 0.02
164014 -3.8918 0.02
164070 -1.0986 0.25
164071 -1.0986 0.25
164072 -1.0986 0.25
164073 -1.0986 0.25
164075 -1.0986 0.25
164098 -1.0986 0.25
164099 -1.0986 0.25
164104 -1.0986 0.25
164106 -1.0986 0.25
164107 -1.0986 0.25
164108 -1.8578 0.135
164110 -1.0986 0.25
164111 -1.0986 0.25
164112 -1.0986 0.25
164113 -1.0986 0.25
164122 -1.0986 0.25
164124 -1.0986 0.25
164125 -1.0986 0.25
164126 -1.0986 0.25
164127 -1.0986 0.25
164132 -1.0986 0.25
164133 -1.0986 0.25
164134 -1.0986 0.25
164135 -1.0986 0.25
164154 -1.0986 0.25
164155 -1.0986 0.25
164159 -1.0986 0.25
164168 -1.2044 0.2307
164238 -1.0986 0.25
164239 -1.0986 0.25
164240 -1.0986 0.25
164241 -1.0986 0.25
164248 -1.0986 0.25
164249 -1.0986 0.25
164372 -2.2392 0.0963
164438 -2.6512 0.0659
164594 -2.2619 0.0943
164672 -2.5179 0.0746
164708 -2.7707 0.0589
164734 -3.5847 0.027
164798 -1.716 0.1524
164874 -3.8918 0.02
164986 -3.6029 0.0265
165042 -2.7208 0.0618
165066 -3.2594 0.037
165210 -3.1879 0.0396
165238 -2.9708 0.0488
165254 -1.0322 0.2626
165255 -1.0322 0.2626
165256 -1.0718 0.2551
165257 -1.0718 0.2551
165258 -1.0819 0.2531
165259 -1.0793 0.2536
165260 -1.0942 0.2508
165261 -1.0885 0.2519
165268 -0.2007 0.45
165269 -0.2007 0.45
165270 -0.2007 0.45
165271 -0.2007 0.45
165272 -0.2007 0.45
165273 -0.2007 0.45
165274 -0.2007 0.45
165275 -0.2007 0.45
165276 -0.2007 0.45
165277 -0.2007 0.45
165278 -0.2007 0.45
165279 -0.2007 0.45
165280 -0.2007 0.45
165281 -0.2007 0.45
165282 -0.2007 0.45
165283 -0.2007 0.45
165284 -0.2007 0.45
165285 -0.2007 0.45
165286 -0.2007 0.45
165287 -0.2007 0.45
165288 -0.2007 0.45
165289 -0.2007 0.45
165290 -0.2007 0.45
165291 -0.2007 0.45
165292 -0.2007 0.45
165293 -0.2007 0.45
165294 -0.2007 0.45
165295 -0.2007 0.45
165296 -0.2007 0.45
165297 -0.2007 0.45
165298 -0.2007 0.45
165299 -0.2007 0.45
165300 -0.2007 0.45
165301 -0.2007 0.45
165302 -0.3693 0.4087
165303 -0.3101 0.4231
165304 -0.2007 0.45
165305 -0.2007 0.45
165306 -0.2007 0.45
165307 -0.2007 0.45
165308 -0.2007 0.45
165309 -0.2007 0.45
165310 -0.3101 0.4231
165311 -0.2007 0.45
165312 -1.0423 0.2607
165313 -1.034 0.2623
165318 -0.2007 0.45
165319 -0.2007 0.45
165320 -0.2007 0.45
165321 -0.2007 0.45
165322 -0.2007 0.45
165323 -0.2007 0.45
165324 -1.0263 0.2638
165325 -1.0939 0.2509
165326 -0.9977 0.2694
165327 -1.0263 0.2638
165328 -0.9723 0.2744
165329 -0.9977 0.2694
165344 -0.2007 0.45
165345 -0.2007 0.45
165346 -0.2007 0.45
165347 -0.2007 0.45
165348 -0.2007 0.45
165349 -0.2007 0.45
165350 -0.2007 0.45
165351 -0.2007 0.45
165352 -0.2007 0.45
165353 -0.2007 0.45
165356 -0.2007 0.45
165357 -0.2007 0.45
165360 -0.2007 0.45
165361 -0.2007 0.45
165362 -0.2007 0.45
165363 -0.2007 0.45
165364 -0.2007 0.45
165365 -0.2007 0.45
165366 -0.2007 0.45
165367 -0.2007 0.45
165368 -0.2007 0.45
165369 -0.2007 0.45
165370 -0.2007 0.45
165371 -0.2007 0.45
165372 -0.2007 0.45
165373 -0.2007 0.45
165378 -3.427 0.0315
165382 -0.2007 0.45
165383 -0.2007 0.45
165384 -0.2007 0.45
165385 -0.2007 0.45
165386 -0.2007 0.45
165387 -0.2007 0.45
165426 -3.8918 0.02
165492 -3.8918 0.02
165548 -3.8918 0.02
165594 -3.8918 0.02
165636 -3.8918 0.02
165728 -3.8918 0.02
165808 -3.8918 0.02
165854 -3.8918 0.02
165906 -3.8918 0.02
166154 -3.8918 0.02
166310 -3.8918 0.02
166590 -3.8918 0.02
166670 -3.8918 0.02
166676 -3.8918 0.02
166756 -3.8918 0.02
166790 -3.8918 0.02
166820 -3.8918 0.02
166918 -3.8918 0.02
167008 -3.8918 0.02
167040 -3.8918 0.02
167080 -3.8918 0.02
167116 -3.8918 0.02
167172 -3.8918 0.02
167258 -3.8918 0.02
167284 -3.8918 0.02
167322 -3.8918 0.02
167440 -3.8918 0.02
167466 -3.8918 0.02
167746 -3.8918 0.02
167762 -3.8918 0.02
167876 -3.8918 0.02
167996 -3.8918 0.02
168262 -3.8918 0.02
168364 -3.8918 0.02
168420 -3.8918 0.02
168484 -3.8918 0.02
168488 -3.8918 0.02
168512 -3.8918 0.02
168528 -3.8918 0.02
168584 -3.8918 0.02
168656 -3.4974 0.0294
168664 -0.7429 0.3224
168665 -0.9258 0.2838
168680 -1.3843 0.2003
168684 -3.8918 0.02
168725 -3.266 0.0368
168731 -3.2423 0.0376
168733 -3.2482 0.0374
168737 -3.8918 0.02
168747 -1.7072 0.1535
168753 -2.4211 0.0816
168767 -1.3043 0.2135
168779 -2.9527 0.0496
168787 -2.9444 0.05
168845 -3.3979 0.0324
168897 -1.5717 0.172
168907 -1.9599 0.1235
168909 -2.1365 0.1056
168923 -1.0957 0.2505
168925 -0.6228 0.3492
168926 -1.0957 0.2505
168927 -0.6439 0.3444
168928 -0.6228 0.3492
168929 -0.7194 0.3275
168930 -0.6439 0.3444
168933 -2.4191 0.0817
168943 -2.3056 0.0907
168953 -2.2639 0.0942
168983 -1.0506 0.2591
168984 -1.0507 0.2591
168986 -1.0825 0.253
168993 -3.5068 0.0291
169015 -2.2695 0.0937
169065 -1.4775 0.1858
169091 -1.7811 0.1442
169153 -1.9292 0.1268
169215 -2.9031 0.052
169235 -2.7532 0.0599
169255 -3.4131 0.0319
169307 -2.7607 0.0595
169453 -0.6144 0.351
169454 -0.6144 0.351
169463 -2.6218 0.0677
169507 -2.9565 0.0494
169533 -3.3375 0.0343
169555 -3.4007 0.0323
169601 -3.3988 0.0323
169637 -1.3229 0.2103
169639 -1.0386 0.2614
169640 -1.0386 0.2614
169641 -1.0522 0.2588
169642 -1.0522 0.2588
169643 -1.0225 0.2645
169644 -1.0282 0.2634
169646 -1.0442 0.2603
169647 -0.8665 0.296
169648 -1.0176 0.2655
169659 -2.2737 0.0933
169661 -3.396 0.0324
169675 -3.3324 0.0345
169705 -1.3078 0.2129
169715 -0.4819 0.3818
169716 -0.4051 0.4001
169717 -0.4892 0.3801
169718 -0.4819 0.3818
169751 -2.108 0.1083
169813 -3.8918 0.02
169879 -3.8918 0.02
170027 -2.1947 0.1002
170033 -2.2381 0.0964
170045 -2.2867 0.0922
170065 -1.1423 0.2419
170085 -1.0963 0.2504
170086 -1.0963 0.2504
170089 -1.2841 0.2169
170123 -1.5723 0.1719
170129 -2.7474 0.0602
170137 -2.7026 0.0628
170155 -2.2955 0.0915
170171 -1.5823 0.1705
170197 -1.0718 0.2551
170199 -1.0718 0.2551
170200 -1.0773 0.254
170201 -1.0677 0.2558
170202 -1.0718 0.2551
170229 -1.2572 0.2215
170244 -1.1457 0.2413
170246 -1.2933 0.2153
170265 -1.0725 0.2549
170266 -1.0725 0.2549
170268 -1.091 0.2514
170273 -1.3127 0.212
170279 -0.9682 0.2752
170280 -0.9567 0.2775
170281 -0.9408 0.2807
170282 -0.9408 0.2807
170283 -0.9846 0.272
170284 -0.9748 0.2739
170297 -0.9313 0.2827
170298 -0.8964 0.2898
170299 -1.0079 0.2674
170300 -0.9646 0.276
170325 -2.2303 0.0971
170331 -0.7389 0.3232
170332 -0.7519 0.3204
170333 -0.7374 0.3236
170334 -0.7389 0.3232
170335 -0.7309 0.325
170336 -0.7374 0.3236
170337 -0.7302 0.3252
170338 -0.7309 0.325
170345 -2.5995 0.0692
170359 -1.6523 0.1608
170375 -1.5193 0.1796
170429 -1.7127 0.1528
170443 -2.0484 0.1142
170447 -1.3514 0.2056
170625 -3.8918 0.02
170867 -3.8918 0.02
170955 -3.1942 0.0394
170957 -1.7078 0.1535
170961 -1.6016 0.1678
170980 -1.0911 0.2514
170981 -1.0596 0.2574
170982 -1.0596 0.2574
170983 -1.091 0.2514
170984 -1.0802 0.2535
170985 -0.9877 0.2714
170986 -0.988 0.2713
170987 -0.9884 0.2712
170988 -0.9884 0.2712
170989 -0.979 0.2731
170990 -0.9807 0.2728
170991 -1.0338 0.2623
170992 -1.0338 0.2623
170993 -2.4329 0.0807
171049 -3.6919 0.0243
171053 -3.8918 0.02
171071 -0.928 0.2833
171072 -0.8725 0.2947
171091 -0.8696 0.2953
171092 -0.8715 0.2949
171093 -1.0699 0.2554
171094 -1.0699 0.2554
171137 -1.4859 0.1845
171139 -0.8147 0.3069
171140 -0.8479 0.2999
171145 -0.8934 0.2904
171146 -0.8481 0.2998
171149 -0.8549 0.2984
171150 -0.8384 0.3019
171151 -0.9894 0.271
171152 -0.9556 0.2778
171157 -0.8867 0.2918
171158 -0.8867 0.2918
171159 -0.8384 0.3019
171160 -0.8481 0.2998
171161 -0.8338 0.3028
171162 -0.8353 0.3025
171165 -2.0743 0.1116
171169 -0.9333 0.2822
171170 -0.9484 0.2792
171173 -2.6637 0.0652
171194 -2.7972 0.0575
171248 -1.7648 0.1462
171254 -2.0213 0.117
171276 -3.4387 0.0311
171290 -1.4626 0.1881
171304 -1.0826 0.253
171306 -1.0264 0.2638
171307 -1.0826 0.253
171308 -0.9811 0.2727
171309 -1.0264 0.2638
171310 -0.9436 0.2802
171311 -0.9811 0.2727
171312 -0.921 0.2848
171313 -0.9436 0.2802
171314 -2.3942 0.0836
171316 -1.006 0.2678
171317 -1.0254 0.264
171318 -1.0355 0.262
171319 -1.0349 0.2621
171322 -1.0355 0.262
171323 -1.0484 0.2595
171328 -0.9941 0.2701
171329 -1.0198 0.2651
171334 -1.1753 0.2359
171336 -0.8636 0.2966
171337 -0.8636 0.2966
171338 -1.0865 0.2523
171339 -1.0865 0.2523
171340 -0.8781 0.2936
171349 -0.9566 0.2776
171350 -0.981 0.2727
171375 -1.0986 0.25
171377 -3.1291 0.0419
171399 -2.9957 0.0476
171443 -3.8918 0.02
171463 -1.6274 0.1642
171503 -1.581 0.1707
171539 -1.7906 0.143
171553 -0.9168 0.2856
171554 -0.914 0.2862
171555 -0.9163 0.2857
171556 -0.9168 0.2856
171580 -2.1908 0.1006
171587 -2.0404 0.115
171627 -1.0843 0.2527
171629 -0.9382 0.2813
171630 -0.9336 0.2822
171633 -1.1122 0.2475
171635 -1.0452 0.2601
171695 -0.9741 0.2741
171696 -1.0443 0.2603
171699 -0.8774 0.2937
171700 -0.8715 0.2949
171705 -0.8731 0.2946
171706 -0.8791 0.2934
171707 -0.874 0.2944
171708 -0.8684 0.2956
171711 -1.1522 0.2401
171713 -0.8821 0.2927
171714 -0.8821 0.2927
171716 -1.0228 0.2645
171719 -0.8652 0.2962
171720 -0.8704 0.2952
171721 -0.8674 0.2958
171722 -0.8652 0.2962
171723 -0.8742 0.2944
171724 -0.8674 0.2958
171725 -0.8848 0.2922
171726 -0.8742 0.2944
171727 -0.8643 0.2964
171728 -0.8704 0.2952
171729 -0.865 0.2963
171730 -0.8643 0.2964
171731 -0.8732 0.2946
171732 -0.865 0.2963
171733 -0.8868 0.2918
171734 -0.8732 0.2946
171819 -3.8918 0.02
171829 -3.1535 0.041
171941 -3.8918 0.02
171997 -3.8918 0.02
172021 -3.8912 0.02
172077 -1.7924 0.1428
172201 -3.2215 0.0384
172215 -0.9564 0.2776
172216 -0.9871 0.2715
172217 -0.9252 0.2839
172218 -0.9564 0.2776
172283 -0.7218 0.327
172284 -0.6051 0.3532
172285 -0.8257 0.3045
172286 -0.7287 0.3255
172291 -0.7914 0.3119
172292 -0.7028 0.3312
172293 -0.8667 0.296
172294 -0.7914 0.3119
172329 -2.9444 0.05
172333 -3.8918 0.02
172335 -3.8918 0.02
172431 -2.665 0.0651
172433 -0.9293 0.2831
172434 -0.8596 0.2974
172463 -2.6253 0.0675
172547 -1.0738 0.2547
172548 -1.0748 0.2545
172549 -1.0697 0.2555
172550 -1.0738 0.2547
172551 -1.0661 0.2561
172552 -1.0697 0.2555
172553 -1.0652 0.2563
172554 -1.0661 0.2561
172555 -1.0645 0.2564
172556 -1.0645 0.2564
172559 -1.0945 0.2508
172560 -1.094 0.2509
172561 -1.0785 0.2538
172562 -1.0781 0.2539
172563 -1.0571 0.2579
172564 -1.0515 0.2589
172569 -1.081 0.2533
172570 -1.0952 0.2506
172571 -0.9974 0.2694
172572 -1.081 0.2533
172575 -1.2243 0.2272
172577 -1.0875 0.2521
172578 -1.0947 0.2507
172579 -1.0755 0.2544
172580 -1.0755 0.2544
172587 -1.0611 0.2571
172588 -1.0748 0.2545
172589 -1.0682 0.2558
172590 -1.0611 0.2571
172591 -1.0702 0.2554
172592 -1.0702 0.2554
172593 -1.0952 0.2506
172594 -1.0861 0.2524
172601 -1.0246 0.2641
172602 -1.0246 0.2641
172603 -1.0165 0.2657
172604 -1.018 0.2654
172605 -1.0113 0.2667
172606 -1.0165 0.2657
172607 -1.0029 0.2684
172608 -1.0029 0.2684
172609 -0.9901 0.2709
172610 -0.9901 0.2709
172657 -1.0891 0.2518
172691 -1.7289 0.1507
172733 -2.1458 0.1047
172763 -2.0859 0.1105
172783 -1.9049 0.1296
172787 -0.981 0.2727
172788 -0.954 0.2781
172794 -1.0805 0.2534
172801 -1.425 0.1939
172857 -3.239 0.0377
172875 -3.0368 0.0458
172923 -3.0617 0.0447
172925 -2.8768 0.0533
172939 -2.8508 0.0546
172955 -3.0202 0.0465
173061 -2.5149 0.0748
173155 -2.6309 0.0672
173215 -3.1943 0.0394
173349 -3.0619 0.0447
173617 -2.9444 0.05
173651 -2.7752 0.0587
173679 -1.2697 0.2193
173715 -1.0541 0.2584
173717 -1.0323 0.2626
173718 -1.0541 0.2584
173719 -1.0172 0.2656
173720 -1.0323 0.2626
173721 -1.0132 0.2663
173722 -1.0132 0.2663
173743 -1.0052 0.2679
173744 -1.0052 0.2679
173785 -1.0623 0.2569
173787 -1.0458 0.26
173788 -1.0623 0.2569
173789 -1.039 0.2613
173790 -1.0458 0.26
173791 -1.0309 0.2629
173792 -1.035 0.2621
173793 -1.0211 0.2648
173794 -1.0279 0.2635
173795 -1.0162 0.2658
173796 -1.0211 0.2648
173797 -1.0115 0.2667
173798 -1.0162 0.2658
173799 -1.0076 0.2675
173800 -1.0115 0.2667
173801 -1.0042 0.2681
173802 -1.0076 0.2675
173803 -0.9996 0.269
173804 -1.0042 0.2681
173805 -0.9982 0.2693
173806 -0.9996 0.269
173807 -0.9966 0.2696
173808 -0.9982 0.2693
173809 -0.9967 0.2696
173810 -0.9966 0.2696
173811 -0.9971 0.2695
173812 -0.9967 0.2696
173813 -0.9974 0.2695
173814 -0.9971 0.2695
173815 -0.9991 0.2691
173816 -0.9974 0.2695
173817 -1.0015 0.2686
173818 -0.9991 0.2691
173819 -1.0037 0.2682
173820 -1.0015 0.2686
173821 -1.014 0.2662
173822 -1.0112 0.2668
173823 -1.0541 0.2584
173825 -1.0623 0.2569
173826 -1.0541 0.2584
173827 -1.606 0.1671
173833 -1.2233 0.2274
173865 -1.0254 0.264
173866 -0.9716 0.2746
173875 -2.7879 0.058
173909 -0.9993 0.2691
173911 -0.9529 0.2783
173912 -0.9993 0.2691
173913 -0.9415 0.2806
173914 -0.9529 0.2783
173915 -0.9317 0.2826
173916 -0.9415 0.2806
173917 -0.9145 0.2861
173918 -0.9317 0.2826
173919 -0.902 0.2886
173920 -0.9145 0.2861
173921 -0.8941 0.2903
173922 -0.902 0.2886
173923 -0.8876 0.2916
173924 -0.8941 0.2903
173925 -0.8828 0.2926
173926 -0.8876 0.2916
173927 -0.8799 0.2932
173928 -0.8828 0.2926
173929 -0.8789 0.2934
173930 -0.8799 0.2932
173931 -0.9001 0.289
173932 -0.8789 0.2934
173987 -2.2719 0.0935
173997 -2.7381 0.0608
174005 -2.6301 0.0672
174109 -1.0235 0.2644
174117 -1.0861 0.2524
174118 -1.0398 0.2612
174131 -1.0642 0.2565
174132 -1.0642 0.2565
174134 -1.0853 0.2525
174203 -3.8918 0.02
174267 -3.8918 0.02
174275 -3.7633 0.0227
174381 -3.8918 0.02
174383 -1.1751 0.2359
174384 -1.073 0.2548
174395 -1.6912 0.1556
174421 -1.4953 0.1831
174451 -1.1563 0.2393
174467 -1.0648 0.2564
174468 -1.0648 0.2564
174511 -1.8276 0.1385
174513 -1.3382 0.2078
174521 -0.7491 0.321
174522 -0.7491 0.321
174523 -1.0794 0.2536
174524 -1.0811 0.2533
174561 -2.0251 0.1166
174573 -0.8636 0.2966
174574 -0.8498 0.2995
174575 -0.8872 0.2917
174576 -0.8636 0.2966
174579 -0.9156 0.2859
174580 -0.9303 0.2829
174581 -0.8501 0.2994
174582 -0.9156 0.2859
174583 -0.7935 0.3114
174584 -0.8501 0.2994
174589 -1.0733 0.2548
174590 -1.0733 0.2548
174591 -0.9727 0.2743
174592 -1.0334 0.2624
174593 -0.9303 0.2829
174594 -0.9727 0.2743
174599 -0.4718 0.3842
174600 -0.5694 0.3614
174601 -0.6722 0.338
174602 -0.6722 0.338
174603 -0.7581 0.3191
174604 -0.7317 0.3248
174605 -1.7437 0.1488
174621 -1.5991 0.1681
174623 -1.926 0.1272
174625 -2.0739 0.1117
174637 -1.5716 0.172
174643 -1.1117 0.2476
174656 -1.2534 0.2221
174663 -0.8456 0.3004
174664 -0.9099 0.287
174665 -0.8677 0.2957
174666 -0.9253 0.2839
174667 -0.8552 0.2983
174668 -0.9197 0.285
174671 -1.0431 0.2606
174672 -1.0431 0.2606
174681 -1.9656 0.1229
174759 -1.7806 0.1442
174779 -1.3101 0.2125
174787 -1.4 0.1978
174825 -1.4115 0.196
174903 -1.3214 0.2106
175013 -2.1558 0.1038
175033 -1.3188 0.211
175055 -0.8632 0.2967
175056 -0.9765 0.2736
175163 -3.2389 0.0377
175201 -3.8918 0.02
175205 -3.8918 0.02
175209 -3.8918 0.02
175335 -1.0657 0.2562
175337 -1.0597 0.2574
175338 -1.0657 0.2562
175339 -1.0362 0.2619
175340 -1.0597 0.2574
175341 -1.034 0.2623
175342 -1.0362 0.2619
175343 -1.0232 0.2644
175344 -1.034 0.2623
175345 -1.017 0.2656
175346 -1.0232 0.2644
175347 -1.0005 0.2688
175348 -1.017 0.2656
175473 -3.8918 0.02
175583 -3.8918 0.02
175593 -1.4312 0.1929
175605 -0.6745 0.3375
175606 -0.6745 0.3375
175607 -0.671 0.3383
175608 -0.671 0.3383
175609 -0.6684 0.3389
175610 -0.6662 0.3393
175611 -0.7053 0.3306
175612 -0.7289 0.3254
175613 -0.7032 0.3311
175614 -0.6863 0.3349
175615 -0.8383 0.3019
175616 -0.6963 0.3326
175617 -0.7541 0.3199
175618 -0.7875 0.3127
175619 -0.8457 0.3003
175620 -0.674 0.3376
175621 -1.0125 0.2665
175622 -0.9672 0.2754
175623 -1.031 0.2629
175624 -1.031 0.2629
175625 -0.9272 0.2835
175626 -0.9452 0.2799
175627 -0.9233 0.2843
175628 -0.9272 0.2835
175629 -0.9239 0.2842
175630 -0.9233 0.2843
175631 -0.9249 0.284
175632 -0.923 0.2843
175637 -3.2587 0.037
175638 -0.7046 0.3308
175639 -0.7604 0.3186
175644 -1.0568 0.2579
175645 -1.0009 0.2688
175646 -0.6685 0.3388
175647 -0.6685 0.3388
175648 -0.6575 0.3413
175649 -0.6575 0.3413
175651 -2.9372 0.0503
175652 -3.3004 0.0356
175742 -2.9282 0.0508
175756 -1.8317 0.138
175780 -1.3047 0.2134
175796 -0.9546 0.278
175797 -0.9402 0.2809
175798 -3.1638 0.0406
175820 -2.7089 0.0624
175822 -2.7912 0.0578
175828 -2.602 0.069
175831 -2.6147 0.0682
175838 -2.8324 0.0556
175858 -0.9092 0.2872
175859 -0.9562 0.2776
175860 -0.9031 0.2884
175861 -0.9092 0.2872
175862 -0.9242 0.2841
175863 -0.9242 0.2841
175864 -0.798 0.3105
175865 -0.798 0.3105
175881 -0.9504 0.2788
175882 -1.4013 0.1976
175897 -0.5986 0.3547
175898 -0.5941 0.3557
175909 -3.8918 0.02
175919 -1.7724 0.1452
175982 -3.7346 0.0233
175997 -3.285 0.0361
176030 -2.0913 0.1099
176056 -2.7152 0.0621
176058 -2.8516 0.0546
176066 -1.5198 0.1795
176068 -1.7312 0.1504
176074 -2.7642 0.0593
176078 -0.5312 0.3702
176079 -0.5394 0.3683
176080 -0.5132 0.3744
176081 -0.5312 0.3702
176082 -1.53 0.178
176112 -1.279 0.2177
176154 -3.8918 0.02
176182 -3.8918 0.02
176226 -1.8137 0.1402
176250 -1.6208 0.1651
176272 -2.9408 0.0502
176286 -3.5203 0.0287
176304 -2.6561 0.0656
176314 -1.5259 0.1786
176322 -1.6918 0.1555
176456 -3.8918 0.02
176528 -1.092 0.2512
176550 -2.62 0.0679
176558 -1.1396 0.2424
176562 -1.0275 0.2636
176563 -1.0721 0.255
176564 -1.0184 0.2653
176565 -1.0184 0.2653
176566 -1.2865 0.2165
176576 -1.0441 0.2604
176577 -1.0441 0.2604
176656 -3.8918 0.02
176672 -2.9444 0.05
176678 -2.9444 0.05
176698 -2.9444 0.05
176704 -2.9444 0.05
176766 -2.9444 0.05
176774 -2.9444 0.05
176790 -2.9444 0.05
176802 -2.9242 0.051
176814 -2.9444 0.05
176836 -3.8918 0.02
176952 -2.9146 0.0514
177032 -3.8918 0.02
177106 -2.2269 0.0974
177116 -1.7038 0.154
177124 -1.4346 0.1924
177128 -3.8918 0.02
177178 -3.8918 0.02
177190 -3.8918 0.02
177204 -3.8918 0.02
177208 -3.8918 0.02
177218 -3.8918 0.02
177234 -3.8918 0.02
177238 -3.8918 0.02
177254 -2.6199 0.0679
177260 -2.4 0.0832
177262 -3.8918 0.02
177320 -3.8918 0.02
177334 -3.8918 0.02
177354 -3.8918 0.02
177370 -3.8918 0.02
177384 -3.8918 0.02
177388 -3.8918 0.02
177402 -3.8918 0.02
177446 -3.8918 0.02
177462 -2.9444 0.05
177474 -2.9444 0.05
177510 -3.8918 0.02
177554 -3.8918 0.02
177564 -3.8918 0.02
177628 -3.8918 0.02
177736 -3.8918 0.02
177778 -3.8918 0.02
177808 -3.8918 0.02
177844 -1.7081 0.1534
177848 -3.8918 0.02
177862 -3.8918 0.02
177866 -3.8918 0.02
177894 -2.1764 0.1019
177906 -3.8918 0.02
177924 -2.845 0.0549
177938 -2.7327 0.0611
177954 -3.0746 0.0442
177985 -1.0204 0.265
178024 -3.8918 0.02
178038 -3.8918 0.02
178044 -2.1543 0.1039
178060 -3.3982 0.0324
178068 -3.054 0.045
178090 -3.8918 0.02
178100 -2.4058 0.0827
178102 -2.4054 0.0828
178122 -3.8918 0.02
178154 -2.1391 0.1054
178156 -2.3495 0.0871
178198 -3.2248 0.0382
178200 -2.512 0.075
178220 -3.8918 0.02
178248 -3.8918 0.02
178266 -0.8586 0.2976
178267 -0.8586 0.2976
178274 -0.7513 0.3205
178275 -0.7299 0.3252
178276 -0.7604 0.3186
178277 -0.7513 0.3205
178278 -0.7689 0.3167
178279 -0.7689 0.3167
178280 -0.834 0.3028
178281 -0.7735 0.3157
178326 -3.8918 0.02
178440 -3.8918 0.02
178464 -3.8918 0.02
178504 -1.4871 0.1844
178524 -2.5152 0.0748
178552 -3.8918 0.02
178572 -1.0894 0.2517
178574 -1.0825 0.253
178575 -1.0825 0.253
178593 -0.962 0.2765
178618 -1.3478 0.2062
178623 -0.9456 0.2798
178630 -1.0011 0.2687
178631 -0.8708 0.2951
178633 -1.0011 0.2687
178634 -1.06 0.2573
178636 -1.0382 0.2615
178637 -1.06 0.2573
178638 -1.0182 0.2654
178639 -1.0382 0.2615
178640 -1.0011 0.2687
178641 -1.0182 0.2654
178654 -1.3978 0.1982
178656 -0.7903 0.3121
178657 -0.7903 0.3121
178674 -1.0637 0.2566
178676 -1.0118 0.2666
178677 -1.0637 0.2566
178702 -0.9554 0.2778
178703 -0.9554 0.2778
178705 -1.0741 0.2546
178712 -1.0741 0.2546
178713 -1.0259 0.2639
178714 -1.0916 0.2513
178715 -1.0916 0.2513
178740 -0.7443 0.3221
178741 -0.6913 0.3337
178742 -0.7717 0.3161
178743 -0.7717 0.3161
178776 -0.974 0.2741
178777 -0.974 0.2741
178832 -3.8918 0.02
178836 -1.3004 0.2141
178838 -1.3452 0.2067
178926 -1.0034 0.2683
178927 -0.9001 0.289
179080 -3.8918 0.02
179396 -3.8918 0.02
179416 -2.9756 0.0485
179430 -2.7495 0.0601
179434 -3.8918 0.02
179444 -3.1676 0.0404
179536 -3.1766 0.0401
179570 -2.6993 0.063
179662 -0.9181 0.2854
179663 -0.9181 0.2854
179676 -1.7602 0.1468
179678 -1.039 0.2613
179679 -1.009 0.2672
179680 -1.2364 0.2251
179706 -1.4069 0.1967
179716 -1.7375 0.1496
179760 -1.2483 0.223
179824 -1.3764 0.2016
179834 -1.425 0.1939
179942 -2.812 0.0567
179972 -0.871 0.2951
179973 -0.7799 0.3143
179982 -0.7406 0.3229
179983 -0.7218 0.327
179984 -0.7501 0.3208
179985 -0.7266 0.3259
179986 -0.8116 0.3075
179987 -0.7501 0.3208
180008 -2.5814 0.0703
180018 -0.7799 0.3143
180019 -0.8352 0.3025
180020 -0.7266 0.3259
180021 -0.7799 0.3143
180022 -0.7218 0.327
180023 -0.7266 0.3259
180024 -0.774 0.3156
180025 -0.7218 0.327
180036 -1.6738 0.1579
180040 -1.0744 0.2546
180042 -0.9871 0.2715
180043 -1.0744 0.2546
180044 -0.9438 0.2801
180045 -0.9871 0.2715
180088 -3.8918 0.02
180548 -3.8918 0.02
180826 -3.8918 0.02
180944 -2.237 0.0965
181036 -3.0299 0.0461
181058 -2.618 0.068
181064 -2.7116 0.0623
181100 -2.8209 0.0562
181110 -3.8918 0.02
181140 -0.7501 0.3208
181141 -0.7406 0.3229
181142 -0.8357 0.3024
181143 -0.774 0.3156
181204 -3.8918 0.02
181210 -0.9898 0.2709
181211 -1.008 0.2674
181212 -0.9794 0.273
181213 -0.9898 0.2709
181214 -0.969 0.2751
181215 -0.9794 0.273
181216 -0.9594 0.277
181217 -0.9594 0.277
181218 -0.9103 0.2869
181219 -0.9452 0.2799
181220 -0.8804 0.2931
181221 -0.9103 0.2869
181222 -0.8527 0.2989
181223 -0.8804 0.2931
181224 -0.7875 0.3127
181225 -0.8527 0.2989
181226 -0.7289 0.3254
181227 -0.7875 0.3127
181228 -0.7032 0.3311
181229 -0.7289 0.3254
181230 -0.7473 0.3214
181231 -0.7032 0.3311
181232 -0.7887 0.3124
181233 -0.7473 0.3214
181270 -2.8478 0.0548
181278 -2.8327 0.0556
181294 -3.0058 0.0472
181323 -2.384 0.0844
181360 -1.3729 0.2021
181366 -1.0986 0.25
181368 -1.0986 0.25
181369 -1.0986 0.25
181386 -3.8918 0.02
181408 -3.8918 0.02
181420 -3.8918 0.02
181436 -3.8918 0.02
181442 -3.8918 0.02
181564 -3.8918 0.02
181572 -3.8918 0.02
181596 -3.8918 0.02
181698 -3.8918 0.02
181724 -3.8918 0.02
181744 -3.8918 0.02
181748 -3.8918 0.02
181760 -3.8918 0.02
181766 -3.1341 0.0417
181770 -2.6384 0.0667
181788 -3.3757 0.0331
181790 -1.9352 0.1262
181796 -3.141 0.0414
181800 -3.2006 0.0391
181814 -1.9434 0.1253
181818 -2.2278 0.0973
181832 -2.1612 0.1033
181890 -1.7546 0.1475
181928 -1.7814 0.1441
182018 -3.8918 0.02
182098 -2.4509 0.0794
182186 -2.5289 0.0739
182188 -2.3922 0.0838
182804 -3.8918 0.02
182878 -3.8918 0.02
183140 -3.0183 0.0466
183152 -3.0093 0.047
183238 -3.8918 0.02
183270 -3.8918 0.02
183792 -1.0548 0.2583
183793 -1.0389 0.2614
183888 -3.8918 0.02
183960 -3.8918 0.02
183964 -3.8918 0.02
183982 -3.8918 0.02
184006 -3.8918 0.02
184188 -3.8918 0.02
184198 -3.8918 0.02
184304 -3.8918 0.02
184388 -3.8918 0.02
184422 -3.8918 0.02
184614 -0.9827 0.2724
184615 -1.0303 0.263
184660 -1.0442 0.2603
184664 -0.7645 0.3177
184665 -0.768 0.3169
184668 -1.0595 0.2574
184670 -1.0094 0.2671
184671 -1.027 0.2637
184672 -0.9692 0.275
184673 -0.9692 0.275
184674 -0.9409 0.2807
184675 -0.9462 0.2797
184676 -0.9336 0.2822
184677 -0.9409 0.2807
184690 -0.8132 0.3072
184691 -0.9462 0.2797
184692 -0.8221 0.3053
184693 -0.9012 0.2888
184694 -0.7355 0.324
184695 -0.7755 0.3153
184696 -1.005 0.268
184697 -1.005 0.268
184698 -1.0508 0.2591
184704 -2.4765 0.0775
184736 -0.8918 0.2907
184737 -0.89 0.2911
184738 -1.0048 0.268
184739 -0.9366 0.2816
184740 -0.8348 0.3026
184741 -0.8348 0.3026
184816 -2.2366 0.0965
184826 -0.724 0.3265
184827 -0.7196 0.3275
184828 -0.8411 0.3013
184829 -0.7811 0.3141
184830 -0.7258 0.3261
184831 -0.6914 0.3337
184832 -0.8035 0.3093
184833 -0.7258 0.3261
184834 -1.025 0.2641
184835 -1.0044 0.2681
184836 -2.0195 0.1172
184837 -1.025 0.2641
184843 -1.0308 0.2629
184844 -0.9594 0.277
184845 -0.9594 0.277
184846 -0.9428 0.2803
184847 -0.9526 0.2784
184848 -0.9233 0.2843
184849 -0.9428 0.2803
184850 -0.9033 0.2884
184851 -0.9184 0.2853
184852 -0.9239 0.2842
184853 -0.9371 0.2815
184854 -0.8849 0.2922
184855 -0.9239 0.2842
184856 -0.9544 0.278
184857 -0.9371 0.2815
184858 -0.9856 0.2718
184859 -0.9856 0.2718
184860 -0.9807 0.2728
184861 -0.9807 0.2728
184862 -0.9526 0.2784
184863 -0.9674 0.2754
184864 -1.0072 0.2675
184865 -0.9846 0.272
184866 -1.0262 0.2638
184867 -1.0072 0.2675
184868 -0.9655 0.2758
184869 -0.9674 0.2754
184870 -0.9626 0.2764
184871 -0.9626 0.2764
184872 -0.9468 0.2795
184873 -0.9468 0.2795
184874 -1.0256 0.2639
184875 -1.0256 0.2639
184876 -0.8508 0.2993
184877 -0.8817 0.2928
184878 -0.8528 0.2989
184879 -0.8838 0.2924
184926 -1.0436 0.2604
184927 -1.0436 0.2604
184928 -1.0443 0.2603
184929 -1.0757 0.2543
184930 -0.994 0.2701
184931 -1.0072 0.2675
184932 -0.9928 0.2704
184933 -0.994 0.2701
184934 -0.9608 0.2767
184935 -0.9928 0.2704
184936 -0.9503 0.2788
184937 -0.9468 0.2795
184938 -0.9518 0.2785
184939 -0.9503 0.2788
184940 -0.9529 0.2783
184941 -0.9518 0.2785
184942 -0.9545 0.278
184943 -0.9529 0.2783
184944 -0.9517 0.2785
184945 -0.9545 0.278
184946 -0.9198 0.285
184947 -0.9517 0.2785
184948 -0.9618 0.2765
184949 -0.9679 0.2753
184950 -0.9518 0.2785
184951 -0.9618 0.2765
184952 -0.9564 0.2776
184953 -0.9564 0.2776
184954 -1.049 0.2594
184955 -1.0281 0.2635
184956 -0.973 0.2743
184957 -0.9545 0.278
184958 -0.974 0.2741
184959 -0.973 0.2743
184960 -0.9679 0.2753
184961 -0.973 0.2743
184962 -0.9599 0.2769
184963 -0.9679 0.2753
184964 -1.0307 0.2629
184965 -0.9503 0.2788
184966 -1.0518 0.2589
184967 -1.0646 0.2564
184968 -1.0529 0.2587
184969 -1.0529 0.2587
184972 -1.1093 0.248
184976 -1.8836 0.132
185010 -1.4068 0.1967
185070 -1.9024 0.1298
185128 -1.066 0.2562
185130 -0.981 0.2727
185131 -0.9981 0.2693
185880 -3.8918 0.02
185930 -3.8918 0.02
185962 -3.8918 0.02
185986 -3.8918 0.02
186224 -1.3817 0.2007
186269 -1.0986 0.25
186296 -1.7074 0.1535
186366 -1.0986 0.25
186367 -1.0986 0.25
186369 -1.0986 0.25
186378 -1.5536 0.1746
186431 -1.0986 0.25
186433 -1.0986 0.25
186434 -1.0986 0.25
186435 -1.0986 0.25
186436 -1.0986 0.25
186437 -1.0986 0.25
186438 -1.0986 0.25
186439 -1.0986 0.25
186440 -1.0986 0.25
186927 -0.2007 0.45
186928 -0.2007 0.45
186929 -0.2007 0.45
186930 -0.2007 0.45
186941 -0.2007 0.45
186942 -0.2007 0.45
186951 -0.2007 0.45
186952 -0.2007 0.45
186981 -0.2007 0.45
186982 -0.2007 0.45
186983 -0.2007 0.45
186984 -0.2007 0.45
186985 -0.2007 0.45
186986 -0.2007 0.45
186987 -0.2007 0.45
186988 -0.2007 0.45
187341 -3.8918 0.02
188355 -3.8918 0.02
188637 -3.3383 0.0343
188641 -3.3401 0.0342
188717 -3.8918 0.02
189117 -3.4027 0.0322
189339 -3.2055 0.039
189431 -3.2612 0.0369
189513 -3.2561 0.0371
189533 -3.2868 0.036
189717 -3.406 0.0321
190009 -3.8918 0.02
191929 -3.8918 0.02
192325 -1.973 0.1221
192523 -1.8513 0.1357
192541 -1.2892 0.216
192751 -1.9383 0.1258
193009 -3.8918 0.02
193151 -3.5958 0.0267
193157 -3.5887 0.0269
193163 -3.5641 0.0275
193169 -3.5805 0.0271
193309 -3.573 0.0273
193370 -3.8918 0.02
194100 -3.8918 0.02
194172 -3.8918 0.02
194564 -3.8918 0.02
194631 -3.8918 0.02
195173 -3.8918 0.02
195809 -3.8918 0.02
196451 -3.8918 0.02
196943 -3.8918 0.02
198353 -3.8918 0.02
198357 -3.8918 0.02
202577 -3.8918 0.02
202961 -3.8918 0.02
203127 -3.8918 0.02
203881 -3.8918 0.02
205867 -3.8918 0.02
206127 -3.8918 0.02
206293 -1.1365 0.243
206295 -1.008 0.2674
206296 -1.0689 0.2556
206297 -1.0398 0.2612
206299 -1.0275 0.2636
206300 -1.0275 0.2636
206301 -1.0689 0.2556
206302 -1.0398 0.2612
206303 -0.908 0.2874
206304 -1.0595 0.2574
206305 -0.8922 0.2907
206306 -0.908 0.2874
206307 -0.8621 0.2969
206308 -0.908 0.2874
206309 -0.8221 0.3053
206310 -0.8621 0.2969
206433 -2.2515 0.0952
207069 -3.8918 0.02
207344 -3.8918 0.02
207634 -3.8918 0.02
207836 -3.8918 0.02
212608 -3.8918 0.02
212712 -3.8918 0.02
212796 -3.8918 0.02
213324 -3.8918 0.02
213587 -3.6325 0.0258
213883 -3.8918 0.02
214003 -3.8918 0.02
214435 -3.8918 0.02
216693 -3.5806 0.0271
221031 -3.8918 0.02
223421 -3.6447 0.0255
223525 -3.5822 0.0271
223689 -3.5152 0.0289
223865 -3.259 0.037
224155 -2.9815 0.0483
224215 -3.0624 0.0447
224295 -3.2227 0.0383
224565 -0.8101 0.3079
224566 -0.8101 0.3079
224567 -0.7843 0.3134
224568 -0.8056 0.3088
224569 -0.809 0.3081
224570 -0.7843 0.3134
224571 -0.8328 0.3031
224572 -0.809 0.3081
224573 -1.0141 0.2662
224574 -1.0475 0.2597
224575 -0.943 0.2803
224576 -1.0141 0.2662
224577 -0.8743 0.2944
224578 -0.943 0.2803
224579 -0.7843 0.3134
224580 -0.8743 0.2944
224581 -0.7596 0.3187
224582 -0.7843 0.3134
224583 -0.8242 0.3049
224584 -0.7596 0.3187
224585 -0.8677 0.2957
224586 -0.9393 0.2811
224587 -0.7596 0.3187
224588 -0.8677 0.2957
224693 -3.8918 0.02
224795 -0.6893 0.3342
224796 -0.7184 0.3277
224797 -0.7025 0.3313
224798 -0.6893 0.3342
224799 -0.6613 0.3404
224800 -0.6893 0.3342
224801 -0.6323 0.347
224802 -0.6613 0.3404
224803 -0.6962 0.3327
224804 -0.6613 0.3404
224805 -0.8159 0.3066
224806 -0.8712 0.295
224807 -0.7851 0.3132
224808 -0.8159 0.3066
224809 -0.7405 0.3229
224810 -0.7277 0.3257
224811 -0.6868 0.3347
224812 -0.6263 0.3483
224815 -0.7761 0.3152
224816 -0.6655 0.3395
224819 -0.8978 0.2895
224820 -0.9161 0.2857
224821 -0.8436 0.3008
224822 -0.8978 0.2895
224823 -0.8456 0.3004
224824 -0.8424 0.301
224825 -0.9385 0.2812
224826 -0.9167 0.2856
224827 -0.9516 0.2786
224828 -0.9385 0.2812
224829 -1.0548 0.2583
224830 -0.9516 0.2786
224831 -1.088 0.252
224832 -1.0548 0.2583
224833 -1.094 0.2509
224834 -1.088 0.252
224836 -1.094 0.2509
224931 -1.0127 0.2664
225003 -1.8587 0.1349
225045 -3.8918 0.02
225539 -3.8918 0.02
225557 -3.8918 0.02
225563 -3.8918 0.02
227459 -2.9444 0.05
227517 -3.8918 0.02
227857 -3.8918 0.02
230333 -3.8918 0.02
230377 -1.7167 0.1523
230446 -1.0986 0.25
230515 -0.9846 0.272
230516 -0.9879 0.2713
230517 -0.9757 0.2737
230518 -0.9669 0.2755
230519 -0.9828 0.2723
230520 -0.9757 0.2737
230521 -0.9978 0.2694
230522 -0.9978 0.2694
230523 -1.0297 0.2631
230524 -1.0145 0.2661
230531 -0.9433 0.2802
230532 -0.9649 0.2759
230533 -0.9548 0.2779
230534 -0.9548 0.2779
230565 -1.2657 0.22
230571 -1.0402 0.2611
230572 -1.0402 0.2611
230580 -1.0896 0.2517
230583 -1.0967 0.2504
230584 -1.0967 0.2504
230585 -0.9376 0.2814
230586 -1.0671 0.2559
230603 -1.043 0.2606
230631 -0.81 0.3079
230632 -0.8901 0.2911
230633 -0.7322 0.3247
230634 -0.81 0.3079
230635 -0.7425 0.3225
230636 -0.7472 0.3214
230637 -0.7933 0.3115
230638 -0.8454 0.3004
230639 -0.78 0.3143
230640 -0.7933 0.3115
230641 -0.7158 0.3283
230642 -0.7694 0.3166
230643 -1.0399 0.2612
230644 -1.0399 0.2612
230649 -1.0162 0.2658
230650 -1.0652 0.2563
230653 -3.8918 0.02
230663 -3.8918 0.02
230667 -3.8918 0.02
231279 -3.8918 0.02
231957 -3.8649 0.0205
232787 -3.8918 0.02
232857 -3.8918 0.02
232939 -3.3221 0.0348
232971 -3.7094 0.0239
233123 -3.6434 0.0255
233157 -3.7432 0.0231
233197 -1.1014 0.2495
233199 -1.0005 0.2688
233245 -0.9896 0.271
233251 -1.1767 0.2356
233253 -1.0657 0.2562
233257 -1.0362 0.2619
233261 -1.017 0.2656
233409 -3.1372 0.0416
233423 -3.5299 0.0285
233607 -3.8918 0.02
233763 -2.4248 0.0813
233771 -2.5582 0.0719
234515 -3.8918 0.02
234737 -2.6839 0.0639
234787 -2.7095 0.0624
235063 -3.8918 0.02
235309 -0.8982 0.2894
235310 -0.8982 0.2894
235311 -0.9366 0.2816
235312 -0.885 0.2921
235369 -3.8918 0.02
235751 -3.8918 0.02
236294 -1.0984 0.25
236329 -2.7353 0.0609
236335 -1.0445 0.2603
236336 -1.0445 0.2603
236337 -1.0549 0.2583
236338 -1.0549 0.2583
236339 -1.044 0.2604
236340 -1.044 0.2604
236341 -1.078 0.2539
236342 -1.0907 0.2515
236359 -1.8889 0.1314
236801 -3.0115 0.0469
237195 -3.8918 0.02
239307 -1.9629 0.1232
239693 -3.0003 0.0474
239773 -3.8918 0.02
240183 -3.8918 0.02
240531 -3.8918 0.02
240957 -3.4514 0.0307
240982 -3.3056 0.0354
241015 -1.0782 0.2538
241016 -1.073 0.2548
241027 -0.8916 0.2908
241028 -0.8916 0.2908
241029 -1.0679 0.2558
241030 -0.9046 0.2881
241035 -1.0679 0.2558
241036 -1.0672 0.2559
241037 -0.9979 0.2694
241038 -1.0214 0.2648
241039 -0.7975 0.3106
241040 -0.8194 0.3059
241041 -0.7594 0.3188
241042 -0.7975 0.3106
241043 -0.7314 0.3249
241044 -0.7594 0.3188
241045 -0.7225 0.3269
241046 -0.7314 0.3249
241047 -0.7459 0.3217
241048 -0.7459 0.3217
241049 -0.7892 0.3123
241050 -0.7865 0.3129
241051 -0.7904 0.3121
241052 -0.7892 0.3123
241053 -0.7938 0.3114
241054 -0.7938 0.3114
241055 -0.8057 0.3088
241056 -0.8057 0.3088
241057 -0.761 0.3184
241058 -0.7676 0.317
241059 -0.7437 0.3222
241060 -0.761 0.3184
241061 -0.8032 0.3093
241062 -0.7437 0.3222
241319 -3.5275 0.0285
241375 -3.5738 0.0273
241523 -3.8918 0.02
241587 -3.8756 0.0203
242139 -3.5666 0.0275
242511 -2.7783 0.0585
242513 -2.4638 0.0784
242986 -1.0178 0.2655
242994 -1.8191 0.1395
242996 -1.996 0.1196
243263 -1.4962 0.183
243271 -0.9881 0.2713
243272 -0.9881 0.2713
243273 -1.0287 0.2633
243274 -0.9817 0.2726
243275 -1.0573 0.2578
243276 -1.0287 0.2633
243277 -1.0763 0.2542
243278 -1.0619 0.2569
243299 -0.8906 0.291
243300 -0.8732 0.2946
243301 -0.8791 0.2934
243302 -0.8828 0.2926
243303 -0.8878 0.2916
243342 -2.572 0.071
243350 -2.4565 0.079
243384 -0.7331 0.3245
243385 -1.0673 0.2559
243400 -1.0673 0.2559
243401 -1.0261 0.2638
243403 -1.0673 0.2559
243428 -2.4741 0.0777
243433 -1.001 0.2687
243435 -0.9988 0.2692
243440 -1.0077 0.2674
243441 -1.052 0.2588
243442 -0.9808 0.2727
243443 -1.0077 0.2674
243444 -1.0058 0.2678
243445 -0.9808 0.2727
243446 -1.0247 0.2641
243447 -1.0058 0.2678
243448 -1.0402 0.2611
243449 -1.0247 0.2641
243450 -1.0597 0.2574
243451 -1.0402 0.2611
243452 -1.0753 0.2544
243453 -1.0753 0.2544
243454 -1.0961 0.2505
243455 -1.079 0.2537
243466 -2.5497 0.0724
243484 -2.4142 0.0821
243544 -2.483 0.0771
243550 -1.9035 0.1297
243600 -1.8347 0.1377
243608 -1.4519 0.1897
243638 -1.6349 0.1632
243650 -1.6704 0.1584
243658 -1.3156 0.2116
243666 -2.3823 0.0845
243728 -1.0078 0.2674
243729 -1.0096 0.2671
243742 -1.2878 0.2162
244054 -1.0528 0.2587
244055 -1.0528 0.2587
244058 -0.6922 0.3335
244059 -0.6922 0.3335
244060 -0.7319 0.3248
244061 -0.7053 0.3306
244062 -0.7265 0.326
244063 -0.7319 0.3248
244064 -0.6588 0.341
244065 -0.6588 0.341
244210 -3.2546 0.0372
244408 -3.0811 0.0439
244462 -1.0013 0.2687
244463 -0.9376 0.2814
244464 -0.8546 0.2985
244533 -1.052 0.2588
244534 -0.8881 0.2915
244535 -0.9079 0.2874
244716 -1.9509 0.1245
244792 -2.8576 0.0543
244810 -2.3068 0.0906
244814 -2.0405 0.115
245058 -3.8918 0.02
245576 -1.5572 0.174
245690 -0.7423 0.3225
245691 -0.7737 0.3157
245692 -0.9269 0.2836
245693 -0.9097 0.2871
245818 -1.0986 0.25
245820 -1.0986 0.25
245821 -1.0986 0.25
245908 -1.7851 0.1437
245916 -0.6392 0.3454
245950 -1.0405 0.2611
245951 -0.9574 0.2774
245952 -1.0726 0.2549
245953 -1.0405 0.2611
246406 -3.8918 0.02
246432 -2.2168 0.0982
248450 -3.8918 0.02
248454 -3.8918 0.02
251667 -3.8918 0.02
252222 -3.8918 0.02
253172 -1.8077 0.1409
253342 -3.6656 0.025
253444 -3.3921 0.0325
253518 -3.5134 0.0289
253728 -3.1388 0.0415
253780 -3.8918 0.02
254292 -2.6725 0.0646
255290 -0.9992 0.2691
255291 -1.0006 0.2688
255294 -1.0555 0.2582
255295 -1.0555 0.2582
255296 -0.7118 0.3292
255297 -0.7339 0.3243
255298 -0.6205 0.3497
255299 -0.6323 0.347
255342 -0.8147 0.3069
255343 -0.8147 0.3069
255344 -0.8329 0.303
255345 -0.8164 0.3065
255346 -0.8439 0.3007
255347 -0.8439 0.3007
255348 -0.8615 0.297
255349 -0.847 0.3001
255350 -0.8725 0.2947
255351 -0.8725 0.2947
255352 -0.9138 0.2862
255353 -0.8857 0.292
255354 -0.9406 0.2808
255355 -0.918 0.2854
255356 -0.978 0.2733
255357 -0.978 0.2733
255358 -0.9794 0.273
255359 -0.9788 0.2731
255360 -0.9812 0.2727
255361 -0.9794 0.273
255362 -0.9805 0.2728
255363 -0.9812 0.2727
255364 -0.98 0.2729
255365 -0.98 0.2729
255366 -0.9749 0.2739
255367 -0.9788 0.2731
255368 -0.9571 0.2775
255369 -0.9571 0.2775
255370 -0.9072 0.2876
255371 -0.9072 0.2876
255372 -0.8791 0.2934
255373 -0.8791 0.2934
255374 -0.8356 0.3025
255375 -0.8356 0.3025
255376 -0.7882 0.3125
255377 -0.7882 0.3125
255378 -0.7523 0.3203
255379 -0.7523 0.3203
255386 -3.8918 0.02
255869 -2.4117 0.0823
256175 -3.8918 0.02
256183 -3.8918 0.02
256550 -0.7126 0.329
256551 -0.7126 0.329
256601 -1.2789 0.2177
256673 -1.0755 0.2544
256674 -1.0755 0.2544
256675 -1.0437 0.2604
256676 -1.0437 0.2604
256679 -1.0742 0.2546
256680 -1.092 0.2513
257030 -2.222 0.0978
257080 -0.9211 0.2847
257081 -0.9246 0.284
257167 -3.8918 0.02
257311 -0.9286 0.2832
257312 -0.8939 0.2903
257313 -1.0946 0.2508
257314 -0.8235 0.305
257315 -0.8207 0.3056
257316 -0.8235 0.305
257317 -0.9136 0.2863
257320 -3.8918 0.02
257582 -0.2007 0.45
257583 -0.2007 0.45
257984 -3.8918 0.02
258168 -0.2007 0.45
258169 -0.2007 0.45
258170 -0.2007 0.45
258171 -0.2007 0.45
258172 -0.2007 0.45
258173 -0.2007 0.45
258174 -0.2007 0.45
258175 -0.2007 0.45
258176 -0.2007 0.45
258177 -0.2007 0.45
258178 -0.2007 0.45
258179 -0.2007 0.45
258181 -0.2007 0.45
258190 -0.2007 0.45
258192 -0.2007 0.45
258193 -0.2007 0.45
258194 -0.2007 0.45
258195 -0.2007 0.45
258196 -0.2007 0.45
258197 -0.2007 0.45
258899 -1.0585 0.2576
258900 -1.0426 0.2606
258907 -1.0697 0.2555
258908 -1.0697 0.2555
259076 -0.371 0.4083
259077 -0.3548 0.4122
259080 -3.8918 0.02
259090 -0.6975 0.3324
259091 -0.6975 0.3324
259092 -0.7714 0.3162
259093 -0.7714 0.3162
259100 -0.7593 0.3188
259101 -0.5889 0.3569
259156 -2.9842 0.0481
259376 -3.8413 0.021
259432 -0.8815 0.2929
259433 -0.926 0.2837
259434 -0.871 0.295
259509 -3.3865 0.0327
259759 -2.667 0.0649
260102 -1.0366 0.2618
260140 -2.5924 0.0696
260571 -2.6272 0.0674
260613 -2.6939 0.0633
260813 -0.5647 0.3625
260814 -0.5647 0.3625
260815 -0.5137 0.3743
260816 -0.4296 0.3942
260878 -1.0983 0.2501
260879 -1.0983 0.2501
261070 -3.8918 0.02
261102 -0.9911 0.2707
261103 -1.0334 0.2624
261104 -0.9833 0.2722
261105 -0.9902 0.2709
261106 -0.9767 0.2735
261107 -0.9767 0.2735
261210 -0.7875 0.3127
261211 -0.8078 0.3084
261340 -1.8303 0.1382
261346 -1.0796 0.2536
261347 -1.068 0.2558
261348 -1.0707 0.2553
261349 -1.0614 0.257
261350 -1.0633 0.2567
261351 -1.0546 0.2583
261352 -1.0689 0.2556
261353 -1.0553 0.2582
261354 -1.0774 0.254
261355 -1.0619 0.2569
261356 -1.0553 0.2582
261357 -1.0563 0.258
261358 -1.0546 0.2583
261359 -1.0553 0.2582
261360 -1.0614 0.257
261361 -1.0546 0.2583
261362 -1.068 0.2558
261363 -1.0614 0.257
261364 -1.0813 0.2533
261365 -1.0812 0.2533
261366 -1.0774 0.254
261367 -1.0876 0.2521
261368 -1.0699 0.2554
261369 -1.0747 0.2545
261370 -1.0633 0.2567
261371 -1.0689 0.2556
261372 -1.0707 0.2553
261373 -1.0633 0.2567
261374 -1.0796 0.2536
261375 -1.0707 0.2553
261376 -1.0935 0.251
261377 -1.0882 0.252
261416 -2.9059 0.0519
261418 -0.994 0.2701
261419 -0.9655 0.2758
261738 -0.9886 0.2712
261739 -1.0613 0.2571
261768 -2.9169 0.0513
261904 -0.8411 0.3013
261905 -0.8035 0.3093
261906 -0.8708 0.2951
261907 -0.8411 0.3013
262204 -0.3965 0.4022
262205 -0.4048 0.4002
262324 -2.2085 0.099
262670 -3.8918 0.02
262922 -0.4216 0.3961
262923 -0.4216 0.3961
262924 -0.5149 0.374
262925 -0.5149 0.374
262926 -0.496 0.3785
262927 -0.478 0.3827
263000 -2.5589 0.0718
263038 -3.8918 0.02
263072 -2.8009 0.0573
263104 -0.9966 0.2696
263105 -1.0423 0.2607
263127 -2.1728 0.1022
263152 -0.6742 0.3376
263153 -0.6529 0.3423
263171 -0.7501 0.3208
263172 -0.7181 0.3278
263206 -1.9332 0.1264
263212 -2.1191 0.1073
263222 -2.8575 0.0543
263272 -3.8918 0.02
263292 -3.3134 0.0351
263313 -0.8491 0.2996
263314 -0.8578 0.2978
263315 -0.8435 0.3008
263316 -0.8491 0.2996
263317 -0.8421 0.3011
263318 -0.8421 0.3011
263321 -1.0055 0.2679
263322 -0.982 0.2725
263329 -3.6454 0.0254
263339 -0.5152 0.374
263340 -0.5143 0.3742
263387 -0.5307 0.3703
263388 -0.5902 0.3566
263426 -0.8971 0.2897
263427 -0.8671 0.2959
263428 -0.9292 0.2831
263429 -0.8445 0.3006
263430 -0.8329 0.303
263431 -0.8259 0.3045
263432 -0.8381 0.3019
263433 -0.8971 0.2897
263434 -0.9303 0.2829
263455 -0.8675 0.2958
263456 -0.861 0.2971
263465 -1.0827 0.253
263466 -1.0852 0.2525
263866 -0.885 0.2921
263867 -0.8817 0.2928
263868 -0.8886 0.2914
263869 -0.8566 0.298
263982 -1.6015 0.1678
264184 -0.8694 0.2954
264185 -0.8108 0.3077
264186 -0.7549 0.3198
264187 -0.7091 0.3298
264188 -0.819 0.306
264189 -0.7549 0.3198
264190 -0.7549 0.3198
264191 -0.782 0.3139
264192 -0.7535 0.32
264193 -0.7549 0.3198
264194 -0.7388 0.3233
264195 -0.7388 0.3233
264196 -0.8165 0.3065
264197 -0.7535 0.32
264198 -0.9577 0.2773
264199 -0.9577 0.2773
264200 -0.8673 0.2958
264201 -0.809 0.3081
264202 -0.8743 0.2944
264203 -0.8673 0.2958
264204 -0.885 0.2921
264205 -0.8743 0.2944
264206 -1.071 0.2552
264208 -1.0148 0.266
264209 -1.0337 0.2624
264210 -1.0123 0.2665
264211 -1.0748 0.2545
264212 -0.9379 0.2813
264213 -1.0123 0.2665
264214 -0.9309 0.2827
264215 -1.0035 0.2683
264218 -1.0748 0.2545
264219 -1.0035 0.2683
264221 -1.0748 0.2545
264695 -3.8918 0.02
264784 -2.4343 0.0806
264996 -1.0716 0.2551
264997 -1.0432 0.2605
265179 -2.2056 0.0993
265255 -0.8971 0.2896
265256 -0.9198 0.285
265257 -0.9284 0.2833
265258 -0.9226 0.2844
265307 -1.6209 0.1651
265499 -1.0455 0.2601
265500 -1.0426 0.2607
265693 -1.6322 0.1635
265695 -0.871 0.2951
265696 -0.8536 0.2987
265749 -1.3229 0.2103
265780 -0.9371 0.2815
265781 -0.9428 0.2803
265876 -1.1493 0.2406
266234 -2.953 0.0496
266483 -3.6022 0.0265
266815 -3.7487 0.023
266827 -3.68 0.0246
267733 -1.0986 0.25
267734 -1.0986 0.25
267735 -1.0986 0.25
267738 -1.0986 0.25
267741 -1.0986 0.25
267743 -1.0986 0.25
267744 -1.0986 0.25
267969 -3.5184 0.0288
267995 -0.2007 0.45
267997 -0.2007 0.45
267999 -0.2007 0.45
268000 -0.2007 0.45
268004 -0.2007 0.45
268018 -0.2007 0.45
268297 -1.0275 0.2636
268298 -1.0275 0.2636
268351 -0.2007 0.45
268352 -0.2007 0.45
268451 -3.8918 0.02
269208 -0.2007 0.45
269209 -0.2007 0.45
269475 -3.8918 0.02
269657 -0.8226 0.3052
269659 -0.4779 0.3828
269660 -0.8226 0.3052
269661 -0.5235 0.372
269662 -0.4779 0.3828
269741 -1.0626 0.2568
269980 -0.9939 0.2701
269981 -1.0963 0.2504
269982 -0.8434 0.3008
269983 -0.9939 0.2701
269986 -1.0042 0.2681
269987 -1.0532 0.2586
269988 -0.946 0.2797
269989 -1.0042 0.2681
269990 -0.9191 0.2851
269991 -0.9357 0.2818
269992 -0.9823 0.2724
269993 -0.9039 0.2883
270000 -1.8452 0.1364
270005 -1.0986 0.25
270076 -3.6487 0.0254
270104 -1.0519 0.2589
270105 -1.0626 0.2568
270106 -1.0467 0.2599
270107 -1.0519 0.2589
270108 -1.0429 0.2606
270109 -1.0467 0.2599
270110 -1.096 0.2505
270111 -1.0429 0.2606
270113 -1.096 0.2505
270289 -1.0655 0.2563
270290 -1.0792 0.2537
270291 -1.0603 0.2572
270292 -1.0618 0.257
270293 -1.0575 0.2578
270294 -1.0575 0.2578
270299 -1.098 0.2501
270300 -1.098 0.2501
270309 -1.0776 0.254
270310 -1.0428 0.2606
270311 -1.1556 0.2395
270312 -1.0776 0.254
270338 -3.8918 0.02
270400 -3.1975 0.0393
270470 -3.8918 0.02
270524 -2.0767 0.1114
270967 -3.8918 0.02
271133 -1.4977 0.1828
271386 -1.0848 0.2526
271387 -1.0848 0.2526
271388 -0.9258 0.2838
271389 -0.9271 0.2835
271390 -1.0822 0.2531
271391 -0.9333 0.2823
271392 -1.067 0.256
271393 -1.0822 0.2531
271394 -1.0605 0.2572
271395 -1.0643 0.2565
271813 -3.8918 0.02
271868 -3.8918 0.02
271913 -1.0509 0.2591
271916 -1.0527 0.2587
271917 -1.0509 0.2591
272042 -0.9524 0.2784
272043 -0.9524 0.2784
272045 -0.9751 0.2739
272046 -1.0973 0.2502
272048 -1.0909 0.2515
272049 -1.0909 0.2515
272050 -0.9532 0.2782
272051 -1.0579 0.2577
272052 -0.9352 0.2819
272053 -0.9352 0.2819
272637 -1.9291 0.1268
272639 -0.9692 0.275
272640 -0.9692 0.275
272829 -1.066 0.2562
272830 -1.066 0.2562
272889 -1.0593 0.2574
272890 -1.0557 0.2581
272891 -1.0509 0.2591
272892 -1.0593 0.2574
272893 -1.0361 0.2619
272894 -1.0509 0.2591
273013 -3.8918 0.02
273043 -1.1995 0.2316
273274 -2.4975 0.076
273300 -3.8918 0.02
274652 -2.512 0.075
274723 -1.5863 0.1699
274725 -1.0911 0.2514
274965 -3.8918 0.02
275033 -0.7711 0.3162
275034 -0.738 0.3234
275095 -1.8335 0.1378
275173 -3.8918 0.02
275385 -1.0517 0.2589
275587 -3.8918 0.02
275635 -3.0661 0.0445
275919 -3.8918 0.02
276211 -1.0141 0.2662
276212 -1.0898 0.2516
276213 -0.9901 0.2709
276214 -1.0141 0.2662
276215 -0.9741 0.2741
276216 -1.071 0.2552
276479 -0.2007 0.45
276480 -0.2007 0.45
276777 -3.7336 0.0233
276779 -0.2007 0.45
276780 -0.2007 0.45
276797 -3.8918 0.02
276913 -3.4218 0.0316
276989 -3.8918 0.02
277151 -3.2346 0.0379
277244 -1.1629 0.2381
278115 -2.3977 0.0834
279625 -0.6555 0.3418
279626 -0.6585 0.3411
279627 -0.6925 0.3335
279796 -3.8918 0.02
280530 -3.7446 0.0231
280642 -2.9652 0.049
281155 -1.7751 0.1449
281886 -0.8452 0.3004
281887 -0.8971 0.2897
281888 -0.8973 0.2896
281889 -0.8973 0.2896
281890 -0.8962 0.2898
281891 -0.8995 0.2891
281892 -0.96 0.2769
281893 -0.9651 0.2759
281936 -1.0797 0.2536
281938 -1.0763 0.2542
281939 -1.0763 0.2542
281940 -0.9686 0.2752
281941 -0.9686 0.2752
281942 -0.9333 0.2823
281943 -0.9333 0.2823
282049 -1.0874 0.2521
282298 -1.6177 0.1655
282302 -1.3717 0.2024
282304 -1.3723 0.2022
286980 -3.8918 0.02
293516 -3.8918 0.02
298850 -3.2126 0.0387
298874 -3.6305 0.0258
300947 -0.2007 0.45
300948 -0.2007 0.45
300949 -0.2007 0.45
300950 -0.2007 0.45
300953 -3.8918 0.02
300975 -0.2007 0.45
300976 -0.2007 0.45
300977 -0.2007 0.45
300978 -0.2007 0.45
300979 -0.2007 0.45
300980 -0.2007 0.45
300981 -0.2007 0.45
300982 -0.2007 0.45
300983 -0.2007 0.45
300984 -0.2007 0.45
300985 -0.2007 0.45
300986 -0.2007 0.45
300987 -0.2007 0.45
300988 -0.2007 0.45
300989 -0.2007 0.45
300990 -0.2007 0.45
300991 -0.2007 0.45
300992 -0.2007 0.45
301017 -3.8918 0.02
305672 -2.9444 0.05
306573 -0.2007 0.45
306574 -0.2007 0.45
306575 -0.2007 0.45
306582 -0.2007 0.45
306583 -0.2007 0.45
306584 -0.2007 0.45
306585 -0.2007 0.45
306586 -0.2007 0.45
306587 -0.2007 0.45
306588 -0.2007 0.45
306589 -0.2007 0.45
306590 -0.2007 0.45
306591 -0.2007 0.45
306592 -0.2007 0.45
306593 -0.2007 0.45
306721 -1.0987 0.25
306722 -1.0609 0.2571
306723 -1.0419 0.2608
306724 -1.0713 0.2552
306725 -1.067 0.256
306727 -1.0896 0.2517
306728 -1.0263 0.2638
306729 -1.0243 0.2642
306794 -1.0819 0.2531
306795 -1.0292 0.2632
306796 -1.0793 0.2536
306797 -1.0287 0.2633
307440 -0.2007 0.45
307441 -0.2007 0.45
307442 -0.2007 0.45
307443 -0.2007 0.45
307444 -0.2007 0.45
307445 -0.2007 0.45
307446 -0.2007 0.45
307447 -0.2007 0.45
307448 -0.2007 0.45
307449 -0.2007 0.45
307450 -0.2007 0.45
307451 -0.2007 0.45
311125 -3.3654 0.0334
311161 -3.221 0.0384
311186 -3.53 0.0285
312592 -3.8918 0.02
312925 -1.0618 0.257
313010 -3.8918 0.02
313188 -1.048 0.2596
313189 -1.048 0.2596
313514 -0.2007 0.45
313518 -0.2007 0.45
313522 -0.2007 0.45
313700 -1.5463 0.1756
313754 -3.8918 0.02
317530 -0.2007 0.45
317531 -0.2007 0.45
317532 -0.2007 0.45
317533 -0.2007 0.45
317534 -0.2007 0.45
317535 -0.2007 0.45
317536 -0.2007 0.45
317537 -0.2007 0.45
317538 -0.2007 0.45
317539 -0.2007 0.45
317540 -0.2007 0.45
317541 -0.2007 0.45
317542 -0.2007 0.45
317543 -0.2007 0.45
317544 -0.2007 0.45
317545 -0.2007 0.45
317546 -0.2007 0.45
317547 -0.2007 0.45
317548 -0.2007 0.45
317549 -0.2007 0.45
317550 -0.2007 0.45
317551 -0.2007 0.45
318810 -3.8918 0.02
318866 -0.2007 0.45
318867 -0.2007 0.45
318868 -0.2007 0.45
318869 -0.2007 0.45
318880 -0.2007 0.45
318882 -0.2007 0.45
318883 -0.2007 0.45
318884 -0.2007 0.45
318885 -0.2007 0.45
318886 -0.2007 0.45
318887 -0.2007 0.45
318888 -0.2007 0.45
318889 -0.2007 0.45
318890 -0.2007 0.45
318891 -0.2007 0.45
318892 -0.2007 0.45
318893 -0.2007 0.45
318944 -0.2007 0.45
318945 -0.2007 0.45
318946 -0.2007 0.45
318947 -0.2007 0.45
318948 -0.2007 0.45
318949 -0.2007 0.45
318950 -0.2007 0.45
318951 -0.2007 0.45
318952 -0.2007 0.45
318953 -0.2007 0.45
318954 -0.2007 0.45
318955 -0.2007 0.45
318956 -0.2007 0.45
318957 -0.2007 0.45
318958 -0.2007 0.45
318959 -0.2007 0.45
318990 -0.2007 0.45
318991 -0.2007 0.45
320241 -0.2007 0.45
320242 -0.2007 0.45
320243 -0.2007 0.45
320244 -0.2007 0.45
320245 -0.2007 0.45
320246 -0.2007 0.45
320247 -0.2007 0.45
320248 -0.2007 0.45
320249 -0.2007 0.45
320250 -0.2007 0.45
320251 -0.2007 0.45
320252 -0.2007 0.45
320253 -0.2007 0.45
320254 -0.2007 0.45
320255 -0.43 0.3941
320256 -0.2007 0.45
320261 -0.2007 0.45
320262 -0.2007 0.45
320263 -0.2007 0.45
320264 -0.2007 0.45
320311 -0.2007 0.45
320312 -0.2007 0.45
321789 -2.9444 0.05
323778 -3.8918 0.02
324270 -1.0986 0.25
324271 -1.0986 0.25
324272 -1.0986 0.25
324273 -1.0986 0.25
324274 -1.0986 0.25
324275 -1.0986 0.25
324276 -1.0986 0.25
324277 -1.0986 0.25
324338 -3.8918 0.02
324726 -3.8918 0.02
325202 -0.9375 0.2814
325203 -0.9394 0.281
325204 -0.8604 0.2973
325205 -0.8618 0.297
325206 -0.8077 0.3084
325207 -0.8077 0.3084
325208 -0.8921 0.2907
325209 -0.8517 0.2991
325210 -0.8164 0.3065
325211 -0.8593 0.2975
325212 -0.9312 0.2827
325213 -0.7954 0.311
325214 -0.9382 0.2813
325215 -0.9382 0.2813
325216 -1.0335 0.2624
325217 -1.0335 0.2624
325222 -1.0555 0.2582
325223 -1.0555 0.2582
325234 -0.9788 0.2731
325235 -1.0326 0.2626
325236 -1.0871 0.2522
325237 -1.0871 0.2522
325242 -0.9478 0.2793
325243 -0.9478 0.2793
325244 -0.9421 0.2805
325245 -0.9427 0.2804
325246 -0.9794 0.273
325247 -0.9426 0.2804
325248 -0.9119 0.2866
325249 -0.9138 0.2862
325250 -0.937 0.2815
325251 -0.8929 0.2905
325253 -0.937 0.2815
325256 -1.0623 0.2569
325257 -1.0623 0.2569
325258 -0.8517 0.2991
325259 -0.847 0.3001
325260 -0.8705 0.2951
325261 -0.8517 0.2991
325262 -0.8705 0.2951
325263 -0.7818 0.3139
325264 -0.8929 0.2905
325265 -0.8705 0.2951
325266 -0.9087 0.2873
325267 -0.8929 0.2905
325268 -0.9104 0.2869
325269 -0.9104 0.2869
325270 -0.9119 0.2866
325271 -0.9094 0.2871
325272 -0.9193 0.2851
325273 -0.9119 0.2866
325274 -0.932 0.2825
325275 -0.932 0.2825
325376 -1.0466 0.2599
325378 -1.0005 0.2688
325379 -0.8616 0.297
325380 -0.9291 0.2831
325381 -0.9608 0.2767
325382 -1.0232 0.2644
325383 -0.8843 0.2923
325384 -1.1173 0.2465
325385 -0.9443 0.28
325386 -1.0597 0.2574
325387 -0.9126 0.2865
325388 -0.7927 0.3116
325389 -0.7208 0.3272
325390 -0.9421 0.2805
325391 -0.7927 0.3116
325392 -0.7043 0.3309
325393 -0.7437 0.3222
325394 -0.7255 0.3262
325395 -0.761 0.3184
325396 -0.7123 0.3291
325397 -0.7255 0.3262
325398 -0.7255 0.3262
325399 -0.7904 0.3121
325400 -0.7043 0.3309
325401 -0.7255 0.3262
325402 -0.7015 0.3315
325403 -0.7015 0.3315
325404 -0.8561 0.2981
325405 -0.9572 0.2774
325406 -0.7814 0.314
325407 -0.8561 0.2981
325408 -0.824 0.3049
325409 -0.7814 0.314
325410 -0.8444 0.3006
325411 -0.9658 0.2757
325412 -0.7814 0.314
325413 -0.8444 0.3006
325414 -0.9028 0.2885
325415 -0.9301 0.2829
325416 -0.8612 0.2971
325417 -0.9028 0.2885
325418 -0.8444 0.3006
325419 -0.8612 0.2971
325820 -0.7865 0.3129
325821 -0.7975 0.3106
325842 -3.8918 0.02
326802 -0.8129 0.3073
326803 -0.8129 0.3073
326804 -0.8087 0.3082
326805 -0.8087 0.3082
326806 -0.8169 0.3064
326807 -0.8357 0.3024
326808 -0.9111 0.2868
326809 -0.9312 0.2827
326810 -0.9046 0.2881
326811 -0.9111 0.2868
326812 -0.7225 0.3269
326813 -0.6932 0.3333
326815 -1.069 0.2556
327256 -2.9718 0.0487
327258 -2.9922 0.0478
327286 -0.547 0.3666
327287 -0.5861 0.3575
327288 -0.6757 0.3372
327289 -0.6757 0.3372
327290 -0.7993 0.3102
327291 -0.7147 0.3286
327292 -1.0753 0.2544
327293 -1.0731 0.2548
327351 -0.8993 0.2892
327352 -0.9284 0.2833
327354 -0.8784 0.2935
327355 -0.8913 0.2909
327356 -0.8482 0.2998
327357 -0.8619 0.2969
327358 -0.9805 0.2728
327359 -0.9193 0.2851
327360 -0.9649 0.2759
327361 -0.8705 0.2951
327362 -1.0145 0.2661
327363 -0.9649 0.2759
327364 -0.9757 0.2737
327365 -0.9433 0.2802
327366 -0.8921 0.2907
327367 -0.9087 0.2873
327368 -0.8857 0.292
327369 -0.8921 0.2907
327372 -0.8032 0.3093
327373 -0.7927 0.3116
327374 -0.9572 0.2774
327375 -0.8032 0.3093
327388 -3.8918 0.02
327671 -3.8918 0.02
327778 -2.2979 0.0913
327788 -2.3427 0.0876
327828 -2.0526 0.1138
327968 -1.0986 0.25
327969 -1.0986 0.25
327975 -1.0986 0.25
327980 -1.0986 0.25
327981 -1.0986 0.25
327996 -1.0986 0.25
327997 -1.0986 0.25
328002 -1.0986 0.25
328003 -1.0986 0.25
328564 -1.0593 0.2574
328566 -0.8335 0.3029
328567 -0.8895 0.2912
328568 -0.6739 0.3376
328569 -0.6739 0.3376
328570 -0.7484 0.3212
328571 -0.7362 0.3238
328572 -0.8117 0.3075
328573 -0.7484 0.3212
328586 -0.944 0.2801
328587 -0.944 0.2801
328588 -1.0153 0.266
328589 -1.0545 0.2584
328590 -0.9517 0.2785
328591 -1.0269 0.2637
328592 -0.9691 0.2751
328593 -0.9691 0.2751
328594 -0.9636 0.2762
328595 -0.9636 0.2762
328596 -0.9296 0.283
328597 -0.9376 0.2814
328598 -0.9184 0.2853
328599 -0.9296 0.283
328600 -0.9072 0.2876
328601 -0.9184 0.2853
328602 -0.9042 0.2882
328603 -0.9042 0.2882
328604 -0.8117 0.3075
328605 -0.81 0.3079
328606 -0.8275 0.3042
328607 -0.8275 0.3042
328608 -0.7878 0.3126
328609 -0.8204 0.3057
328999 -0.8664 0.296
329000 -0.8664 0.296
329001 -0.9669 0.2755
329002 -0.9426 0.2804
329059 -0.7608 0.3185
329060 -0.7608 0.3185
329075 -3.8918 0.02
329225 -0.9177 0.2854
329226 -0.9194 0.2851
329229 -0.9183 0.2853
329230 -0.885 0.2921
329231 -0.8681 0.2957
329232 -0.8673 0.2958
329641 -3.8918 0.02
331178 -3.8918 0.02
331718 -3.8918 0.02
332171 -3.0908 0.0435
332303 -1.0894 0.2517
332304 -1.0265 0.2638
332306 -1.0894 0.2517
332375 -1.0174 0.2655
332376 -1.0174 0.2655
332377 -0.8678 0.2957
332378 -0.8623 0.2969
332379 -0.894 0.2903
332380 -0.8678 0.2957
332381 -0.922 0.2846
332382 -0.894 0.2903
332383 -1.0358 0.262
332384 -0.8578 0.2978
333292 -3.7149 0.0238
333538 -3.6325 0.0258
334672 -1.0913 0.2514
334673 -1.0913 0.2514
335452 -3.7604 0.0227
336178 -1.9732 0.1221
336278 -2.5182 0.0746
336426 -2.5704 0.0711
336536 -3.8918 0.02
336804 -1.0723 0.255
336805 -1.0776 0.254
336806 -1.0695 0.2555
336807 -1.0664 0.2561
336808 -1.0737 0.2547
336809 -1.0737 0.2547
336814 -1.0645 0.2564
336815 -1.0645 0.2564
337805 -3.5695 0.0274
338486 -2.4509 0.0794
340012 -1.0625 0.2568
340013 -1.0625 0.2568
340014 -1.0539 0.2585
340015 -1.0539 0.2585
340020 -1.0851 0.2525
340021 -1.0859 0.2524
340022 -1.0478 0.2597
340023 -1.0614 0.257
340032 -1.0498 0.2593
340033 -1.0228 0.2645
340052 -1.0548 0.2583
340053 -1.0781 0.2539
340054 -1.0666 0.2561
340055 -1.0743 0.2546
340056 -1.0632 0.2567
340057 -1.0666 0.2561
340058 -1.0571 0.2579
340059 -1.0632 0.2567
340470 -3.1282 0.042
340869 -3.8918 0.02
342369 -3.8918 0.02
343097 -3.8918 0.02
344100 -1.0986 0.25
344102 -1.0986 0.25
344103 -1.0986 0.25
344646 -3.8918 0.02
345102 -2.7855 0.0581
345285 -0.8899 0.2911
345326 -0.6271 0.3482
345327 -0.6271 0.3482
345328 -0.9527 0.2783
345329 -0.9527 0.2783
345620 -3.7615 0.0227
346330 -3.8918 0.02
346578 -2.9444 0.05
346644 -0.7972 0.3106
346645 -0.7803 0.3142
346646 -0.7512 0.3206
346647 -0.7059 0.3305
346648 -0.7059 0.3305
346649 -0.6434 0.3445
346650 -0.6434 0.3445
347040 -1.9904 0.1202
347925 -0.9505 0.2788
347968 -3.2626 0.0369
347982 -0.487 0.3806
347983 -0.4675 0.3852
347984 -0.6656 0.3395
347985 -0.6656 0.3395
347994 -2.8115 0.0567
348002 -2.4945 0.0762
348016 -0.6344 0.3465
348017 -0.5937 0.3558
348029 -2.221 0.0979
348039 -2.8924 0.0525
348045 -0.4741 0.3836
348046 -0.4698 0.3847
348175 -3.8918 0.02
348249 -3.8918 0.02
348364 -1.0986 0.25
348585 -3.8918 0.02
348777 -0.9267 0.2836
348778 -0.9 0.2891
348779 -0.9 0.2891
348780 -0.8845 0.2922
348781 -0.9182 0.2853
348782 -0.9 0.2891
348960 -0.8741 0.2944
348961 -0.8715 0.2949
348962 -0.9061 0.2878
348963 -0.9114 0.2867
349462 -3.8918 0.02
349708 -3.8918 0.02
350264 -2.7861 0.0581
350494 -1.0623 0.2569
350495 -1.051 0.259
350496 -1.0748 0.2545
350497 -1.0623 0.2569
350499 -1.0748 0.2545
350508 -1.0715 0.2551
350509 -1.0567 0.2579
350510 -1.0837 0.2528
350511 -1.0715 0.2551
350512 -1.0965 0.2504
350513 -1.0837 0.2528
350515 -1.0965 0.2504
350710 -3.8918 0.02
351416 -2.8684 0.0537
351476 -2.0948 0.1096
351498 -3.8918 0.02
351502 -3.8918 0.02
351604 -3.6214 0.026
351966 -1.0924 0.2512
352300 -3.8918 0.02
352628 -3.8918 0.02
352812 -0.9966 0.2696
352813 -0.9554 0.2778
352814 -0.9611 0.2767
352815 -0.9467 0.2796
352816 -0.9974 0.2695
352817 -0.9611 0.2767
352818 -0.9267 0.2836
352819 -0.8949 0.2901
352820 -0.8803 0.2931
352821 -0.8914 0.2908
352822 -0.8977 0.2895
352823 -0.8989 0.2893
352824 -0.9104 0.2869
352825 -0.9121 0.2866
352826 -0.909 0.2872
352827 -0.9104 0.2869
352828 -0.9093 0.2871
352829 -0.9093 0.2871
352830 -0.9116 0.2867
352831 -0.9106 0.2869
352832 -0.9131 0.2864
352833 -0.9116 0.2867
352834 -0.9131 0.2864
352835 -0.9131 0.2864
352836 -0.9139 0.2862
352837 -0.9131 0.2864
352838 -0.9134 0.2863
352839 -0.9139 0.2862
352840 -0.9152 0.2859
352841 -0.9134 0.2863
352842 -0.9467 0.2796
352843 -0.9131 0.2864
352844 -0.943 0.2803
352845 -0.909 0.2872
353652 -3.8918 0.02
353662 -3.8918 0.02
353690 -3.8918 0.02
353792 -3.1953 0.0393
353828 -3.3024 0.0355
353838 -1.1297 0.2442
353844 -1.0604 0.2572
353845 -1.0604 0.2572
353846 -1.0528 0.2587
353847 -1.0567 0.2579
353848 -1.051 0.259
353849 -1.0528 0.2587
353850 -1.0487 0.2595
353851 -1.0487 0.2595
353852 -1.0556 0.2582
353853 -1.0556 0.2582
353862 -1.0721 0.255
353863 -1.0748 0.2545
353864 -1.0694 0.2555
353865 -1.0721 0.255
353866 -1.0702 0.2554
353867 -1.0694 0.2555
353868 -1.0703 0.2553
353869 -1.0702 0.2554
353870 -1.072 0.255
353871 -1.072 0.255
353878 -1.0797 0.2536
353880 -1.0773 0.254
353881 -1.0794 0.2536
353883 -1.0946 0.2507
353890 -1.0643 0.2565
353891 -1.0528 0.2587
353892 -1.0753 0.2544
353893 -1.0643 0.2565
353894 -1.0859 0.2524
353895 -1.0753 0.2544
353896 -1.0986 0.25
353897 -1.0859 0.2524
353898 -1.0753 0.2544
353899 -1.0837 0.2528
353900 -1.0797 0.2536
353901 -1.0692 0.2556
353902 -1.0589 0.2575
353903 -1.0501 0.2592
353904 -1.0722 0.255
353905 -1.0589 0.2575
353906 -1.0862 0.2523
353907 -1.0722 0.255
353908 -1.0981 0.2501
353909 -1.0862 0.2523
353910 -0.8797 0.2932
353911 -0.8758 0.2941
353912 -0.9069 0.2876
353913 -0.8797 0.2932
353914 -0.9149 0.286
353915 -0.8797 0.2932
353916 -0.904 0.2882
353917 -0.904 0.2882
354054 -3.8918 0.02
354060 -0.9991 0.2691
354061 -0.9648 0.2759
354062 -0.9388 0.2812
354063 -0.9131 0.2864
354064 -0.9343 0.282
354065 -0.9106 0.2869
354066 -0.9967 0.2696
354067 -0.9566 0.2776
354068 -0.9443 0.28
354069 -0.9104 0.2869
354070 -0.8913 0.2908
354071 -0.8814 0.2929
354076 -2.7768 0.0586
354150 -0.9679 0.2753
354151 -1.0015 0.2686
354152 -0.9726 0.2744
354153 -0.9971 0.2695
354154 -0.9503 0.2788
354155 -0.9139 0.2862
354156 -0.9309 0.2827
354157 -0.9116 0.2867
355300 -3.5827 0.027
355321 -0.8816 0.2928
355328 -0.6626 0.3401
355329 -1.0795 0.2536
355330 -0.4877 0.3804
355331 -0.4877 0.3804
355332 -1.0285 0.2634
355333 -1.0285 0.2634
355335 -1.0795 0.2536
355338 -0.8142 0.307
355339 -0.8142 0.307
355368 -0.7147 0.3286
355444 -0.9615 0.2766
355518 -2.9444 0.05
355654 -3.8918 0.02
356639 -3.8918 0.02
357013 -3.8918 0.02
357057 -3.8918 0.02
357285 -0.9839 0.2721
357286 -1.0939 0.2509
357537 -3.8918 0.02
357689 -2.8099 0.0568
357699 -3.0947 0.0433
357715 -3.7127 0.0238
357797 -2.9444 0.05
357867 -3.2867 0.036
358149 -1.5075 0.1813
358663 -3.5723 0.0273
358685 -3.8918 0.02
358759 -0.8988 0.2893
358760 -0.9108 0.2868
358761 -0.9108 0.2868
358762 -0.9198 0.285
358889 -3.8918 0.02
358907 -3.8918 0.02
359369 -3.5113 0.029
360139 -2.7256 0.0615
360393 -2.6177 0.068
360423 -3.8918 0.02
360510 -1.0986 0.25
360511 -1.0986 0.25
360512 -1.0986 0.25
360513 -1.0986 0.25
360526 -1.0986 0.25
360527 -1.0986 0.25
360840 -0.9931 0.2703
360841 -0.9931 0.2703
360842 -0.8565 0.2981
360843 -0.8804 0.2931
360844 -0.9708 0.2747
360845 -0.9861 0.2717
360860 -2.6136 0.0683
360927 -1.0099 0.267
360932 -0.9426 0.2804
361164 -3.8918 0.02
361248 -3.8918 0.02
361490 -3.8918 0.02
361578 -3.6083 0.0264
361738 -3.8789 0.0203
361784 -3.8918 0.02
361822 -3.4146 0.0318
362052 -3.8918 0.02
362076 -3.8918 0.02
362320 -3.2808 0.0362
362728 -1.5259 0.1786
362802 -3.279 0.0363
363408 -0.9794 0.273
363409 -0.9609 0.2767
363809 -3.8918 0.02
363909 -1.0153 0.2659
363910 -0.9775 0.2734
363911 -1.0645 0.2564
363912 -1.0153 0.2659
363914 -1.0645 0.2564
364157 -3.8918 0.02
364185 -1.4084 0.1965
365041 -3.8918 0.02
365135 -3.8918 0.02
365185 -3.8918 0.02
365527 -3.2248 0.0382
365965 -3.8918 0.02
366461 -2.2795 0.0928
366943 -1.5729 0.1718
367123 -3.8918 0.02
367271 -2.0615 0.1129
367357 -2.9809 0.0483
367888 -3.7455 0.0231
367902 -3.808 0.0217
368022 -3.8918 0.02
368232 -3.8918 0.02
368366 -2.5092 0.0752
368446 -1.1265 0.2448
368526 -1.478 0.1857
368696 -2.2244 0.0976
368702 -2.1832 0.1013
368792 -3.7661 0.0226
368960 -1.9553 0.124
369585 -3.8918 0.02
370929 -3.0959 0.0433
370947 -3.583 0.027
371260 -0.783 0.3137
371269 -0.783 0.3137
371272 -0.783 0.3137
371793 -1.7969 0.1422
371909 -3.4654 0.0303
371931 -1.321 0.2107
371977 -3.8918 0.02
371993 -2.5458 0.0727
372055 -0.8724 0.2948
372056 -0.8742 0.2944
372057 -0.8604 0.2973
372058 -0.8604 0.2973
372059 -0.8783 0.2935
372060 -0.8599 0.2974
372061 -0.905 0.288
372062 -0.8783 0.2935
372069 -1.763 0.1464
372295 -3.7177 0.0237
372322 -1.1514 0.2402
372324 -1.079 0.2537
372435 -2.9802 0.0483
372457 -2.8508 0.0546
372619 -1.2302 0.2261
372770 -2.7934 0.0577
372793 -2.07 0.1121
372808 -1.3916 0.1991
372848 -2.6345 0.067
372920 -0.879 0.2934
372921 -0.8812 0.2929
372922 -2.8523 0.0546
372973 -0.9913 0.2706
372974 -0.9913 0.2706
372987 -0.2007 0.45
372988 -0.2007 0.45
373069 -1.0643 0.2565
373070 -1.0636 0.2566
373071 -1.0652 0.2563
373072 -1.0645 0.2564
373073 -1.0747 0.2545
373074 -1.0694 0.2555
373130 -2.4299 0.0809
373158 -2.8213 0.0562
373202 -1.0986 0.25
373204 -1.0986 0.25
373205 -1.0986 0.25
373444 -1.0256 0.2639
373445 -0.9092 0.2872
373534 -1.0887 0.2519
373536 -0.9971 0.2695
373537 -0.9971 0.2695
373538 -1.0172 0.2656
373539 -0.9971 0.2695
373540 -1.0461 0.26
373541 -1.0319 0.2627
373542 -1.0511 0.259
373543 -1.0511 0.259
373544 -1.0765 0.2542
373545 -1.0626 0.2568
373546 -1.0913 0.2514
373547 -1.0765 0.2542
373548 -1.0041 0.2681
373549 -1.0066 0.2677
373550 -1.0884 0.2519
373551 -1.0884 0.2519
373552 -1.0229 0.2645
373553 -1.0229 0.2645
373562 -1.0901 0.2516
373563 -1.0975 0.2502
373565 -1.0901 0.2516
373576 -1.6864 0.1562
373625 -1.0797 0.2536
373707 -1.0074 0.2675
373708 -1.0074 0.2675
373709 -0.9955 0.2698
373710 -1.0187 0.2653
373711 -1.0627 0.2568
373712 -1.0627 0.2568
373713 -1.0366 0.2618
373714 -1.0141 0.2662
373715 -1.0594 0.2574
373716 -1.0594 0.2574
373717 -1.0204 0.265
373718 -1.0204 0.265
373741 -1.0844 0.2527
373742 -1.0844 0.2527
373745 -1.0489 0.2594
373746 -1.0049 0.268
373755 -0.9473 0.2794
373756 -0.8854 0.2921
373787 -1.0908 0.2515
373790 -1.0678 0.2558
373791 -1.0456 0.2601
373792 -1.0456 0.2601
373795 -1.0692 0.2556
373796 -1.0508 0.2591
373807 -1.0748 0.2545
373808 -1.0776 0.254
373815 -0.9526 0.2784
373816 -0.9266 0.2836
373825 -0.9137 0.2862
373826 -0.9546 0.278
373827 -0.8964 0.2898
373828 -0.8877 0.2916
373829 -0.8726 0.2947
373830 -0.8964 0.2898
373915 -1.4951 0.1832
374075 -1.0787 0.2537
374176 -0.9904 0.2708
374177 -1.0107 0.2669
374178 -0.9826 0.2724
374179 -0.9826 0.2724
374186 -1.6461 0.1616
374273 -2.1024 0.1089
374325 -0.8618 0.297
374326 -0.8577 0.2978
374382 -2.4197 0.0817
374392 -1.0349 0.2621
374393 -1.0549 0.2583
374394 -1.0812 0.2533
374395 -1.0964 0.2504
374398 -2.2862 0.0923
374526 -0.9661 0.2757
374527 -1.0372 0.2617
374552 -1.0092 0.2671
374553 -1.0092 0.2671
374554 -0.6684 0.3389
374555 -0.6433 0.3445
374556 -1.1856 0.234
374634 -1.5653 0.1729
374672 -3.1337 0.0417
374682 -0.5847 0.3579
374683 -0.5968 0.3551
374686 -0.9092 0.2872
374687 -0.935 0.2819
374688 -0.8839 0.2924
374689 -0.8839 0.2924
374690 -0.9017 0.2887
374691 -0.8814 0.2929
374692 -1.0322 0.2627
374693 -1.0355 0.262
374694 -0.8839 0.2924
374695 -0.9339 0.2821
374696 -1.0093 0.2671
374697 -0.9756 0.2738
374698 -1.0052 0.2679
374699 -1.0294 0.2632
374704 -0.8403 0.3015
374705 -0.8349 0.3026
374706 -0.8443 0.3006
374707 -0.8404 0.3015
374708 -0.864 0.2965
374709 -0.8765 0.2939
374710 -0.8568 0.298
374711 -0.864 0.2965
374712 -0.8808 0.293
374713 -0.8915 0.2908
374714 -0.8686 0.2956
374715 -0.8808 0.293
374716 -0.9485 0.2792
374717 -0.948 0.2793
374718 -0.9356 0.2818
374719 -0.9471 0.2795
374720 -0.9396 0.281
374721 -0.9356 0.2818
374722 -0.9493 0.279
374723 -0.9396 0.281
374724 -0.9613 0.2766
374725 -0.9493 0.279
374726 -0.9671 0.2755
374727 -0.9613 0.2766
374728 -0.9764 0.2736
374729 -0.9678 0.2753
374730 -0.9667 0.2755
374731 -0.9656 0.2758
374732 -0.955 0.2779
374733 -0.955 0.2779
374734 -0.9913 0.2707
374735 -0.9893 0.271
374744 -1.0159 0.2658
374745 -1.0159 0.2658
374746 -1.0431 0.2606
374747 -1.0431 0.2606
374846 -2.5314 0.0737
374850 -1.441 0.1914
374876 -1.0914 0.2514
374877 -1.0228 0.2645
374878 -0.821 0.3056
374879 -0.8591 0.2975
374904 -2.391 0.0839
374926 -1.0771 0.2541
374927 -1.0771 0.2541
375024 -2.8812 0.0531
375094 -1.5315 0.1778
375124 -3.1527 0.041
375129 -0.6679 0.339
375130 -0.6885 0.3344
375535 -3.8918 0.02
375686 -2.8476 0.0548
375729 -1.0432 0.2605
375742 -2.6232 0.0677
375795 -1.0118 0.2666
375796 -1.0986 0.25
375797 -1.0986 0.25
376104 -0.5416 0.3678
376105 -0.548 0.3663
376106 -0.5047 0.3764
376107 -0.5416 0.3678
376108 -0.2783 0.4309
376109 -0.5047 0.3764
376110 -0.3224 0.4201
376111 -0.2783 0.4309
376112 -0.5165 0.3737
376113 -0.3224 0.4201
376114 -0.5217 0.3725
376115 -0.5165 0.3737
376116 -3.7537 0.0229
377819 -1.0703 0.2553
377820 -1.0713 0.2552
377913 -0.8082 0.3083
377914 -0.8082 0.3083
377915 -1.0125 0.2665
377916 -0.9615 0.2766
377975 -1.098 0.2501
377976 -1.06 0.2573
377977 -0.6913 0.3337
377978 -0.6464 0.3438
378205 -1.9677 0.1226
381373 -3.5317 0.0284
382385 -3.8918 0.02
382947 -0.2007 0.45
382949 -0.2007 0.45
382950 -0.2007 0.45
383134 -0.2007 0.45
383139 -0.2007 0.45
383287 -0.2007 0.45
383288 -0.2007 0.45
383289 -0.2007 0.45
383290 -0.2007 0.45
383291 -0.2007 0.45
383292 -0.2007 0.45
383293 -0.2007 0.45
383294 -0.2007 0.45
383295 -0.2007 0.45
383296 -0.2007 0.45
383297 -0.2007 0.45
383298 -0.2007 0.45
383299 -0.2007 0.45
383300 -0.2007 0.45
383301 -0.2007 0.45
383302 -0.2007 0.45
383303 -0.2007 0.45
383304 -0.2007 0.45
383305 -0.2007 0.45
383306 -0.2007 0.45
383307 -0.2007 0.45
383308 -0.2007 0.45
383309 -0.2007 0.45
383310 -0.2007 0.45
383311 -0.2007 0.45
383312 -0.2007 0.45
383313 -0.2007 0.45
383314 -0.2007 0.45
383315 -0.2007 0.45
383316 -0.2007 0.45
383317 -0.2007 0.45
383318 -0.2007 0.45
383319 -0.2007 0.45
383320 -0.2007 0.45
383321 -0.2007 0.45
383322 -0.2007 0.45
383323 -0.2007 0.45
383324 -0.2007 0.45
383325 -0.2007 0.45
383326 -0.2007 0.45
383327 -0.2007 0.45
383328 -0.2007 0.45
383329 -0.2007 0.45
383330 -0.2007 0.45
383331 -0.2007 0.45
383332 -0.2007 0.45
383333 -0.2007 0.45
383334 -0.2007 0.45
383335 -0.2007 0.45
383336 -0.2007 0.45
383337 -0.2007 0.45
383338 -0.2007 0.45
383339 -0.2007 0.45
383340 -0.2007 0.45
383341 -0.2007 0.45
383342 -0.2007 0.45
383343 -0.2007 0.45
383344 -0.2007 0.45
383345 -0.2007 0.45
383346 -0.2007 0.45
383347 -0.2007 0.45
383348 -0.2007 0.45
383349 -0.2007 0.45
383350 -0.2007 0.45
383351 -0.2007 0.45
383352 -0.2007 0.45
383353 -0.2007 0.45
383354 -0.2007 0.45
383355 -0.2007 0.45
383356 -0.2007 0.45
383357 -0.2007 0.45
383358 -0.2007 0.45
383359 -0.2007 0.45
383360 -0.2007 0.45
383361 -0.2007 0.45
383362 -0.2007 0.45
383363 -0.2007 0.45
383364 -0.2007 0.45
383365 -0.2007 0.45
383366 -0.2007 0.45
383367 -0.2007 0.45
383368 -0.2007 0.45
383369 -0.2007 0.45
383370 -0.2007 0.45
383372 -0.2007 0.45
383375 -0.2007 0.45
383376 -0.2007 0.45
383377 -0.2007 0.45
383378 -0.2007 0.45
383379 -0.2007 0.45
383380 -0.2007 0.45
383381 -0.2007 0.45
383382 -0.2007 0.45
383383 -0.2007 0.45
383384 -0.2007 0.45
383385 -0.2007 0.45
383386 -0.2007 0.45
383387 -0.2007 0.45
383388 -0.2007 0.45
383389 -0.2007 0.45
383390 -0.2007 0.45
383391 -0.2007 0.45
383392 -0.2007 0.45
383393 -0.2007 0.45
383394 -0.2007 0.45
383395 -0.2007 0.45
383396 -0.2007 0.45
383397 -0.2007 0.45
383398 -0.2007 0.45
383399 -0.2007 0.45
383400 -0.2007 0.45
383401 -0.2007 0.45
383402 -0.2007 0.45
383403 -0.2007 0.45
383404 -0.2007 0.45
383405 -0.2007 0.45
383406 -0.2007 0.45
383407 -0.2007 0.45
383408 -0.2007 0.45
383409 -0.2007 0.45
383410 -0.2007 0.45
383411 -0.2007 0.45
383412 -0.2007 0.45
383413 -0.2007 0.45
383414 -0.2007 0.45
383415 -0.2007 0.45
383416 -0.2007 0.45
383417 -0.2007 0.45
383418 -0.2007 0.45
383419 -0.2007 0.45
383420 -0.2007 0.45
383421 -0.2007 0.45
383422 -0.2007 0.45
383423 -0.2007 0.45
383424 -0.2007 0.45
383425 -0.2007 0.45
383426 -0.2007 0.45
383427 -0.2007 0.45
383428 -0.2007 0.45
383429 -0.2007 0.45
383430 -0.2007 0.45
383431 -0.2007 0.45
383432 -0.2007 0.45
383433 -0.2007 0.45
383434 -0.2007 0.45
383435 -0.2007 0.45
383436 -0.2007 0.45
383438 -0.2007 0.45
383439 -0.2007 0.45
383440 -0.2007 0.45
383441 -0.2007 0.45
383442 -0.2007 0.45
383443 -0.2007 0.45
383444 -0.2007 0.45
383445 -0.2007 0.45
383446 -0.2007 0.45
383447 -0.2007 0.45
383448 -0.2007 0.45
383449 -0.2007 0.45
383450 -0.2007 0.45
383451 -0.2007 0.45
383452 -0.2007 0.45
383453 -0.2007 0.45
383454 -0.2007 0.45
383455 -0.2007 0.45
383456 -0.2007 0.45
383457 -0.2007 0.45
383458 -0.2007 0.45
383459 -0.2007 0.45
383460 -0.2007 0.45
383461 -0.2007 0.45
383462 -0.2007 0.45
383464 -0.2007 0.45
383475 -0.2007 0.45
383476 -0.2007 0.45
383477 -0.2007 0.45
383478 -0.2007 0.45
383479 -0.2007 0.45
383480 -0.2007 0.45
383481 -0.2007 0.45
383482 -0.2007 0.45
383483 -0.2007 0.45
383484 -0.2007 0.45
383485 -0.2007 0.45
383486 -0.2007 0.45
383487 -0.2007 0.45
383488 -0.2007 0.45
383489 -0.2007 0.45
383490 -0.2007 0.45
383491 -0.2007 0.45
383492 -0.2007 0.45
383493 -0.2007 0.45
383494 -0.2007 0.45
383495 -0.2007 0.45
383496 -0.2007 0.45
383497 -0.2007 0.45
383498 -0.2007 0.45
383499 -0.2007 0.45
383500 -0.2007 0.45
383501 -0.2007 0.45
383502 -0.2007 0.45
383503 -0.2007 0.45
383504 -0.2007 0.45
383505 -0.2007 0.45
383506 -0.2007 0.45
383507 -0.2007 0.45
383508 -0.2007 0.45
383515 -0.2007 0.45
383517 -0.2007 0.45
383518 -0.2007 0.45
383519 -0.2007 0.45
383520 -0.2007 0.45
383523 -0.2007 0.45
383525 -0.2007 0.45
383526 -0.2007 0.45
383527 -0.2007 0.45
383529 -0.2007 0.45
383530 -0.2007 0.45
383531 -0.2007 0.45
383532 -0.2007 0.45
383534 -0.2007 0.45
383566 -0.2007 0.45
383567 -0.2007 0.45
383568 -0.2007 0.45
383569 -0.2007 0.45
383570 -0.2007 0.45
383571 -0.2007 0.45
383572 -0.2007 0.45
383573 -0.2007 0.45
383574 -0.2007 0.45
383575 -0.2007 0.45
383576 -0.2007 0.45
383577 -0.2007 0.45
383578 -0.2007 0.45
383579 -0.2007 0.45
383580 -0.2007 0.45
383581 -0.2007 0.45
383582 -0.2007 0.45
383583 -0.2007 0.45
383584 -0.2007 0.45
383585 -0.2007 0.45
383586 -0.2007 0.45
383588 -0.2007 0.45
383595 -0.2007 0.45
383597 -0.2007 0.45
383599 -0.2007 0.45
383600 -0.2007 0.45
383601 -0.2007 0.45
383602 -0.2007 0.45
383605 -0.2007 0.45
383607 -0.2007 0.45
383608 -0.2007 0.45
383609 -0.2007 0.45
383610 -0.2007 0.45
383612 -0.2007 0.45
383629 -3.8918 0.02
383645 -0.2007 0.45
383646 -0.2007 0.45
383647 -0.2007 0.45
383648 -0.2007 0.45
383649 -0.2007 0.45
383650 -0.2007 0.45
383651 -0.2007 0.45
383652 -0.2007 0.45
383653 -0.2007 0.45
383654 -0.2007 0.45
383655 -0.2007 0.45
383656 -0.2007 0.45
383657 -0.2007 0.45
383658 -0.2007 0.45
383660 -0.2007 0.45
383669 -0.2007 0.45
383671 -0.2007 0.45
383672 -0.2007 0.45
383673 -0.2007 0.45
383674 -0.2007 0.45
383675 -0.2007 0.45
383676 -0.2007 0.45
383677 -0.2007 0.45
383678 -0.2007 0.45
383679 -0.2007 0.45
383681 -0.2007 0.45
383682 -0.2007 0.45
383683 -0.2007 0.45
383684 -0.2007 0.45
383685 -0.2007 0.45
383686 -0.2007 0.45
383687 -0.2007 0.45
383688 -0.2007 0.45
383689 -0.2007 0.45
383690 -0.2007 0.45
383691 -0.2007 0.45
383692 -0.2007 0.45
383693 -0.2007 0.45
383694 -0.2007 0.45
383695 -0.2007 0.45
383696 -0.2007 0.45
383697 -0.2007 0.45
383698 -0.2007 0.45
383699 -0.2007 0.45
383700 -0.2007 0.45
383701 -0.2007 0.45
383702 -0.2007 0.45
383719 -0.2007 0.45
383720 -0.2007 0.45
383721 -0.2007 0.45
383722 -0.2007 0.45
383723 -0.2007 0.45
383724 -0.2007 0.45
383725 -0.2007 0.45
383726 -0.2007 0.45
383727 -0.2007 0.45
383728 -0.2007 0.45
383730 -0.2007 0.45
383733 -0.2007 0.45
383734 -0.2007 0.45
383735 -0.2007 0.45
383736 -0.2007 0.45
383737 -0.2007 0.45
383738 -0.2007 0.45
383739 -0.2007 0.45
383740 -0.2007 0.45
383741 -0.2007 0.45
383742 -0.2007 0.45
383743 -0.2007 0.45
383744 -0.2007 0.45
383745 -0.2007 0.45
383746 -0.2007 0.45
383747 -0.2007 0.45
383748 -0.2007 0.45
383749 -0.2007 0.45
383750 -0.2007 0.45
383751 -0.2007 0.45
383752 -0.2007 0.45
383753 -0.2007 0.45
383754 -0.2007 0.45
383755 -0.2007 0.45
383756 -0.2007 0.45
383757 -0.2007 0.45
383758 -0.2007 0.45
383759 -0.2007 0.45
383760 -0.2007 0.45
383761 -0.2007 0.45
383762 -0.2007 0.45
383763 -0.2007 0.45
383764 -0.2007 0.45
383765 -0.2007 0.45
383766 -0.2007 0.45
383767 -0.2007 0.45
383768 -0.2007 0.45
383769 -0.2007 0.45
383770 -0.2007 0.45
383771 -0.2007 0.45
383772 -0.2007 0.45
383773 -0.2007 0.45
383774 -0.2007 0.45
383775 -0.2007 0.45
383776 -0.2007 0.45
383783 -3.8918 0.02
383784 -0.2007 0.45
383786 -0.2007 0.45
383921 -0.2007 0.45
383922 -0.2007 0.45
383923 -0.2007 0.45
383924 -0.2007 0.45
383925 -0.2007 0.45
383926 -0.2007 0.45
383927 -0.2007 0.45
383928 -0.2007 0.45
383929 -0.2007 0.45
383930 -0.2007 0.45
383931 -0.2007 0.45
383932 -0.2007 0.45
383933 -0.2007 0.45
383934 -0.2007 0.45
383935 -0.2007 0.45
383936 -0.2007 0.45
383937 -0.2007 0.45
383938 -0.2007 0.45
383939 -0.2007 0.45
383940 -0.2007 0.45
383941 -0.2007 0.45
383942 -0.2007 0.45
383943 -0.2007 0.45
383944 -0.2007 0.45
383945 -0.2007 0.45
383946 -0.2007 0.45
383947 -0.2007 0.45
383948 -0.2007 0.45
383949 -0.2007 0.45
383950 -0.2007 0.45
383951 -0.2007 0.45
383952 -0.2007 0.45
383953 -0.2007 0.45
383954 -0.2007 0.45
383955 -0.2007 0.45
383956 -0.2007 0.45
383957 -0.2007 0.45
383958 -0.2007 0.45
383959 -0.2007 0.45
383960 -0.2007 0.45
383961 -0.2007 0.45
383962 -0.2007 0.45
383963 -0.2007 0.45
383964 -0.2007 0.45
383965 -0.2007 0.45
383966 -0.2007 0.45
383967 -0.2007 0.45
383968 -0.2007 0.45
383969 -0.2007 0.45
383970 -0.2007 0.45
383971 -0.2007 0.45
383972 -0.2007 0.45
383973 -0.2007 0.45
383974 -0.2007 0.45
383975 -0.2007 0.45
383976 -0.2007 0.45
383977 -0.2007 0.45
383978 -0.2007 0.45
383979 -0.2007 0.45
383980 -0.2007 0.45
383981 -0.2007 0.45
383982 -0.2007 0.45
383983 -0.2007 0.45
383984 -0.2007 0.45
383985 -0.2007 0.45
383986 -0.2007 0.45
383987 -0.2007 0.45
383988 -0.2007 0.45
383989 -0.2007 0.45
383990 -0.2007 0.45
383992 -0.2007 0.45
383993 -0.2007 0.45
383994 -0.2007 0.45
383995 -0.2007 0.45
383996 -0.2007 0.45
383997 -0.2007 0.45
383998 -0.2007 0.45
383999 -0.2007 0.45
384000 -0.2007 0.45
384001 -0.2007 0.45
384002 -0.2007 0.45
384003 -0.2007 0.45
384004 -0.2007 0.45
384005 -0.2007 0.45
384006 -0.2007 0.45
384007 -0.2007 0.45
384008 -0.2007 0.45
384009 -0.2007 0.45
384010 -0.2007 0.45
384011 -0.2007 0.45
384012 -0.2007 0.45
384013 -0.2007 0.45
384014 -0.2007 0.45
384015 -0.2007 0.45
384016 -0.2007 0.45
384017 -0.2007 0.45
384018 -0.2007 0.45
384019 -0.2007 0.45
384020 -0.2007 0.45
384021 -0.2007 0.45
384022 -0.2007 0.45
384023 -0.2007 0.45
384024 -0.2007 0.45
384025 -0.2007 0.45
384026 -0.2007 0.45
384027 -0.2007 0.45
384028 -0.2007 0.45
384029 -0.2007 0.45
384030 -0.2007 0.45
384031 -0.2007 0.45
384032 -0.2007 0.45
384033 -0.2007 0.45
384034 -0.2007 0.45
384035 -0.2007 0.45
384036 -0.2007 0.45
384037 -0.2007 0.45
384038 -0.2007 0.45
384039 -0.2007 0.45
384040 -0.2007 0.45
384041 -0.2007 0.45
384042 -0.2007 0.45
384044 -0.2007 0.45
384045 -0.2007 0.45
384046 -0.2007 0.45
384047 -0.2007 0.45
384048 -0.2007 0.45
384049 -0.2007 0.45
384050 -0.2007 0.45
384051 -0.2007 0.45
384052 -0.2007 0.45
384053 -0.2007 0.45
384054 -0.2007 0.45
384055 -0.2007 0.45
384056 -0.2007 0.45
384057 -0.2007 0.45
384058 -0.2007 0.45
384059 -0.2007 0.45
384060 -0.2007 0.45
384061 -0.2007 0.45
384062 -0.2007 0.45
384063 -0.2007 0.45
384064 -0.2007 0.45
384065 -0.2007 0.45
384066 -0.2007 0.45
384067 -0.2007 0.45
384068 -0.2007 0.45
384069 -0.2007 0.45
384070 -0.2007 0.45
384071 -0.2007 0.45
384072 -0.2007 0.45
384073 -0.2007 0.45
384074 -0.2007 0.45
384075 -0.2007 0.45
384076 -0.2007 0.45
384077 -0.2007 0.45
384078 -0.2007 0.45
384079 -0.2007 0.45
384080 -0.2007 0.45
384081 -0.2007 0.45
384082 -0.2007 0.45
384083 -0.2007 0.45
384084 -0.2007 0.45
384085 -0.2007 0.45
384086 -0.2007 0.45
384087 -0.2007 0.45
384088 -0.2007 0.45
384089 -0.2007 0.45
384090 -0.2007 0.45
384091 -0.2007 0.45
384092 -0.2007 0.45
384093 -0.2007 0.45
384094 -0.2007 0.45
384095 -0.2007 0.45
384096 -0.2007 0.45
384097 -0.2007 0.45
384098 -0.2007 0.45
384099 -0.2007 0.45
384100 -0.2007 0.45
384101 -0.2007 0.45
384102 -0.2007 0.45
384315 -1.0169 0.2656
384316 -1.0439 0.2604
384317 -1.003 0.2684
384318 -1.003 0.2684
384319 -0.9638 0.2761
384320 -0.9827 0.2724
384321 -0.9644 0.276
384322 -0.9545 0.278
384323 -1.0007 0.2688
384324 -0.9851 0.2719
384325 -1.0136 0.2663
384326 -1.0136 0.2663
384327 -1.0335 0.2624
384328 -1.0335 0.2624
384329 -1.0788 0.2537
384330 -1.0788 0.2537
384331 -1.0639 0.2566
384333 -1.0716 0.2551
384334 -1.0716 0.2551
384335 -1.0455 0.2601
384336 -1.0439 0.2604
384397 -1.6232 0.1648
385120 -3.8918 0.02
386421 -2.0997 0.1091
386517 -3.1392 0.0415
386521 -3.8918 0.02
386674 -1.3301 0.2091
386762 -0.8825 0.2927
386763 -0.8825 0.2927
386924 -3.8918 0.02
387002 -1.6477 0.1614
387008 -1.8075 0.1409
387224 -0.8904 0.291
387225 -0.8904 0.291
387226 -1.0017 0.2686
387227 -0.9186 0.2853
387228 -0.9472 0.2794
387229 -0.9472 0.2794
387230 -0.9399 0.2809
387231 -0.9405 0.2808
387232 -0.9195 0.2851
387233 -0.9195 0.2851
387234 -0.9274 0.2835
387235 -0.9221 0.2845
387236 -0.9424 0.2804
387237 -0.9274 0.2835
387238 -0.9424 0.2804
387239 -0.9466 0.2796
387240 -0.9469 0.2795
387241 -0.9424 0.2804
387242 -0.9251 0.2839
387243 -0.9251 0.2839
387244 -1.0321 0.2627
387245 -1.0247 0.2641
387246 -0.9979 0.2694
387247 -0.9979 0.2694
387248 -1.0298 0.2631
387249 -1.0298 0.2631
387250 -0.9921 0.2705
387251 -1.0081 0.2673
387252 -0.9765 0.2736
387253 -0.9765 0.2736
387254 -0.9735 0.2742
387255 -0.9735 0.2742
387256 -0.9735 0.2742
387257 -0.9735 0.2742
387258 -0.9745 0.274
387259 -0.9745 0.274
387414 -3.8918 0.02
387504 -3.4543 0.0306
387582 -2.2536 0.095
387600 -3.0709 0.0443
387624 -0.8303 0.3036
387625 -0.8303 0.3036
387944 -3.6224 0.026
388228 -0.8664 0.296
388229 -0.8664 0.296
388230 -0.8636 0.2966
388231 -0.8642 0.2965
388232 -0.8654 0.2962
388233 -0.8636 0.2966
388234 -0.8675 0.2958
388235 -0.8654 0.2962
388236 -0.8715 0.2949
388237 -0.8675 0.2958
388238 -0.8782 0.2936
388239 -0.8715 0.2949
388240 -0.8674 0.2958
388241 -0.8704 0.2952
388242 -0.8684 0.2956
388243 -0.8674 0.2958
388244 -0.8731 0.2946
388245 -0.8684 0.2956
388246 -0.8784 0.2935
388247 -0.8731 0.2946
388381 -0.3493 0.4136
388382 -0.3759 0.4071
388385 -0.9565 0.2776
388386 -0.9927 0.2704
388387 -0.914 0.2862
388388 -0.9565 0.2776
388389 -0.8846 0.2922
388390 -0.914 0.2862
388391 -0.8777 0.2937
388392 -0.8777 0.2937
388393 -0.8531 0.2988
388394 -0.8547 0.2985
388395 -0.8516 0.2991
388396 -0.8531 0.2988
388397 -0.847 0.3001
388398 -0.8516 0.2991
388399 -0.8417 0.3012
388400 -0.847 0.3001
388401 -0.8351 0.3026
388402 -0.8417 0.3012
388403 -0.8489 0.2997
388404 -0.8351 0.3026
388405 -0.885 0.2921
388406 -0.8489 0.2997
388459 -1.0694 0.2555
388460 -1.0694 0.2555
388461 -1.0563 0.258
388462 -1.0619 0.2569
388463 -1.0538 0.2585
388464 -1.0538 0.2585
388698 -2.5923 0.0696
388726 -1.0898 0.2517
388728 -1.0304 0.263
388729 -1.0304 0.263
388730 -1.0196 0.2651
388731 -1.0199 0.2651
388754 -0.8996 0.2891
388755 -0.8977 0.2895
388756 -0.9437 0.2802
388757 -0.936 0.2817
388784 -1.1779 0.2354
388850 -3.8918 0.02
388940 -1.1395 0.2424
389070 -0.825 0.3047
389071 -0.8624 0.2968
389101 -0.8845 0.2922
389102 -0.9438 0.2801
389123 -2.2961 0.0914
389402 -3.5421 0.0281
389601 -3.1219 0.0422
391632 -0.7973 0.3106
391633 -0.7973 0.3106
391636 -1.0343 0.2623
391637 -1.0343 0.2623
391638 -0.8563 0.2981
391639 -0.8563 0.2981
391640 -1.047 0.2598
391641 -1.032 0.2627
391642 -0.9719 0.2745
391643 -1.0629 0.2568
392354 -0.9662 0.2756
392355 -0.9612 0.2766
392356 -3.1054 0.0429
392447 -3.0864 0.0437
392501 -2.5156 0.0748
392644 -2.9527 0.0496
392652 -2.9691 0.0488
392656 -2.9649 0.049
392668 -0.9028 0.2885
392669 -0.9028 0.2885
392670 -0.8882 0.2915
392671 -0.8619 0.2969
392868 -3.8918 0.02
393153 -2.8678 0.0538
393387 -3.0731 0.0442
393403 -3.4129 0.0319
393432 -2.9938 0.0477
393450 -3.0304 0.0461
393460 -2.9101 0.0517
393462 -2.8767 0.0533
393658 -1.9423 0.1254
393698 -2.2575 0.0947
393747 -1.0385 0.2614
393748 -1.032 0.2627
393767 -1.0986 0.25
393769 -1.0986 0.25
393770 -1.0986 0.25
393775 -1.0986 0.25
394485 -2.8565 0.0543
394879 -1.0966 0.2504
394949 -1.0785 0.2538
394950 -1.0434 0.2605
395012 -2.8852 0.0529
395222 -3.8918 0.02
395508 -1.4696 0.187
395524 -1.0675 0.2559
395525 -1.074 0.2546
395526 -1.0335 0.2624
395527 -1.0311 0.2629
395530 -1.0505 0.2591
395535 -1.0839 0.2528
395593 -0.7179 0.3279
395594 -0.7636 0.3179
395631 -1.4672 0.1874
396173 -3.8918 0.02
396375 -2.626 0.0675
396402 -3.8918 0.02
396568 -3.8918 0.02
396680 -1.0983 0.2501
396681 -1.0983 0.2501
396914 -1.7504 0.148
397046 -1.0232 0.2644
397047 -1.0419 0.2608
397116 -3.8918 0.02
397130 -1.0182 0.2654
397131 -0.9219 0.2846
397132 -0.909 0.2872
397133 -0.8694 0.2954
397152 -2.1899 0.1007
397159 -1.0913 0.2514
397349 -3.8918 0.02
397651 -1.0339 0.2623
398394 -2.1251 0.1067
398430 -1.4211 0.1945
398480 -0.7713 0.3162
398481 -0.7778 0.3148
398482 -0.7645 0.3177
398483 -0.701 0.3316
398484 -0.701 0.3316
398485 -0.7645 0.3177
398486 -0.753 0.3202
398487 -0.7852 0.3132
398488 -0.7817 0.314
398489 -0.7589 0.3189
398502 -3.8918 0.02
398514 -0.6635 0.34
398515 -0.6635 0.34
398516 -0.6571 0.3414
398517 -0.6615 0.3404
398518 -0.6373 0.3459
398519 -0.6615 0.3404
398520 -0.6348 0.3464
398521 -0.6348 0.3464
398522 -0.6289 0.3478
398523 -0.6296 0.3476
398524 -0.6308 0.3473
398525 -0.6308 0.3473
398526 -0.638 0.3457
398527 -0.638 0.3457
398528 -0.6272 0.3481
398529 -0.6272 0.3481
398530 -0.628 0.348
398531 -0.628 0.348
398532 -0.6872 0.3347
398533 -0.6687 0.3388
398544 -0.8497 0.2995
398545 -0.9161 0.2857
398546 -0.6435 0.3445
398547 -0.6538 0.3421
398548 -0.6606 0.3406
398549 -0.6516 0.3426
398550 -0.6575 0.3413
398555 -1.3251 0.21
398767 -1.78 0.1443
398781 -2.0199 0.1171
398914 -1.1853 0.2341
398930 -2.2702 0.0936
398952 -2.3242 0.0891
398972 -0.7164 0.3282
398973 -0.7164 0.3282
398974 -0.8386 0.3018
398975 -0.7694 0.3166
398976 -0.9112 0.2868
398977 -0.9112 0.2868
398992 -1.6603 0.1597
399076 -2.7135 0.0622
399114 -3.0462 0.0454
399132 -3.5269 0.0286
399142 -1.0262 0.2638
399143 -1.0101 0.267
399144 -1.0502 0.2592
399145 -1.0101 0.267
399154 -3.8918 0.02
399178 -3.6161 0.0262
399188 -1.293 0.2153
399275 -0.9756 0.2738
399276 -1.192 0.2329
399277 -0.9813 0.2726
399292 -0.9945 0.27
399293 -0.9631 0.2763
399298 -0.9631 0.2763
399299 -0.9886 0.2712
399336 -1.8934 0.1309
399378 -3.4651 0.0303
399503 -2.2293 0.0971
399617 -1.0004 0.2689
399618 -1.0325 0.2626
399639 -1.6445 0.1619
399741 -1.555 0.1744
399777 -0.8537 0.2987
399778 -0.8056 0.3088
399833 -1.0404 0.2611
399834 -1.0857 0.2524
399835 -0.7497 0.3209
399836 -0.7166 0.3281
399841 -2.9234 0.051
399849 -0.9763 0.2736
399850 -0.9763 0.2736
399928 -0.2007 0.45
399945 -0.2007 0.45
399949 -0.2007 0.45
399950 -0.2007 0.45
399993 -0.86 0.2973
399994 -0.8718 0.2949
399995 -0.8886 0.2914
399996 -0.9087 0.2873
399997 -0.8829 0.2926
399998 -0.8886 0.2914
400003 -0.9883 0.2712
400004 -0.9728 0.2743
400017 -0.9958 0.2698
400018 -0.9898 0.2709
400026 -0.8493 0.2996
400027 -0.8451 0.3005
400028 -0.8574 0.2979
400029 -0.8493 0.2996
400030 -0.893 0.2905
400031 -0.8574 0.2979
400032 -0.8394 0.3017
400033 -0.8451 0.3005
400034 -0.8357 0.3024
400035 -0.8394 0.3017
400036 -0.8569 0.298
400037 -0.8357 0.3024
400038 -0.8909 0.2909
400039 -0.8569 0.298
400060 -1.929 0.1269
400064 -1.9407 0.1256
400090 -1.9924 0.12
400102 -1.0264 0.2638
400103 -1.0264 0.2638
400104 -1.0039 0.2682
400105 -1.0039 0.2682
400106 -1.0248 0.2641
400107 -0.9921 0.2705
400134 -0.9039 0.2882
400136 -0.8909 0.2909
400137 -0.9039 0.2882
400138 -1.0884 0.2519
400139 -0.915 0.286
400162 -1.0962 0.2504
400164 -1.0874 0.2521
400165 -1.0962 0.2504
400166 -1.0963 0.2504
400167 -1.0963 0.2504
400168 -1.0812 0.2533
400169 -1.0695 0.2555
400170 -1.0901 0.2516
400171 -1.0812 0.2533
400216 -0.8457 0.3003
400217 -0.8504 0.2993
400218 -0.8383 0.3019
400219 -0.8457 0.3003
400220 -0.8109 0.3077
400221 -0.8383 0.3019
400222 -0.8599 0.2974
400223 -0.8109 0.3077
400224 -2.5986 0.0692
400248 -3.2518 0.0373
400268 -1.0715 0.2551
400269 -1.0599 0.2573
400289 -1.0986 0.25
400290 -1.0986 0.25
400339 -0.9739 0.2741
400340 -0.9821 0.2725
400341 -0.9693 0.275
400342 -0.9693 0.275
400417 -3.5342 0.0284
400627 -2.3967 0.0834
400689 -2.8855 0.0529
400695 -2.1121 0.1079
400724 -0.9749 0.2739
400725 -0.9749 0.2739
400726 -0.9693 0.275
400727 -0.9693 0.275
400770 -1.9413 0.1255
401033 -1.392 0.1991
401083 -1.7242 0.1513
401179 -3.8918 0.02
401209 -0.9092 0.2872
401210 -0.9092 0.2872
401211 -0.8923 0.2906
401212 -0.907 0.2876
401213 -0.8708 0.2951
401214 -0.8923 0.2906
401291 -1.0474 0.2597
401292 -1.0862 0.2523
401293 -1.0079 0.2674
401294 -1.032 0.2627
401295 -1.0698 0.2554
401296 -1.0698 0.2554
401401 -0.8815 0.2929
401402 -0.8028 0.3094
401403 -0.264 0.4344
401404 -0.264 0.4344
401405 -0.8145 0.3069
401406 -0.8145 0.3069
401480 -1.0244 0.2642
401638 -0.8089 0.3081
401639 -0.6991 0.332
401640 -0.8482 0.2998
401641 -0.8454 0.3004
401696 -1.0906 0.2515
401697 -0.9636 0.2762
401699 -1.0906 0.2515
401852 -1.0054 0.2679
401853 -1.016 0.2658
401876 -2.6428 0.0664
402101 -3.8918 0.02
402181 -3.8918 0.02
402253 -2.953 0.0496
402255 -3.1935 0.0394
402693 -1.0382 0.2615
402694 -1.0382 0.2615
402731 -1.0322 0.2627
402737 -1.014 0.2662
402738 -1.014 0.2662
402799 -0.8607 0.2972
402800 -0.8607 0.2972
402801 -0.8496 0.2995
402802 -0.8496 0.2995
402809 -1.7126 0.1528
403340 -0.7079 0.3301
403341 -0.7275 0.3257
403354 -2.7585 0.0596
403394 -1.579 0.1709
403436 -0.8223 0.3053
403437 -0.8939 0.2903
403438 -0.6606 0.3406
403439 -0.7317 0.3248
403446 -1.3765 0.2016
403730 -2.6899 0.0636
403984 -0.7247 0.3264
403985 -0.7388 0.3233
403996 -0.9382 0.2813
403997 -0.9374 0.2814
404196 -1.903 0.1298
404390 -0.664 0.3399
404391 -0.664 0.3399
404422 -0.923 0.2844
404423 -0.8279 0.3041
404487 -1.0354 0.262
404525 -1.8944 0.1307
404698 -2.648 0.0661
404942 -3.8918 0.02
405178 -0.9141 0.2862
405179 -0.8988 0.2893
405276 -1.403 0.1973
405391 -1.8494 0.1359
405409 -1.7999 0.1419
405429 -3.8502 0.0208
405628 -2.9547 0.0495
405742 -3.2174 0.0385
405748 -0.9186 0.2852
405749 -0.892 0.2907
405750 -0.955 0.2779
405751 -0.9186 0.2852
405752 -0.986 0.2717
405753 -0.955 0.2779
405754 -0.9966 0.2696
405755 -0.986 0.2717
405930 -1.0419 0.2608
405931 -1.0187 0.2653
405938 -0.942 0.2805
405939 -0.942 0.2805
405940 -0.9539 0.2781
405941 -0.9539 0.2781
406032 -2.1426 0.105
406178 -0.2007 0.45
406179 -0.2007 0.45
406180 -0.2007 0.45
406181 -0.2007 0.45
406182 -0.2007 0.45
406183 -0.2007 0.45
406200 -3.8918 0.02
406232 -2.5099 0.0752
407191 -0.9209 0.2848
407192 -0.9196 0.285
407193 -0.9163 0.2857
407194 -0.9163 0.2857
407195 -3.8918 0.02
407675 -3.8918 0.02
407864 -3.7694 0.0225
407870 -2.5183 0.0746
407909 -1.0522 0.2588
407910 -1.0637 0.2566
407911 -1.0879 0.252
408362 -1.8783 0.1326
408382 -0.8493 0.2996
408383 -0.7416 0.3226
408384 -0.8915 0.2908
408385 -0.8493 0.2996
408386 -0.7492 0.321
408387 -0.8493 0.2996
408427 -0.8451 0.3005
408428 -0.8451 0.3005
409531 -3.8918 0.02
409571 -1.815 0.14
409742 -1.0953 0.2506
409743 -1.0875 0.2521
409745 -1.0953 0.2506
409878 -1.0406 0.261
409879 -1.0316 0.2628
409936 -1.6798 0.1571
411307 -0.9838 0.2721
411308 -0.9838 0.2721
411309 -1.0191 0.2652
411310 -1.0191 0.2652
411367 -2.037 0.1154
411403 -0.2007 0.45
411404 -0.2007 0.45
411405 -0.2007 0.45
411406 -0.2007 0.45
411407 -0.2007 0.45
411408 -0.2007 0.45
411409 -0.2007 0.45
411410 -0.2007 0.45
411411 -0.2007 0.45
411412 -0.2007 0.45
411413 -0.2007 0.45
411414 -0.2007 0.45
411723 -0.916 0.2858
411724 -0.916 0.2858
411797 -2.7755 0.0587
411871 -0.9032 0.2884
411872 -0.9132 0.2864
411873 -0.9549 0.2779
411874 -0.9476 0.2794
411963 -3.8918 0.02
412118 -0.939 0.2811
412119 -0.939 0.2811
412124 -1.0867 0.2522
412125 -0.91 0.287
412126 -0.5565 0.3644
412127 -0.54 0.3682
412216 -1.0339 0.2623
412217 -1.044 0.2604
412591 -0.2007 0.45
412592 -0.2007 0.45
412593 -3.8918 0.02
412718 -0.8895 0.2912
412719 -0.9416 0.2806
412728 -2.3759 0.085
412772 -2.2932 0.0917
413100 -3.8918 0.02
413172 -2.0384 0.1152
413472 -0.993 0.2703
413473 -0.993 0.2703
413500 -0.9856 0.2718
413501 -0.8508 0.2993
413502 -1.0176 0.2655
413503 -0.9856 0.2718
413810 -1.0986 0.25
413947 -1.0705 0.2553
413981 -0.6573 0.3413
413982 -0.5852 0.3577
414126 -2.524 0.0742
414408 -1.4923 0.1836
414524 -2.2114 0.0987
414526 -2.1862 0.101
414536 -2.0377 0.1153
414564 -0.9976 0.2694
414566 -0.7642 0.3177
414567 -0.6837 0.3354
414568 -0.8922 0.2907
414569 -0.7642 0.3177
414570 -0.9976 0.2694
414571 -0.8922 0.2907
414573 -0.9976 0.2694
414575 -1.0767 0.2541
414580 -1.3211 0.2106
414768 -3.8918 0.02
414955 -3.8918 0.02
414965 -0.9135 0.2863
414966 -0.9135 0.2863
414981 -0.8739 0.2944
414982 -0.8826 0.2926
414983 -0.8825 0.2927
414984 -0.8825 0.2927
414985 -0.8637 0.2966
414986 -0.8637 0.2966
415013 -1.0382 0.2615
415014 -1.0382 0.2615
415332 -3.8918 0.02
415392 -1.3595 0.2043
415458 -1.4028 0.1974
415475 -0.9058 0.2879
415476 -1.06 0.2573
415523 -1.0396 0.2612
415563 -1.0044 0.2681
415564 -1.0308 0.2629
415569 -2.8012 0.0573
415575 -0.9568 0.2775
415576 -0.9618 0.2765
415712 -2.3273 0.0889
415997 -3.8918 0.02
416195 -1.0459 0.26
416196 -1.0218 0.2647
416197 -1.0453 0.2601
416198 -1.0459 0.26
416199 -1.0421 0.2607
416200 -1.0421 0.2607
416211 -0.84 0.3015
416212 -0.84 0.3015
416359 -1.4945 0.1832
416486 -1.4348 0.1924
416520 -2.9418 0.0501
416712 -1.0864 0.2523
416713 -1.0632 0.2567
416714 -1.0892 0.2518
416715 -1.0892 0.2518
416716 -1.0793 0.2536
416717 -1.0793 0.2536
416720 -3.8918 0.02
416834 -1.3576 0.2046
417060 -1.0105 0.2669
417061 -1.0243 0.2642
417062 -1.0099 0.267
417063 -1.0105 0.2669
417064 -1.0148 0.266
417065 -1.0105 0.2669
417147 -3.8918 0.02
417245 -2.4517 0.0793
417249 -3.8918 0.02
417472 -3.8918 0.02
417587 -3.8918 0.02
417693 -3.0043 0.0472
417879 -1.0405 0.2611
417880 -0.773 0.3158
419058 -0.9708 0.2747
419059 -0.8649 0.2963
419955 -3.7405 0.0232
420251 -1.0635 0.2566
420252 -1.0635 0.2566
420253 -1.0928 0.2511
420254 -1.0864 0.2523
420364 -1.0853 0.2525
420365 -1.0853 0.2525
420468 -1.3042 0.2135
420518 -3.8918 0.02
420584 -0.943 0.2803
420585 -1.0382 0.2615
420594 -0.9882 0.2713
420595 -0.9882 0.2713
420744 -1.8157 0.14
420750 -2.9582 0.0494
420774 -0.8885 0.2914
420775 -0.8885 0.2914
420781 -1.0746 0.2545
420808 -0.9426 0.2804
420809 -0.9111 0.2868
420810 -0.9351 0.2819
420811 -0.91 0.287
420812 -0.987 0.2715
420813 -0.9661 0.2757
420936 -2.3048 0.0907
421031 -3.4478 0.0308
421050 -3.2856 0.0361
421186 -0.9545 0.278
421187 -0.9552 0.2778
421208 -0.9599 0.2769
421209 -0.9669 0.2755
421210 -1.0369 0.2618
421211 -1.0305 0.263
421333 -0.9356 0.2818
421334 -0.7081 0.33
421335 -1.0293 0.2632
421336 -0.9356 0.2818
421338 -1.0293 0.2632
421628 -2.7487 0.0602
421761 -0.986 0.2717
421762 -0.999 0.2691
421763 -1.0044 0.2681
421764 -1.0044 0.2681
421765 -0.9794 0.273
421766 -0.9876 0.2714
421767 -0.9753 0.2738
421768 -0.9843 0.272
421769 -0.9954 0.2699
421770 -0.9954 0.2699
421805 -2.2936 0.0917
421915 -2.5371 0.0733
421935 -1.0925 0.2511
421936 -1.0925 0.2511
421937 -1.0353 0.2621
421938 -1.0353 0.2621
421939 -1.0091 0.2672
421940 -1.0269 0.2637
421948 -1.0509 0.2591
421950 -1.0361 0.2619
421951 -1.0817 0.2532
421952 -1.0153 0.266
421953 -1.0361 0.2619
421954 -0.9953 0.2699
421955 -1.0153 0.266
421956 -0.9807 0.2728
421957 -0.9953 0.2699
421967 -2.394 0.0836
422029 -1.0671 0.2559
422037 -0.8252 0.3047
422038 -0.8252 0.3047
422039 -0.7631 0.318
422040 -0.7933 0.3115
422041 -0.7631 0.318
422042 -0.7866 0.3129
422043 -0.7236 0.3266
422044 -0.7631 0.318
422047 -0.9143 0.2861
422048 -0.9296 0.283
422049 -0.8951 0.2901
422050 -0.8975 0.2896
422051 -0.827 0.3043
422052 -0.8808 0.293
422053 -0.8741 0.2944
422054 -0.8762 0.294
422071 -0.778 0.3148
422072 -0.8121 0.3074
422073 -0.6554 0.3418
422074 -0.674 0.3376
422075 -0.904 0.2882
422076 -0.9197 0.285
422077 -0.8487 0.2997
422078 -0.8858 0.292
422079 -0.8329 0.303
422080 -0.8451 0.3005
422081 -0.81 0.3079
422082 -0.7892 0.3123
422083 -0.9028 0.2885
422084 -0.8619 0.2969
422085 -1.0275 0.2636
422086 -0.9028 0.2885
422101 -0.8101 0.3079
422102 -0.8463 0.3002
422113 -1.0722 0.255
422115 -0.9802 0.2729
422116 -1.0722 0.255
422117 -0.8028 0.3094
422118 -0.7993 0.3102
422119 -0.824 0.3049
422120 -0.8028 0.3094
422121 -0.8463 0.3002
422122 -0.824 0.3049
422123 -0.8561 0.2981
422124 -0.8463 0.3002
422125 -0.9633 0.2762
422126 -0.9633 0.2762
422129 -0.955 0.2779
422130 -0.8561 0.2981
422132 -1.0046 0.268
422157 -0.9216 0.2846
422158 -0.8612 0.2971
422169 -1.0643 0.2565
422170 -1.0715 0.2551
422171 -1.0986 0.25
422173 -1.0859 0.2524
422174 -1.0965 0.2504
422177 -1.0595 0.2574
422178 -1.0702 0.2554
422179 -1.0806 0.2534
422180 -1.0694 0.2555
422181 -1.0862 0.2523
422182 -1.0833 0.2529
422183 -1.0595 0.2574
422184 -1.0721 0.255
422231 -0.9312 0.2827
422232 -0.97 0.2749
422255 -0.7898 0.3122
422256 -0.9111 0.2868
422265 -0.9351 0.2819
422266 -0.9351 0.2819
422351 -2.1144 0.1077
422469 -2.4141 0.0821
422521 -3.6342 0.0257
422543 -0.9675 0.2754
422544 -1.0077 0.2674
422545 -0.925 0.2839
422546 -0.9422 0.2805
422547 -0.8707 0.2951
422548 -0.9123 0.2865
422747 -1.1976 0.2319
422826 -3.8918 0.02
423166 -2.4986 0.076
423237 -3.2738 0.0365
423252 -0.9882 0.2713
423253 -0.9915 0.2706
423270 -0.8271 0.3043
423271 -0.7351 0.3241
423276 -2.1041 0.1087
423680 -3.8918 0.02
423815 -0.7362 0.3238
423816 -0.7362 0.3238
423817 -1.0275 0.2636
423818 -0.9121 0.2866
423823 -0.4462 0.3903
423824 -0.4462 0.3903
423843 -0.6897 0.3341
423844 -0.7513 0.3205
423909 -2.4874 0.0767
424020 -2.625 0.0675
424148 -0.943 0.2803
424149 -0.9306 0.2828
424362 -2.2347 0.0967
424390 -2.9444 0.05
424440 -2.8062 0.057
424574 -2.5808 0.0704
424586 -3.1467 0.0412
424618 -1.0986 0.25
424619 -1.0986 0.25
424620 -1.0986 0.25
424621 -1.0986 0.25
424625 -1.0986 0.25
424626 -1.0986 0.25
424654 -1.0986 0.25
424655 -1.0986 0.25
424656 -1.0986 0.25
424657 -1.0986 0.25
424658 -1.0986 0.25
424659 -1.0986 0.25
424978 -3.8918 0.02
425810 -1.0566 0.258
425811 -1.0566 0.258
425812 -1.0959 0.2505
425813 -1.0959 0.2505
425871 -1.067 0.256
425982 -1.5376 0.1769
427072 -0.8204 0.3057
427073 -0.7484 0.3212
427074 -0.7362 0.3238
427075 -0.7322 0.3247
427184 -1.0445 0.2603
427185 -1.0445 0.2603
427186 -0.9751 0.2739
427187 -0.9751 0.2739
428084 -0.2007 0.45
428086 -0.2007 0.45
428087 -0.2007 0.45
428088 -0.2007 0.45
428089 -0.2007 0.45
428090 -0.2007 0.45
428091 -0.2007 0.45
428092 -0.2007 0.45
428093 -0.2007 0.45
428094 -0.2007 0.45
428095 -0.2007 0.45
428096 -0.2007 0.45
428097 -0.2007 0.45
429279 -0.4754 0.3833
429280 -0.2634 0.4345
429281 -0.8112 0.3076
429282 -0.4754 0.3833
429846 -2.6684 0.0649
430756 -1.8029 0.1415
430758 -1.2252 0.227
431888 -0.589 0.3569
431889 -0.63 0.3475
432168 -1.0986 0.25
432169 -1.0986 0.25
432806 -0.2007 0.45
432807 -0.2007 0.45
432808 -0.2007 0.45
432809 -0.2007 0.45
432810 -0.2007 0.45
432811 -0.2007 0.45
432874 -3.8918 0.02
433782 -0.2007 0.45
433783 -0.2007 0.45
433784 -0.2007 0.45
433785 -0.2007 0.45
433786 -0.2007 0.45
433787 -0.2007 0.45
433788 -0.2007 0.45
433789 -0.2007 0.45
433790 -0.2007 0.45
433791 -0.2007 0.45
433792 -0.2007 0.45
433793 -0.2007 0.45
433794 -0.2007 0.45
433795 -0.2007 0.45
433796 -0.2007 0.45
433797 -0.2007 0.45
433798 -0.2007 0.45
433799 -0.2007 0.45
433860 -2.9444 0.05
434076 -3.8918 0.02
434280 -3.8918 0.02
436885 -1.035 0.2621
436886 -1.0299 0.2631
436887 -1.0387 0.2614
436888 -1.035 0.2621
437121 -2.1333 0.1059
437181 -1.0576 0.2578
437182 -1.0576 0.2578
437183 -1.0754 0.2544
437184 -1.0693 0.2555
437185 -1.0652 0.2563
437186 -1.0599 0.2573
437187 -1.0881 0.252
437188 -1.0929 0.2511
437189 -1.831 0.1381
437197 -0.7962 0.3108
437198 -0.7407 0.3228
437199 -0.8457 0.3003
437200 -0.7962 0.3108
437205 -3.8918 0.02
437219 -2.7484 0.0602
437393 -0.7721 0.316
437394 -0.9324 0.2824
437417 -1.0327 0.2626
437418 -1.038 0.2615
437419 -1.024 0.2643
437420 -1.0327 0.2626
437459 -1.0608 0.2572
437460 -1.0527 0.2587
437461 -1.0709 0.2552
437462 -1.0608 0.2572
437477 -2.3029 0.0909
437491 -2.4557 0.079
437517 -3.8918 0.02
437597 -0.2007 0.45
437599 -0.2007 0.45
437600 -0.2007 0.45
437617 -0.2007 0.45
437619 -0.2007 0.45
437629 -0.2007 0.45
437682 -1.2244 0.2272
437686 -0.9391 0.2811
437687 -0.95 0.2789
437720 -1.3056 0.2132
437724 -1.0695 0.2555
437725 -1.0874 0.2521
437726 -1.0812 0.2533
437727 -1.0962 0.2504
437728 -0.9948 0.27
437729 -1.0225 0.2645
437730 -1.0206 0.2649
437731 -1.0206 0.2649
437732 -1.0228 0.2645
437733 -1.0225 0.2645
437748 -1.0136 0.2663
437749 -1.0443 0.2603
437750 -1.0217 0.2647
437751 -1.0078 0.2674
437754 -1.4787 0.1856
437862 -0.914 0.2862
437863 -0.9195 0.2851
437923 -1.0304 0.263
437924 -1.0192 0.2652
437952 -0.8801 0.2931
437989 -0.7625 0.3181
437990 -0.7625 0.3181
437991 -0.755 0.3197
437992 -0.744 0.3221
437995 -0.7298 0.3252
437996 -0.7298 0.3252
437997 -0.7296 0.3253
437998 -0.7296 0.3253
437999 -0.7316 0.3249
438000 -0.7316 0.3249
438001 -0.7366 0.3238
438002 -0.7366 0.3238
438003 -0.7386 0.3233
438004 -0.7386 0.3233
438083 -1.0727 0.2549
438084 -1.0727 0.2549
438202 -0.9597 0.2769
438203 -0.8862 0.2919
438204 -0.9294 0.283
438205 -0.9533 0.2782
438206 -0.9249 0.284
438249 -2.0673 0.1123
438271 -1.9844 0.1208
438343 -1.0236 0.2643
438344 -1.0865 0.2523
438347 -1.0847 0.2526
438365 -0.9434 0.2802
438366 -1.0909 0.2515
438367 -0.8248 0.3047
438368 -0.8437 0.3008
438369 -0.869 0.2955
438370 -0.8879 0.2915
438498 -3.8918 0.02
438504 -0.9393 0.281
438505 -0.9765 0.2736
438506 -0.9175 0.2855
438507 -0.9489 0.2791
438634 -0.9129 0.2864
438635 -0.9242 0.2841
438648 -1.7923 0.1428
438712 -0.9361 0.2817
438713 -0.8335 0.3029
438724 -1.2386 0.2247
438768 -0.9493 0.279
438769 -0.9603 0.2768
438770 -0.9246 0.284
438771 -0.9493 0.279
438772 -0.8996 0.2891
438773 -0.9246 0.284
438774 -0.8831 0.2925
438775 -0.8996 0.2891
438776 -0.8771 0.2938
438777 -0.8831 0.2925
439061 -1.0986 0.25
439062 -1.0986 0.25
439236 -0.842 0.3011
439237 -0.8568 0.298
439282 -2.804 0.0571
439314 -1.0124 0.2665
439315 -1.0678 0.2558
439384 -1.0829 0.253
439385 -1.0832 0.2529
439386 -1.0969 0.2503
439387 -1.0958 0.2505
439432 -2.1152 0.1076
439642 -1.3915 0.1992
439804 -0.9726 0.2744
439805 -0.9736 0.2742
439806 -0.9734 0.2742
439807 -0.9726 0.2744
439808 -1.0092 0.2671
439809 -1.008 0.2674
439810 -1.0422 0.2607
439811 -1.0298 0.2631
439818 -1.0973 0.2502
439824 -1.0867 0.2522
439826 -1.0975 0.2502
439827 -1.0908 0.2515
439829 -1.0975 0.2502
439831 -1.0975 0.2502
439833 -1.0908 0.2515
439858 -1.0775 0.254
439859 -1.0775 0.254
439861 -1.0819 0.2532
439868 -1.079 0.2537
439869 -1.079 0.2537
439874 -3.8918 0.02
439887 -1.0953 0.2506
439900 -1.098 0.2501
439908 -1.0823 0.2531
439909 -1.0776 0.254
440043 -1.7724 0.1452
440251 -3.8918 0.02
440317 -3.8918 0.02
440383 -1.394 0.1988
441162 -0.992 0.2705
441163 -0.9977 0.2694
441288 -3.8918 0.02
441579 -2.0544 0.1136
441701 -1.0589 0.2575
441702 -1.0553 0.2582
441703 -1.0719 0.255
441704 -1.0719 0.255
441957 -2.8406 0.0552
442375 -0.833 0.303
442376 -0.865 0.2963
442397 -1.0894 0.2517
442398 -1.0883 0.2519
442529 -0.2007 0.45
442530 -0.2007 0.45
442583 -0.2007 0.45
442584 -0.2007 0.45
442591 -0.9747 0.2739
442592 -0.9788 0.2731
442593 -0.9742 0.274
442594 -0.9762 0.2736
442595 -0.9762 0.2736
442618 -1.0704 0.2553
442619 -1.0704 0.2553
442620 -1.0559 0.2581
442621 -1.0572 0.2578
442626 -0.8522 0.299
442627 -0.8845 0.2922
442644 -1.0265 0.2638
442645 -1.0169 0.2656
442646 -0.9638 0.2761
442647 -0.9851 0.2719
442648 -0.9827 0.2724
442649 -1.0007 0.2688
442836 -1.0986 0.25
442837 -1.0986 0.25
444223 -1.0841 0.2527
444224 -1.0841 0.2527
444403 -3.4574 0.0305
444524 -3.1592 0.0407
444757 -1.0787 0.2537
444758 -1.0897 0.2517
444759 -1.0867 0.2522
444845 -1.0557 0.2581
444846 -1.047 0.2598
444847 -1.0462 0.26
444848 -1.0385 0.2614
444849 -1.0638 0.2566
444850 -1.0557 0.2581
444907 -1.0694 0.2555
444908 -1.0964 0.2504
444909 -1.034 0.2623
444910 -1.034 0.2623
444911 -0.9392 0.2811
444912 -0.9392 0.2811
444913 -1.0759 0.2543
444914 -1.0759 0.2543
444915 -0.9861 0.2717
444916 -0.9861 0.2717
444917 -0.7868 0.3129
444918 -0.7868 0.3129
445010 -2.453 0.0792
445644 -2.9403 0.0502
446096 -0.2007 0.45
446097 -0.2007 0.45
446098 -0.2007 0.45
446099 -0.2007 0.45
446100 -0.2007 0.45
446101 -0.2007 0.45
446102 -0.2007 0.45
446103 -0.2007 0.45
446104 -0.2007 0.45
446105 -0.2007 0.45
446106 -0.2007 0.45
446107 -0.2007 0.45
446108 -0.2007 0.45
446109 -0.2007 0.45
446110 -0.2007 0.45
446111 -0.2007 0.45
446112 -0.2007 0.45
446113 -0.2007 0.45
446114 -0.2007 0.45
446115 -0.2007 0.45
446116 -0.2007 0.45
446117 -0.2007 0.45
446118 -0.2007 0.45
446119 -0.2007 0.45
446120 -0.2007 0.45
446121 -0.2007 0.45
446122 -0.2007 0.45
446123 -0.2007 0.45
446124 -0.2007 0.45
446125 -0.2007 0.45
446126 -0.2007 0.45
446130 -0.2007 0.45
446131 -0.2007 0.45
447075 -0.907 0.2876
447076 -0.907 0.2876
447077 -0.6963 0.3326
447078 -0.8797 0.2932
447079 -0.8028 0.3094
447080 -0.8797 0.2932
447089 -3.8918 0.02
447112 -3.8918 0.02
447225 -0.959 0.2771
447226 -1.0093 0.2671
447288 -1.451 0.1898
447297 -1.0711 0.2552
447298 -1.0738 0.2547
447304 -0.9004 0.289
447305 -0.9037 0.2883
447306 -0.8423 0.3011
447307 -0.85 0.2994
447308 -0.8411 0.3013
447309 -0.8411 0.3013
447310 -0.9233 0.2843
447311 -0.8738 0.2945
447312 -1.0699 0.2554
447313 -1.0699 0.2554
447314 -0.9613 0.2766
447315 -0.9603 0.2768
447318 -1.0041 0.2681
447319 -1.0791 0.2537
447322 -0.9094 0.2871
447323 -0.8876 0.2916
447324 -0.9354 0.2818
447325 -0.9354 0.2818
447326 -1.0537 0.2585
447327 -1.0819 0.2531
447328 -1.0264 0.2638
447329 -1.0264 0.2638
447330 -1.0004 0.2689
447331 -1.0004 0.2689
447332 -0.9844 0.272
447333 -0.9967 0.2696
447334 -1.4337 0.1925
447486 -1.0595 0.2574
447487 -1.0623 0.2569
447488 -1.0595 0.2574
447489 -1.0586 0.2576
447490 -1.0587 0.2576
447491 -1.0587 0.2576
447492 -1.0817 0.2532
447493 -1.0817 0.2532
447494 -0.9658 0.2757
447495 -0.9658 0.2757
447697 -1.8277 0.1385
447753 -0.9417 0.2806
447754 -0.9859 0.2717
447755 -0.904 0.2882
447756 -0.904 0.2882
447771 -0.9787 0.2732
447772 -0.9787 0.2732
447773 -0.9655 0.2758
447774 -0.9659 0.2757
447775 -0.9808 0.2727
447776 -0.9711 0.2747
447777 -1.0361 0.2619
447778 -0.9824 0.2724
447977 -2.9915 0.0478
447983 -2.9655 0.049
448027 -2.7546 0.0598
448696 -3.8918 0.02
449378 -1.0884 0.2519
449379 -1.0009 0.2688
449386 -0.5301 0.3705
449387 -0.5552 0.3647
449388 -0.5552 0.3647
449389 -0.5889 0.3569
449950 -3.8918 0.02
450006 -0.746 0.3217
450007 -0.7184 0.3277
450087 -1.0772 0.254
450089 -0.9388 0.2811
450336 -2.1795 0.1016
450646 -0.7803 0.3143
450647 -0.7544 0.3199
450650 -0.657 0.3414
450651 -0.6587 0.341
450652 -0.6553 0.3418
450659 -0.6672 0.3391
450660 -0.6809 0.3361
450667 -0.6051 0.3532
450668 -0.6081 0.3525
450673 -0.6863 0.3348
450674 -0.6744 0.3375
450675 -0.8032 0.3093
450676 -0.6863 0.3348
450677 -0.8698 0.2953
450678 -0.8032 0.3093
450679 -0.6599 0.3408
450680 -0.6599 0.3408
450779 -3.0735 0.0442
450828 -0.9609 0.2767
450829 -0.9534 0.2782
450832 -0.8414 0.3012
450833 -0.8394 0.3017
450834 -0.8531 0.2988
450835 -0.8526 0.2989
450867 -3.8918 0.02
450925 -1.0027 0.2684
450926 -1.0294 0.2632
450927 -0.9796 0.273
450928 -1.0027 0.2684
450929 -0.9546 0.278
450930 -0.9796 0.273
450931 -0.8954 0.29
450932 -0.9546 0.278
450933 -0.8679 0.2957
450934 -0.8954 0.29
450935 -0.8611 0.2971
450936 -0.8679 0.2957
450979 -0.9121 0.2866
450980 -0.9143 0.2861
451014 -3.8918 0.02
451086 -0.9101 0.287
451087 -0.9101 0.287
451175 -1.0893 0.2517
451686 -0.2007 0.45
451687 -0.2007 0.45
451688 -0.2007 0.45
451689 -0.2007 0.45
451690 -0.2007 0.45
451691 -0.2007 0.45
451692 -0.2007 0.45
451693 -0.2007 0.45
451694 -0.2007 0.45
451695 -0.2007 0.45
451696 -0.2007 0.45
451697 -0.2007 0.45
451698 -0.2007 0.45
451699 -0.2007 0.45
451952 -3.8918 0.02
452460 -1.0358 0.262
452461 -1.0284 0.2634
452462 -1.0045 0.2681
452463 -1 0.269
452464 -0.9814 0.2726
452465 -0.9814 0.2726
452470 -0.969 0.2751
452471 -0.969 0.2751
452548 -2.8037 0.0571
452580 -1.017 0.2656
452581 -1.017 0.2656
452611 -3.8918 0.02
452912 -1.0685 0.2557
452913 -1.0632 0.2567
452914 -1.0699 0.2554
452915 -1.0699 0.2554
452916 -1.0623 0.2569
452917 -1.0685 0.2557
452934 -1.096 0.2505
452936 -1.08 0.2535
452937 -1.08 0.2535
453384 -3.8918 0.02
454017 -0.2007 0.45
454019 -0.2007 0.45
454020 -0.2007 0.45
454025 -0.2007 0.45
454026 -0.2007 0.45
454027 -0.2007 0.45
454028 -0.2007 0.45
454166 -2.2954 0.0915
454230 -2.1518 0.1042
454286 -2.6239 0.0676
454498 -1.8782 0.1326
454505 -2.7103 0.0624
454650 -0.9043 0.2882
454651 -0.9451 0.2799
454662 -0.7873 0.3128
454663 -0.8754 0.2941
454664 -0.7716 0.3161
454665 -0.7873 0.3128
454666 -0.8028 0.3094
454667 -0.7716 0.3161
454668 -0.839 0.3017
454669 -0.8028 0.3094
454732 -0.2007 0.45
454733 -0.2007 0.45
454964 -2.9825 0.0482
455226 -2.9444 0.05
455318 -1.5156 0.1801
455320 -1.6059 0.1672
455334 -0.8577 0.2978
455335 -0.8533 0.2987
455448 -1.0658 0.2562
455449 -1.0579 0.2577
455450 -1.0973 0.2502
456068 -3.8918 0.02
456144 -0.8912 0.2909
456152 -2.7968 0.0575
456153 -0.2007 0.45
456154 -0.2007 0.45
456155 -0.2007 0.45
456156 -0.2007 0.45
456185 -0.8192 0.3059
456186 -0.8289 0.3039
456221 -2.7076 0.0625
456276 -1.0654 0.2563
456277 -1.0654 0.2563
456278 -1.0988 0.25
456279 -1.0554 0.2582
456294 -2.5866 0.07
456298 -2.9444 0.05
456320 -2.5573 0.0719
456557 -2.3938 0.0836
456596 -1.0679 0.2558
456597 -1.0679 0.2558
456614 -2.891 0.0526
456638 -3.8918 0.02
456658 -1.8685 0.1337
456710 -1.6224 0.1649
456834 -0.9156 0.2859
456835 -0.8498 0.2995
456844 -0.9648 0.2759
456845 -0.9963 0.2697
456846 -0.9024 0.2886
456847 -0.9268 0.2836
456848 -0.9114 0.2867
456849 -0.9114 0.2867
456850 -0.9458 0.2797
456851 -0.9389 0.2811
456852 -0.9436 0.2802
456853 -0.9436 0.2802
456854 -0.9545 0.278
456855 -0.9141 0.2862
456856 -0.9605 0.2768
456857 -0.9545 0.278
456858 -0.9976 0.2694
456859 -0.9417 0.2806
456860 -0.9967 0.2696
456861 -1.0003 0.2689
456862 -0.9458 0.2797
456863 -0.9605 0.2768
456864 -0.9545 0.278
456865 -0.9389 0.2811
456866 -0.9976 0.2694
456867 -0.9545 0.278
456880 -0.7896 0.3122
456881 -0.8226 0.3052
457458 -0.7483 0.3212
457459 -0.7518 0.3204
457468 -0.9252 0.2839
457469 -0.9244 0.2841
457640 -1.0492 0.2594
457641 -1.0697 0.2555
457698 -1.072 0.255
457808 -2.3227 0.0893
457832 -0.6428 0.3446
457833 -0.8386 0.3018
457834 -0.6266 0.3483
457835 -0.6083 0.3524
457836 -0.629 0.3477
457837 -0.6488 0.3432
457838 -0.6374 0.3458
457843 -1.8017 0.1416
457907 -0.7466 0.3216
457908 -0.7466 0.3216
457909 -0.4741 0.3836
457910 -0.4612 0.3867
457911 -0.6052 0.3531
457912 -0.5155 0.3739
457915 -1.0479 0.2596
457917 -0.6023 0.3538
457918 -1.0479 0.2596
457919 -0.3359 0.4168
457920 -0.6023 0.3538
457976 -3.0782 0.044
458023 -2.8838 0.053
458089 -0.5993 0.3545
458090 -0.5993 0.3545
458091 -0.7484 0.3212
458092 -1.0565 0.258
458164 -1.0752 0.2544
458165 -1.068 0.2558
458403 -2.111 0.108
458417 -1.0736 0.2547
458418 -1.0459 0.26
458425 -0.9544 0.278
458426 -0.9364 0.2816
458445 -0.6654 0.3395
458446 -0.6958 0.3327
458463 -2.8155 0.0565
458501 -1.0481 0.2596
458504 -2.2117 0.0987
458711 -0.6453 0.3441
458712 -0.6453 0.3441
458713 -0.6375 0.3458
458714 -0.6229 0.3491
458715 -0.6206 0.3496
458716 -0.6229 0.3491
458758 -2.7485 0.0602
458769 -1.5938 0.1688
458807 -0.8613 0.2971
458808 -0.8358 0.3024
458837 -1.6524 0.1608
458844 -0.7619 0.3182
458845 -0.7619 0.3182
458846 -0.7902 0.3121
458847 -0.9232 0.2843
458848 -0.9599 0.2769
458849 -0.9082 0.2874
458863 -0.5394 0.3683
458864 -0.5609 0.3633
458891 -1.0748 0.2545
459046 -2.6455 0.0663
459064 -2.4985 0.076
459411 -0.8122 0.3074
459412 -0.8024 0.3095
459417 -0.7213 0.3271
459418 -0.7213 0.3271
459419 -0.7143 0.3286
459420 -0.7143 0.3286
459632 -0.526 0.3715
459633 -0.4665 0.3855
462931 -3.8918 0.02
462943 -0.7473 0.3214
462944 -0.7869 0.3128
462945 -0.7869 0.3128
462946 -0.8199 0.3058
463445 -2.5909 0.0697
463607 -0.8194 0.3059
463608 -0.8327 0.3031
463609 -0.8342 0.3028
463610 -0.8194 0.3059
463611 -0.8227 0.3052
463612 -0.8169 0.3064
463613 -1.0046 0.268
463614 -0.9572 0.2774
463616 -1.0046 0.268
463815 -0.885 0.2921
463816 -0.8845 0.2922
463817 -0.9217 0.2846
463818 -0.885 0.2921
463875 -0.6102 0.352
463876 -0.6102 0.352
463877 -0.6295 0.3476
463878 -0.7484 0.3212
463885 -0.77 0.3165
463886 -0.7987 0.3103
464009 -1.0354 0.262
464010 -1.0377 0.2616
464011 -0.9765 0.2736
464012 -0.9691 0.2751
464013 -0.9998 0.269
464014 -0.9998 0.269
464015 -0.9691 0.2751
464016 -0.9746 0.274
464033 -0.8814 0.2929
464034 -0.6441 0.3443
464036 -0.8814 0.2929
464041 -0.3547 0.4122
464042 -0.4518 0.3889
464047 -0.9924 0.2704
464048 -1.0757 0.2543
464049 -0.4737 0.3837
464050 -0.4737 0.3837
464073 -0.6662 0.3393
464074 -0.6807 0.3361
464075 -0.6419 0.3448
464076 -0.6662 0.3393
464077 -0.6001 0.3543
464078 -0.6419 0.3448
464079 -0.4477 0.3899
464080 -0.3547 0.4122
464081 -0.6001 0.3543
464082 -0.4477 0.3899
464083 -1.0126 0.2665
464084 -1.0111 0.2668
464091 -0.2007 0.45
464092 -0.2007 0.45
464117 -2.5373 0.0733
464230 -1.0646 0.2564
464239 -2.6414 0.0665
464285 -0.8358 0.3024
464286 -0.8545 0.2985
464287 -0.782 0.3139
464288 -0.8358 0.3024
464289 -0.7636 0.3179
464290 -0.782 0.3139
464291 -0.8108 0.3077
464292 -0.7636 0.3179
464369 -3.4895 0.0296
464521 -1.0859 0.2524
464522 -1.092 0.2512
464534 -3.5507 0.0279
464550 -1.2698 0.2193
464816 -1.0853 0.2525
464817 -1.0853 0.2525
464850 -3.7989 0.0219
464888 -3.6487 0.0254
464906 -3.5255 0.0286
464944 -0.5128 0.3745
464945 -0.5128 0.3745
464946 -0.5484 0.3662
464947 -0.526 0.3715
464948 -0.5588 0.3638
464949 -0.5484 0.3662
464950 -0.5947 0.3556
464951 -0.5588 0.3638
465014 -2.5046 0.0755
465224 -1.0178 0.2655
465225 -0.931 0.2827
465229 -1.0178 0.2655
465230 -2.8847 0.0529
465276 -0.4724 0.384
465277 -0.4724 0.384
465301 -0.8334 0.3029
465382 -0.8566 0.298
465383 -0.8801 0.2931
465384 -0.8566 0.298
465385 -0.851 0.2992
465476 -3.8918 0.02
465934 -3.8918 0.02
466240 -3.8918 0.02
466271 -1.3153 0.2116
466394 -0.8915 0.2908
466395 -0.8915 0.2908
466396 -0.8683 0.2956
466397 -0.8632 0.2967
466398 -0.8753 0.2941
466399 -0.8683 0.2956
466400 -0.91 0.287
466401 -0.8753 0.2941
466472 -0.9232 0.2843
466473 -0.9273 0.2835
466474 -0.2007 0.45
466475 -0.2007 0.45
466476 -0.2007 0.45
466477 -0.2007 0.45
466478 -0.2007 0.45
466479 -0.2007 0.45
466480 -0.2007 0.45
466481 -0.2007 0.45
466482 -0.2007 0.45
466483 -0.2007 0.45
466484 -0.2007 0.45
466485 -0.2007 0.45
466496 -1.0021 0.2685
466503 -1.0839 0.2528
466504 -1.0887 0.2519
466744 -0.6385 0.3456
466745 -0.6893 0.3342
466746 -0.6311 0.3473
466747 -0.6675 0.3391
467465 -1.068 0.2558
467466 -1.0665 0.2561
467467 -1.0642 0.2565
467614 -1.061 0.2571
467615 -1.061 0.2571
467616 -0.7494 0.321
467617 -0.7494 0.321
468030 -1.6981 0.1547
468038 -1.0571 0.2579
468039 -1.0575 0.2578
468040 -1.0451 0.2602
468041 -1.0451 0.2602
468042 -1.0444 0.2603
468043 -1.0444 0.2603
468096 -3.2657 0.0368
468102 -1.0511 0.259
468103 -1.0494 0.2593
468108 -1.072 0.255
468109 -1.0874 0.2521
468110 -1.0494 0.2593
468111 -1.072 0.255
468312 -1.065 0.2563
468330 -2.6193 0.0679
468412 -2.9444 0.05
468452 -2.1419 0.1051
468464 -0.9315 0.2826
468465 -0.9315 0.2826
468488 -0.2007 0.45
468489 -0.2007 0.45
468623 -0.9797 0.2729
468624 -0.9775 0.2734
468757 -0.4776 0.3828
468758 -0.4776 0.3828
468764 -0.9626 0.2764
468800 -0.8069 0.3085
468801 -0.8649 0.2963
468802 -0.8528 0.2988
468803 -0.8649 0.2963
468804 -0.8462 0.3002
468805 -0.8528 0.2988
468806 -0.8397 0.3016
468807 -0.8462 0.3002
468905 -0.9809 0.2727
468907 -0.9809 0.2727
468908 -0.9993 0.2691
468964 -1.0332 0.2625
468965 -1.0332 0.2625
468975 -2.5942 0.0695
468981 -2.6637 0.0652
469134 -3.8918 0.02
469138 -1.0533 0.2586
469273 -0.7629 0.318
469274 -0.7629 0.318
469275 -0.8422 0.3011
469276 -0.8422 0.3011
469277 -0.9394 0.281
469278 -0.8789 0.2934
469279 -1.0671 0.2559
469280 -0.9394 0.281
469281 -1.0767 0.2541
469282 -1.0671 0.2559
469283 -0.8935 0.2904
469284 -1.0315 0.2628
469285 -0.7803 0.3142
469286 -0.8935 0.2904
469287 -0.7198 0.3274
469288 -0.7803 0.3142
469289 -0.984 0.2721
469290 -0.9852 0.2719
469291 -0.9993 0.2691
469292 -0.984 0.2721
469293 -1.0315 0.2628
469294 -0.9993 0.2691
469295 -0.9852 0.2719
469311 -1.0063 0.2677
469312 -1.0063 0.2677
469313 -0.9852 0.2719
469314 -0.9866 0.2716
469327 -0.7855 0.3131
469328 -0.7855 0.3131
469329 -0.6899 0.3341
469330 -0.6899 0.3341
469331 -0.8152 0.3068
469332 -0.732 0.3248
469360 -0.7253 0.3262
469361 -0.7253 0.3262
469448 -3.3055 0.0354
469515 -2.9355 0.0504
469545 -1.8639 0.1342
469580 -1.0982 0.2501
469581 -1.0537 0.2585
469582 -1.0511 0.259
469583 -3.8918 0.02
469605 -0.8794 0.2933
469606 -0.9462 0.2796
469607 -0.5594 0.3637
469608 -0.5594 0.3637
469609 -0.5709 0.361
469610 -0.5709 0.361
469641 -1.2691 0.2194
470048 -2.4508 0.0794
470149 -1.0709 0.2552
470209 -3.0531 0.0451
470282 -0.9673 0.2754
470283 -0.9673 0.2754
470284 -0.9902 0.2709
470285 -0.9902 0.2709
470522 -3.0567 0.0449
470612 -2.5996 0.0692
470919 -1.5002 0.1824
470923 -1.1369 0.2429
470979 -0.2007 0.45
470980 -0.2007 0.45
471151 -0.9916 0.2706
471152 -1.0081 0.2674
471153 -0.9813 0.2726
471154 -0.9741 0.2741